timestamp,x,y,z,r,flaps,aux1,aux2,aux3,aux4,aux5,mode_switch,return_switch,rattitude_switch,posctl_switch,loiter_switch,acro_switch,offboard_switch,kill_switch,arm_switch,transition_switch,gear_switch,mode_slot,data_source,stab_switch,man_switch
633701146,-1.0,-1.0,0.0,1.0,0.0,0.0,0.0,0.0,0.0,0.0,0,3,0,0,0,0,0,3,0,0,0,0,1,0,0
633905142,-1.0,-1.0,2.4509139e-29,1.0,0.0,0.0,0.0,0.0,0.0,0.0,0,3,0,0,0,0,0,3,0,0,0,0,1,0,0
634105120,-1.0,-0.791813,0.0,0.950814,0.0,0.0,0.0,0.0,0.0,0.0,0,3,0,0,0,0,0,3,0,0,0,0,1,0,0
634318973,-1.0,-0.39946225,0.0,0.5945032,0.0,0.0,0.0,0.0,0.0,0.0,0,3,0,0,0,0,0,3,0,0,0,0,1,0,0
634510782,-1.0,-0.14864266,2.098645e-39,0.099570654,0.0,0.0,0.0,0.0,0.0,0.0,0,3,0,0,0,0,0,3,0,0,0,0,1,0,0
634708270,-1.0,-0.025346797,2.31e-43,-4.0169725e-05,0.0,0.0,0.0,0.0,0.0,0.0,0,3,0,0,0,0,0,3,0,0,0,0,1,0,0
634932427,-0.99392444,-1.7769291e-05,0.0,-0.009003215,0.0,0.0,0.0,0.0,0.0,0.0,0,3,0,0,0,0,0,3,0,0,0,0,1,0,0
635112333,-0.6471618,2.2268962e-08,0.0,-0.036436234,0.0,0.0,0.0,0.0,0.0,0.0,0,3,0,0,0,0,0,3,0,0,0,0,1,0,0
635337952,0.0056636645,-1.7827169e-12,0.0,-1.3649483e-05,0.0,0.0,0.0,0.0,0.0,0.0,0,3,0,0,0,0,0,3,0,0,0,0,1,0,0
635533953,-2.6674313e-06,-2.9579648e-15,0.0,-1.0505762e-08,0.0,0.0,0.0,0.0,0.0,0.0,0,3,0,0,0,0,0,3,0,0,0,0,1,0,0
635737932,-6.984481e-11,3.3355653e-18,0.0,1.4944374e-11,0.0,0.0,0.0,0.0,0.0,0.0,0,3,0,0,0,0,0,3,0,0,0,0,1,0,0
635938977,1.1900139e-12,-1.6584051e-21,0.0,-8.592858e-15,0.0,0.0,0.0,0.0,0.0,0.0,0,3,0,0,0,0,0,3,0,0,0,0,1,0,0
636134747,-1.0087845e-15,3.5165666e-26,0.042872455,1.1720542e-18,0.0,0.0,0.0,0.0,0.0,0.0,0,3,0,0,0,0,0,3,0,0,0,0,1,0,0
636334969,3.7650726e-19,6.7128596e-28,0.09917803,2.6145073e-21,0.0,0.0,0.0,0.0,0.0,0.0,0,3,0,0,0,0,0,3,0,0,0,0,1,0,0
636555621,1.8675791e-22,-9.2554093e-32,0.19001725,-6.0067473e-25,0.0,0.0,0.0,0.0,0.0,0.0,0,3,0,0,0,0,0,3,0,0,0,0,1,0,0
636751563,-9.975035e-26,-8.02652e-35,0.2599704,-2.5753273e-28,0.0,0.0,0.0,0.0,0.0,0.0,0,3,0,0,0,0,0,3,0,0,0,0,1,0,0
636951599,7.986418e-30,1.0921183e-37,0.3323903,4.789642e-31,0.0,0.0,0.0,0.0,0.0,0.0,0,3,0,0,0,0,0,3,0,0,0,0,1,0,0
637161386,3.525378e-32,-6.132e-41,0.38427728,-3.0891243e-34,0.0,0.0,0.0,0.0,0.0,0.0,0,3,0,0,0,0,0,3,0,0,0,0,1,0,0
637361148,-3.4141223e-35,8e-45,0.42680484,6.6806024e-38,0.0,0.0,0.0,0.0,0.0,0.0,0,3,0,0,0,0,0,3,0,0,0,0,1,0,0
637565188,1.4867751e-38,0.0,0.48425055,7.2465e-41,0.0,0.0,0.0,0.0,0.0,0.0,0,3,0,0,0,0,0,3,0,0,0,0,1,0,0
637766827,1.478e-42,0.0,0.53150463,-9.1e-44,0.0,0.0,0.0,0.0,0.0,0.0,0,3,0,0,0,0,0,3,0,0,0,0,1,0,0
637970760,-7e-45,0.0,0.54952526,0.0,0.0,0.0,0.0,0.0,0.0,0.0,0,3,0,0,0,0,0,3,0,0,0,0,1,0,0
638170791,0.0,0.0,0.5493974,0.0,0.0,0.0,0.0,0.0,0.0,0.0,0,3,0,0,0,0,0,3,0,0,0,0,1,0,0
638371615,0.0,0.0,0.5493976,0.0,0.0,0.0,0.0,0.0,0.0,0.0,0,3,0,0,0,0,0,3,0,0,0,0,1,0,0
638567625,0.0,0.0,0.5493976,0.0,0.0,0.0,0.0,0.0,0.0,0.0,0,3,0,0,0,0,0,3,0,0,0,0,1,0,0
638783550,0.0,0.0,0.54914874,0.0,0.0,0.0,0.0,0.0,0.0,0.0,0,3,0,0,0,0,0,3,0,0,0,0,1,0,0
638989136,0.0,0.0,0.0,0.0,0.0,0.0,0.0,0.0,0.0,0.0,0,3,0,0,0,0,0,3,0,0,0,0,1,0,0
639169146,0.0,0.0,0.0,0.0,0.0,0.0,0.0,0.0,0.0,0.0,0,3,0,0,0,0,0,3,0,0,0,0,1,0,0
639369138,0.0,0.0,0.0,0.0,0.0,0.0,0.0,0.0,0.0,0.0,0,3,0,0,0,0,0,3,0,0,0,0,1,0,0
639570772,0.0,0.0,1.2360944e-11,0.0,0.0,0.0,0.0,0.0,0.0,0.0,0,3,0,0,0,0,0,3,0,0,0,0,1,0,0
639774745,0.0,0.0,0.0,0.0,0.0,0.0,0.0,0.0,0.0,0.0,0,3,0,0,0,0,0,3,0,0,0,0,1,0,0
639992323,0.0,0.0,0.0,0.0,0.0,0.0,0.0,0.0,0.0,0.0,0,3,0,0,0,0,0,3,0,0,0,0,1,0,0
640188342,0.0,0.0,1.4277936e-21,0.0,0.0,0.0,0.0,0.0,0.0,0.0,0,3,0,0,0,0,0,3,0,0,0,0,1,0,0
640392321,0.0,0.0,0.0,0.0,0.0,0.0,0.0,0.0,0.0,0.0,0,3,0,0,0,0,0,3,0,0,0,0,1,0,0
640581929,0.0,0.0,0.0,0.0,0.0,0.0,0.0,0.0,0.0,0.0,0,3,0,0,0,0,0,3,0,0,0,0,1,0,0
640790150,0.0,0.0,4.0340653e-31,0.0,0.0,0.0,0.0,0.0,0.0,0.0,0,3,0,0,0,0,0,3,0,0,0,0,1,0,0
640993924,0.0,0.0,0.0,0.0,0.0,0.0,0.0,0.0,0.0,0.0,0,3,0,0,0,0,0,3,0,0,0,0,1,0,0
641195527,0.0,0.0,0.06813207,0.0,0.0,0.0,0.0,0.0,0.0,0.0,0,3,0,0,0,0,0,3,0,0,0,0,1,0,0
641391496,0.0,0.0,0.11492664,0.0,0.0,0.0,0.0,0.0,0.0,0.0,0,3,0,0,0,0,0,3,0,0,0,0,1,0,0
641605144,0.0,0.0,0.17901812,0.0,0.0,0.0,0.0,0.0,0.0,0.0,0,3,0,0,0,0,0,3,0,0,0,0,1,0,0
641801127,0.0,0.0,0.17951839,0.0,0.0,0.0,0.0,0.0,0.0,0.0,0,3,0,0,0,0,0,3,0,0,0,0,1,0,0
642013450,0.0,0.0,0.17951809,0.0,0.0,0.0,0.0,0.0,0.0,0.0,0,3,0,0,0,0,0,3,0,0,0,0,1,0,0
642214755,0.0,0.0,0.20695253,0.0,0.0,0.0,0.0,0.0,0.0,0.0,0,3,0,0,0,0,0,3,0,0,0,0,1,0,0
642414775,0.0,0.0,0.22721268,0.0,0.0,0.0,0.0,0.0,0.0,0.0,0,3,0,0,0,0,0,3,0,0,0,0,1,0,0
642624342,0.0,0.0,0.2289167,0.0,0.0,0.0,0.0,0.0,0.0,0.0,0,3,0,0,0,0,0,3,0,0,0,0,1,0,0
642824348,0.0,0.0,0.22891565,0.0,0.0,0.0,0.0,0.0,0.0,0.0,0,3,0,0,0,0,0,3,0,0,0,0,1,0,0
643020325,0.0,0.0,0.22891565,0.0,0.0,0.0,0.0,0.0,0.0,0.0,0,3,0,0,0,0,0,3,0,0,0,0,1,0,0
643217967,0.0,0.0,0.22891565,0.0,0.0,0.0,0.0,0.0,0.0,0.0,0,3,0,0,0,0,0,3,0,0,0,0,1,0,0
643417958,0.0,0.0,0.22891565,0.0,0.0,0.0,0.0,0.0,0.0,0.0,0,3,0,0,0,0,0,3,0,0,0,0,1,0,0
643625899,0.0,0.0,0.18980762,0.0,0.0,0.0,0.0,0.0,0.0,0.0,0,3,0,0,0,0,0,3,0,0,0,0,1,0,0
643842817,0.0,0.0,0.0,0.0,0.0,0.0,0.0,0.0,0.0,0.0,0,3,0,0,0,0,0,3,0,0,0,0,1,0,0
644026966,0.0,0.0,1.4120043e-06,0.0,0.0,0.0,0.0,0.0,0.0,0.0,0,3,0,0,0,0,0,3,0,0,0,0,1,0,0
644226731,-0.072242744,0.0020153378,1.5468922e-10,0.0,0.0,0.0,0.0,0.0,0.0,0.0,0,3,0,0,0,0,0,3,0,0,0,0,1,0,0
644436376,-0.94408315,0.1317208,0.0,-0.10203298,0.0,0.0,0.0,0.0,0.0,0.0,0,3,0,0,0,0,0,3,0,0,0,0,1,0,0
644632343,-1.0,0.13588421,5.7379595e-16,-0.34815338,0.0,0.0,0.0,0.0,0.0,0.0,0,3,0,0,0,0,0,3,0,0,0,0,1,0,0
644856569,-1.0,0.11843067,9.7876275e-20,-0.26550797,0.0,0.0,0.0,0.0,0.0,0.0,0,3,0,0,0,0,0,3,0,0,0,0,1,0,0
645041967,-0.96024126,0.07468238,0.0,-0.04651548,0.0,0.0,0.0,0.0,0.0,0.0,0,3,0,0,0,0,0,3,0,0,0,0,1,0,0
645257954,-0.30621195,-4.495953e-05,0.0,6.976437e-06,0.0,0.0,0.0,0.0,0.0,0.0,0,3,0,0,0,0,0,3,0,0,0,0,1,0,0
645458793,0.0043016463,2.7278517e-08,1.8569278e-29,2.3507303e-09,0.0,0.0,0.0,0.0,0.0,0.0,0,3,0,0,0,0,0,3,0,0,0,0,1,0,0
645658741,-3.9748365e-06,-4.7714398e-12,0.0,-5.0041195e-12,0.0,0.0,0.0,0.0,0.0,0.0,0,3,0,0,0,0,0,3,0,0,0,0,1,0,0
645866741,1.647448e-09,-7.383125e-15,0.09769767,3.3713347e-15,0.0,0.0,0.0,0.0,0.0,0.0,0,3,0,0,0,0,0,3,0,0,0,0,1,0,0
646066729,2.4498597e-13,8.461812e-18,0.15123722,-8.2351936e-19,0.0,0.0,0.0,0.0,0.0,0.0,0,3,0,0,0,0,0,3,0,0,0,0,1,0,0
646268350,-9.110948e-16,-4.258236e-21,0.21710274,-7.084557e-22,0.0,0.0,0.0,0.0,0.0,0.0,0,3,0,0,0,0,0,3,0,0,0,0,1,0,0
646472568,6.912794e-19,1.3381435e-25,0.26871282,9.667434e-25,0.0,0.0,0.0,0.0,0.0,0.0,0,3,0,0,0,0,0,3,0,0,0,0,1,0,0
646673144,-2.175286e-22,1.6856671e-27,0.31082812,-5.4365825e-28,0.0,0.0,0.0,0.0,0.0,0.0,0,3,0,0,0,0,0,3,0,0,0,0,1,0,0
646865203,-1.0279984e-25,-1.5274722e-30,0.35652697,6.516657e-32,0.0,0.0,0.0,0.0,0.0,0.0,0,3,0,0,0,0,0,3,0,0,0,0,1,0,0
647069142,1.8177367e-28,6.192887e-34,0.36988065,1.7325852e-34,0.0,0.0,0.0,0.0,0.0,0.0,0,3,0,0,0,0,0,3,0,0,0,0,1,0,0
647281213,1.0025745e-33,2.76599e-37,0.39522687,-3.6904145e-38,0.0,0.0,0.0,0.0,0.0,0.0,0,3,0,0,0,0,0,3,0,0,0,0,1,0,0
647486780,-2.7711728e-35,-1.57059e-40,0.43224403,-1.773e-41,0.0,0.0,0.0,0.0,0.0,0.0,0,3,0,0,0,0,0,3,0,0,0,0,1,0,0
647682783,2.3755543e-38,1.8e-44,0.44363472,3.2e-44,0.0,0.0,0.0,0.0,0.0,0.0,0,3,0,0,0,0,0,3,0,0,0,0,1,0,0
647883592,-8.998e-42,0.0,0.46447596,0.0,0.0,0.0,0.0,0.0,0.0,0.0,0,3,0,0,0,0,0,3,0,0,0,0,1,0,0
648083572,-1e-45,0.0,0.47950998,0.0,0.0,0.0,0.0,0.0,0.0,0.0,0,3,0,0,0,0,0,3,0,0,0,0,1,0,0
648283560,0.0,0.0,0.5000799,0.0,0.0,0.0,0.0,0.0,0.0,0.0,0,3,0,0,0,0,0,3,0,0,0,0,1,0,0
648479563,0.0,0.0,0.51334375,0.0,0.0,0.0,0.0,0.0,0.0,0.0,0,3,0,0,0,0,0,3,0,0,0,0,1,0,0
648701169,0.0,0.0,0.51325303,0.0,0.0,0.0,0.0,0.0,0.0,0.0,0,3,0,0,0,0,0,3,0,0,0,0,1,0,0
648901119,0.0,0.0,0.51325303,0.0,0.0,0.0,0.0,0.0,0.0,0.0,0,3,0,0,0,0,0,3,0,0,0,0,1,0,0
649102787,0.0,0.0,0.52869916,0.0,0.0,0.0,0.0,0.0,0.0,0.0,0,3,0,0,0,0,0,3,0,0,0,0,1,0,0
649302782,0.0,0.0,0.5322548,0.0,0.0,0.0,0.0,0.0,0.0,0.0,0,3,0,0,0,0,0,3,0,0,0,0,1,0,0
649506711,0.0,0.0,0.5750589,0.0,0.0,0.0,0.0,0.0,0.0,0.0,0,3,0,0,0,0,0,3,0,0,0,0,1,0,0
649703546,0.0,0.0,0.6183015,0.0,0.0,0.0,0.0,0.0,0.0,0.0,0,3,0,0,0,0,0,3,0,0,0,0,1,0,0
649903554,0.0,0.0,0.6405764,0.0,0.0,0.0,0.0,0.0,0.0,0.0,0,3,0,0,0,0,0,3,0,0,0,0,1,0,0
650111558,0.0,0.0,0.66965955,0.0,0.0,0.0,0.0,0.0,0.0,0.0,0,3,0,0,0,0,0,3,0,0,0,0,1,0,0
650311517,0.0,0.0,0.677185,0.0,0.0,0.0,0.0,0.0,0.0,0.0,0,3,0,0,0,0,0,3,0,0,0,0,1,0,0
650513142,0.0,0.0,0.6806808,0.0,0.0,0.0,0.0,0.0,0.0,0.0,0,3,0,0,0,0,0,3,0,0,0,0,1,0,0
650713214,0.0,-0.061309114,0.60171276,0.0,0.0,0.0,0.0,0.0,0.0,0.0,0,3,0,0,0,0,0,3,0,0,0,0,1,0,0
650910774,0.0,0.00076535187,0.62809813,0.0,0.0,0.0,0.0,0.0,0.0,0.0,0,3,0,0,0,0,0,3,0,0,0,0,1,0,0
651110785,0.0,-3.4415189e-07,0.6277104,0.0,0.0,0.0,0.0,0.0,0.0,0.0,0,3,0,0,0,0,0,3,0,0,0,0,1,0,0
651310755,0.0,-2.3667958e-11,0.6277109,0.0,0.0,0.0,0.0,0.0,0.0,0.0,0,3,0,0,0,0,0,3,0,0,0,0,1,0,0
651532363,0.0,8.2837274e-14,0.6277109,-0.13217789,0.0,0.0,0.0,0.0,0.0,0.0,0,3,0,0,0,0,0,3,0,0,0,0,1,0,0
651712349,0.0,-1.351082e-16,0.62519747,-0.18681273,0.0,0.0,0.0,0.0,0.0,0.0,0,3,0,0,0,0,0,3,0,0,0,0,1,0,0
651933249,0.0,-2.1610397e-20,0.62530124,-0.00032305712,0.0,0.0,0.0,0.0,0.0,0.0,0,3,0,0,0,0,0,3,0,0,0,0,1,0,0
652137158,0.0,2.5382302e-23,0.6253012,1.0396764e-07,0.0,0.0,0.0,0.0,0.0,0.0,0,3,0,0,0,0,0,3,0,0,0,0,1,0,0
652333142,0.0,-1.3000115e-26,0.6253012,4.6026533e-11,0.0,0.0,0.0,0.0,0.0,0.0,0,3,0,0,0,0,0,3,0,0,0,0,1,0,0
652533130,0.0,5.9944687e-31,0.6253012,-8.416795e-14,0.0,0.0,0.0,0.0,0.0,0.0,0,3,0,0,0,0,0,3,0,0,0,0,1,0,0
652746777,0.0,2.9413638e-33,0.6253012,-9.907242e-20,0.0,0.0,0.0,0.0,0.0,0.0,0,3,0,0,0,0,0,3,0,0,0,0,1,0,0
652926761,0.0,-4.598727e-36,0.6253012,-1.1455176e-20,0.0,0.0,0.0,0.0,0.0,0.0,0,3,0,0,0,0,0,3,0,0,0,0,1,0,0
653148336,0.0,-5.77395e-40,0.6253012,-1.1081197e-23,0.0,0.0,0.0,0.0,0.0,0.0,0,3,0,0,0,0,0,3,0,0,0,0,1,0,0
653344421,0.0,8.25e-43,0.6253012,4.2730153e-27,0.0,0.0,0.0,0.0,0.0,0.0,0,3,0,0,0,0,0,3,0,0,0,0,1,0,0
653544305,0.0,0.0,0.6253012,9.620236e-31,0.0,0.0,0.0,0.0,0.0,0.0,0,3,0,0,0,0,0,3,0,0,0,0,1,0,0
653745371,0.0,0.0,0.6253012,-2.6480975e-33,0.0,0.0,0.0,0.0,0.0,0.0,0,3,0,0,0,0,0,3,0,0,0,0,1,0,0
653941138,0.0,0.0,0.623559,1.903396e-36,0.0,0.0,0.0,0.0,0.0,0.0,0,3,0,0,0,0,0,3,0,0,0,0,1,0,0
654161144,0.0,0.0,0.58181393,3.75207e-40,0.0,0.0,0.0,0.0,0.0,0.0,0,3,0,0,0,0,0,3,0,0,0,0,1,0,0
654353984,0.0,0.0,0.5819278,-3.74e-43,0.0,0.0,0.0,0.0,0.0,0.0,0,3,0,0,0,0,0,3,0,0,0,0,1,0,0
654570794,0.0,0.0,0.5819277,0.0,0.0,0.0,0.0,0.0,0.0,0.0,0,3,0,0,0,0,0,3,0,0,0,0,1,0,0
654762747,0.0,0.0,0.5819277,0.0,0.0,0.0,0.0,0.0,0.0,0.0,0,3,0,0,0,0,0,3,0,0,0,0,1,0,0
654959587,0.0,0.0,0.5819277,0.0,0.0,0.0,0.0,0.0,0.0,0.0,0,3,0,0,0,0,0,3,0,0,0,3,1,0,0
655175551,0.0,0.0,0.5819277,0.0,0.0,0.0,0.0,0.0,0.0,0.0,0,3,0,0,0,0,0,3,0,0,0,3,1,0,0
655375523,0.0,0.0,0.5819277,0.0,0.0,0.0,0.0,0.0,0.0,0.0,0,3,0,0,0,0,0,3,0,0,0,3,1,0,0
655575525,0.0,0.0,0.5819277,0.0,0.0,0.0,0.0,0.0,0.0,0.0,0,3,0,0,0,0,0,3,0,0,0,3,1,0,0
655769094,0.0,0.0,0.5819277,0.0,0.0,0.0,0.0,0.0,0.0,0.0,0,3,0,0,0,0,0,3,0,0,0,3,1,0,0
655969164,0.0,0.0,0.5819277,0.0,0.0,0.0,0.0,0.0,0.0,0.0,0,3,0,0,0,0,0,3,0,0,0,3,1,0,0
656186740,0.0,0.0,0.5819277,0.0,0.0,0.0,0.0,0.0,0.0,0.0,0,3,0,0,0,0,0,3,0,0,0,3,1,0,0
656379093,0.0,0.0,0.5819277,0.0,0.0,0.0,0.0,0.0,0.0,0.0,0,3,0,0,0,0,0,3,0,0,0,3,1,0,0
656578715,0.0,0.0,0.5819277,0.0,0.0,0.0,0.0,0.0,0.0,0.0,0,3,0,0,0,0,0,3,0,0,0,3,1,0,0
656779633,0.0,0.0,0.5819277,0.0,0.0,0.0,0.0,0.0,0.0,0.0,0,3,0,0,0,0,0,3,0,0,0,3,1,0,0
656999611,0.0,0.0,0.5819277,0.0,0.0,0.0,0.0,0.0,0.0,0.0,0,3,0,0,0,0,0,3,0,0,0,5,1,0,0
657187548,0.0,0.0,0.5819277,0.0,0.0,0.0,0.0,0.0,0.0,0.0,0,3,0,0,0,0,0,3,0,0,0,5,1,0,0
657405117,0.0,0.0,0.5819277,0.0,0.0,0.0,0.0,0.0,0.0,0.0,0,3,0,0,0,0,0,3,0,0,0,5,1,0,0
657601381,0.0,0.0,0.5819277,0.0,0.0,0.0,0.0,0.0,0.0,0.0,0,3,0,0,0,0,0,3,0,0,0,5,1,0,0
657805125,0.0,0.0,0.5819277,0.0,0.0,0.0,0.0,0.0,0.0,0.0,0,3,0,0,0,0,0,3,0,0,0,5,1,0,0
658002786,0.0,0.0,0.5819277,0.0,0.0,0.0,0.0,0.0,0.0,0.0,0,3,0,0,0,0,0,3,0,0,0,5,1,0,0
658218728,0.0,0.0,0.5819277,0.0,0.0,0.0,0.0,0.0,0.0,0.0,0,3,0,0,0,0,0,3,0,0,0,5,1,0,0
658416334,0.0,0.0,0.5819277,0.0,0.0,0.0,0.0,0.0,0.0,0.0,0,3,0,0,0,0,0,3,0,0,0,5,1,0,0
658616346,0.0,0.0,0.5819277,0.0,0.0,0.0,0.0,0.0,0.0,0.0,0,3,0,0,0,0,0,3,0,0,0,5,1,0,0
658816323,0.0,0.0,0.5819277,0.0,0.0,0.0,0.0,0.0,0.0,0.0,0,3,0,0,0,0,0,3,0,0,0,5,1,0,0
659013233,0.0,0.0,0.5819277,0.0,0.0,0.0,0.0,0.0,0.0,0.0,0,3,0,0,0,0,0,3,0,0,0,5,1,0,0
659213242,0.0,0.0,0.5819277,0.0,0.0,0.0,0.0,0.0,0.0,0.0,0,3,0,0,0,0,0,3,0,0,0,5,1,0,0
659413179,0.0,0.0,0.5819277,0.0,0.0,0.0,0.0,0.0,0.0,0.0,0,3,0,0,0,0,0,3,0,0,0,5,1,0,0
659613151,0.0,0.0,0.5819277,0.0,0.0,0.0,0.0,0.0,0.0,0.0,0,3,0,0,0,0,0,3,0,0,0,5,1,0,0
659826754,0.0,0.0,0.5819277,0.0,0.0,0.0,0.0,0.0,0.0,0.0,0,3,0,0,0,0,0,3,0,0,0,5,1,0,0
660026727,0.0,0.0,0.5541137,0.0,0.0,0.0,0.0,0.0,0.0,0.0,0,3,0,0,0,0,0,3,0,0,0,5,1,0,0
660228606,0.0,0.0,0.5072721,0.0,0.0,0.0,0.0,0.0,0.0,0.0,0,3,0,0,0,0,0,3,0,0,0,5,1,0,0
660432344,0.0,0.0,0.5072292,0.0,0.0,0.0,0.0,0.0,0.0,0.0,0,3,0,0,0,0,0,3,0,0,0,5,1,0,0
660624570,0.0,0.0,0.5072289,0.0,0.0,0.0,0.0,0.0,0.0,0.0,0,3,0,0,0,0,0,3,0,0,0,5,1,0,0
660825130,0.0,0.0,0.5072289,0.0,0.0,0.0,0.0,0.0,0.0,0.0,0,3,0,0,0,0,0,3,0,0,0,5,1,0,0
661029222,0.0,0.0,0.5072289,0.0,0.0,0.0,0.0,0.0,0.0,0.0,0,3,0,0,0,0,0,3,0,0,0,5,1,0,0
661237455,0.0,0.0,0.5072289,0.0,0.0,0.0,0.0,0.0,0.0,0.0,0,3,0,0,0,0,0,3,0,0,0,5,1,0,0
661442773,0.0,0.0,0.5072289,0.0,0.0,0.0,0.0,0.0,0.0,0.0,0,3,0,0,0,0,0,3,0,0,0,5,1,0,0
661634996,0.0,0.0,0.5072289,0.0,0.0,0.0,0.0,0.0,0.0,0.0,0,3,0,0,0,0,0,3,0,0,0,5,1,0,0
661838743,0.0,0.0,0.5072289,0.0,0.0,0.0,0.0,0.0,0.0,0.0,0,3,0,0,0,0,0,3,0,0,0,5,1,0,0
662055519,0.0,0.0,0.5072289,0.0,0.0,0.0,0.0,0.0,0.0,0.0,0,3,0,0,0,0,0,3,0,0,0,5,1,0,0
662243547,0.0,0.0,0.5072289,0.0,0.0,0.0,0.0,0.0,0.0,0.0,0,3,0,0,0,0,0,3,0,0,0,5,1,0,0
662455539,0.0,0.0,0.5072289,0.0,0.0,0.0,0.0,0.0,0.0,0.0,0,3,0,0,0,0,0,3,0,0,0,5,1,0,0
662656355,0.0,0.0,0.5072289,0.0,0.0,0.0,0.0,0.0,0.0,0.0,0,3,0,0,0,0,0,3,0,0,0,5,1,0,0
662848358,0.0,0.0,0.5072289,0.0,0.0,0.0,0.0,0.0,0.0,0.0,0,3,0,0,0,0,0,3,0,0,0,5,1,0,0
663068350,0.0,0.0,0.5072289,0.0,0.0,0.0,0.0,0.0,0.0,0.0,0,3,0,0,0,0,0,3,0,0,0,5,1,0,0
663248333,0.0,0.0,0.5072289,0.0,0.0,0.0,0.0,0.0,0.0,0.0,0,3,0,0,0,0,0,3,0,0,0,5,1,0,0
663470173,0.0,0.0,0.5072289,0.0,0.0,0.0,0.0,0.0,0.0,0.0,0,3,0,0,0,0,0,3,0,0,0,5,1,0,0
663673925,0.0,0.0,0.5072289,0.0,0.0,0.0,0.0,0.0,0.0,0.0,0,3,0,0,0,0,0,3,0,0,0,5,1,0,0
663875546,0.0,0.0,0.5072289,0.0,0.0,0.0,0.0,0.0,0.0,0.0,0,3,0,0,0,0,0,3,0,0,0,5,1,0,0
664079545,0.0,0.0,0.5072289,0.0,0.0,0.0,0.0,0.0,0.0,0.0,0,3,0,0,0,0,0,3,0,0,0,5,1,0,0
664259530,0.0,0.0,0.5072289,0.0,0.0,0.0,0.0,0.0,0.0,0.0,0,3,0,0,0,0,0,3,0,0,0,5,1,0,0
664465184,0.0,0.0,0.5072289,0.0,0.0,0.0,0.0,0.0,0.0,0.0,0,3,0,0,0,0,0,3,0,0,0,5,1,0,0
664665152,0.0,0.0,0.5072289,0.0,0.0,0.0,0.0,0.0,0.0,0.0,0,3,0,0,0,0,0,3,0,0,0,5,1,0,0
664885975,0.0,0.0,0.5072289,0.0,0.0,0.0,0.0,0.0,0.0,0.0,0,3,0,0,0,0,0,3,0,0,0,5,1,0,0
665082772,0.0,0.0,0.5072289,0.0,0.0,0.0,0.0,0.0,0.0,0.0,0,3,0,0,0,0,0,3,0,0,0,5,1,0,0
665282772,0.0,0.0,0.5072289,0.0,0.0,0.0,0.0,0.0,0.0,0.0,0,3,0,0,0,0,0,3,0,0,0,5,1,0,0
665496328,0.0,0.0,0.5072289,0.0,0.0,0.0,0.0,0.0,0.0,0.0,0,3,0,0,0,0,0,3,0,0,0,5,1,0,0
665696354,0.0,0.0,0.5072289,0.0,0.0,0.0,0.0,0.0,0.0,0.0,0,3,0,0,0,0,0,3,0,0,0,5,1,0,0
665892310,0.0,0.0,0.5072289,0.0,0.0,0.0,0.0,0.0,0.0,0.0,0,3,0,0,0,0,0,3,0,0,0,5,1,0,0
666093171,0.0,0.0,0.5072289,0.0,0.0,0.0,0.0,0.0,0.0,0.0,0,3,0,0,0,0,0,3,0,0,0,5,1,0,0
666289148,0.0,0.0,0.5072289,0.0,0.0,0.0,0.0,0.0,0.0,0.0,0,3,0,0,0,0,0,3,0,0,0,5,1,0,0
666513131,0.0,0.0,0.5072289,0.0,0.0,0.0,0.0,0.0,0.0,0.0,0,3,0,0,0,0,0,3,0,0,0,5,1,0,0
666710746,0.0,0.0,0.5072289,0.0,0.0,0.0,0.0,0.0,0.0,0.0,0,3,0,0,0,0,0,3,0,0,0,5,1,0,0
666906751,0.0,0.0,0.5072289,0.0,0.0,0.0,0.0,0.0,0.0,0.0,0,3,0,0,0,0,0,3,0,0,0,5,1,0,0
667110722,0.0,0.0,0.5072289,0.0,0.0,0.0,0.0,0.0,0.0,0.0,0,3,0,0,0,0,0,3,0,0,0,5,1,0,0
667312348,0.0,0.0,0.5072289,0.0,0.0,0.0,0.0,0.0,0.0,0.0,0,3,0,0,0,0,0,3,0,0,0,5,1,0,0
667516322,0.0,0.0,0.5072289,0.0,0.0,0.0,0.0,0.0,0.0,0.0,0,3,0,0,0,0,0,3,0,0,0,5,1,0,0
667717376,0.0,0.0,0.5072289,0.0,0.0,0.0,0.0,0.0,0.0,0.0,0,3,0,0,0,0,0,3,0,0,0,5,1,0,0
667917166,0.0,0.0,0.5072289,0.0,0.0,0.0,0.0,0.0,0.0,0.0,0,3,0,0,0,0,0,3,0,0,0,5,1,0,0
668113472,0.0,0.0,0.5072289,0.0,0.0,0.0,0.0,0.0,0.0,0.0,0,3,0,0,0,0,0,3,0,0,0,5,1,0,0
668325205,0.0,0.0,0.5072289,0.0,0.0,0.0,0.0,0.0,0.0,0.0,0,3,0,0,0,0,0,3,0,0,0,5,1,0,0
668534747,0.0,0.0,0.5072289,0.0,0.0,0.0,0.0,0.0,0.0,0.0,0,3,0,0,0,0,0,3,0,0,0,5,1,0,0
668734780,0.0,0.0,0.5072289,0.0,0.0,0.0,0.0,0.0,0.0,0.0,0,3,0,0,0,0,0,3,0,0,0,5,1,0,0
668935524,0.0,0.0,0.5072289,0.0,0.0,0.0,0.0,0.0,0.0,0.0,0,3,0,0,0,0,0,3,0,0,0,5,1,0,0
669139595,0.0,0.0,0.5072289,0.0,0.0,0.0,0.0,0.0,0.0,0.0,0,3,0,0,0,0,0,3,0,0,0,5,1,0,0
669331544,0.0,0.0,0.5072289,0.0,0.0,0.0,0.0,0.0,0.0,0.0,0,3,0,0,0,0,0,3,0,0,0,5,1,0,0
669539522,0.0,0.0,0.5072289,0.0,0.0,0.0,0.0,0.0,0.0,0.0,0,3,0,0,0,0,0,3,0,0,0,5,1,0,0
669753145,0.0,0.0,0.5072289,0.0,0.0,0.0,0.0,0.0,0.0,0.0,0,3,0,0,0,0,0,3,0,0,0,5,1,0,0
669933222,0.0,0.0,0.5072289,0.0,0.0,0.0,0.0,0.0,0.0,0.0,0,3,0,0,0,0,0,3,0,0,0,5,1,0,0
670153945,0.0,0.0,0.5072289,0.0,0.0,0.0,0.0,0.0,0.0,0.0,0,3,0,0,0,0,0,3,0,0,0,5,1,0,0
670354733,0.0,0.0,0.5072289,0.0,0.0,0.0,0.0,0.0,0.0,0.0,0,3,0,0,0,0,0,3,0,0,0,5,1,0,0
670554737,0.0,0.0,0.5072289,0.0,0.0,0.0,0.0,0.0,0.0,0.0,0,3,0,0,0,0,0,3,0,0,0,5,1,0,0
670756346,0.0,0.0,0.5072289,0.0,0.0,0.0,0.0,0.0,0.0,0.0,0,3,0,0,0,0,0,3,0,0,0,5,1,0,0
670956604,0.0,0.0,0.5072289,0.0,0.0,0.0,0.0,0.0,0.0,0.0,0,3,0,0,0,0,0,3,0,0,0,5,1,0,0
671160326,0.0,0.0,0.5072289,0.0,0.0,0.0,0.0,0.0,0.0,0.0,0,3,0,0,0,0,0,3,0,0,0,5,1,0,0
671361945,0.0,0.0,0.5072289,0.0,0.0,0.0,0.0,0.0,0.0,0.0,0,3,0,0,0,0,0,3,0,0,0,5,1,0,0
671557958,0.0,0.0,0.5072289,0.0,0.0,0.0,0.0,0.0,0.0,0.0,0,3,0,0,0,0,0,3,0,0,0,5,1,0,0
671755548,0.0,0.0,0.5072289,0.0,0.0,0.0,0.0,0.0,0.0,0.0,0,3,0,0,0,0,0,3,0,0,0,5,1,0,0
671979560,0.0,0.0,0.5072289,0.0,0.0,0.0,0.0,0.0,0.0,0.0,0,3,0,0,0,0,0,3,0,0,0,5,1,0,0
672171568,0.0,0.0,0.5072289,0.0,0.0,0.0,0.0,0.0,0.0,0.0,0,3,0,0,0,0,0,3,0,0,0,5,1,0,0
672369247,0.0,0.0,0.5072289,0.0,0.0,0.0,0.0,0.0,0.0,0.0,0,3,0,0,0,0,0,3,0,0,0,5,1,0,0
672581143,0.0,0.0,0.5072289,0.0,0.0,0.0,0.0,0.0,0.0,0.0,0,3,0,0,0,0,0,3,0,0,0,5,1,0,0
672789528,0.0,0.0,0.5072289,0.0,0.0,0.0,0.0,0.0,0.0,0.0,0,3,0,0,0,0,0,3,0,0,0,5,1,0,0
672982813,0.0,0.0,0.5072289,0.0,0.0,0.0,0.0,0.0,0.0,0.0,0,3,0,0,0,0,0,3,0,0,0,5,1,0,0
673186728,0.0,0.0,0.5072289,0.0,0.0,0.0,0.0,0.0,0.0,0.0,0,3,0,0,0,0,0,3,0,0,0,5,1,0,0
673392412,0.0,0.0,0.5072289,0.0,0.0,0.0,0.0,0.0,0.0,0.0,0,3,0,0,0,0,0,3,0,0,0,5,1,0,0
673588344,0.0,0.0,0.5072289,0.0,0.0,0.0,0.0,0.0,0.0,0.0,0,3,0,0,0,0,0,3,0,0,0,5,1,0,0
673800325,0.0,0.0,0.5072289,0.0,0.0,0.0,0.0,0.0,0.0,0.0,0,3,0,0,0,0,0,3,0,0,0,5,1,0,0
674005142,0.0,0.0,0.5072289,0.0,0.0,0.0,0.0,0.0,0.0,0.0,0,3,0,0,0,0,0,3,0,0,0,5,1,0,0
674205142,0.0,0.0,0.5072289,0.0,0.0,0.0,0.0,0.0,0.0,0.0,0,3,0,0,0,0,0,3,0,0,0,5,1,0,0
674401176,0.0,0.0,0.5072289,0.0,0.0,0.0,0.0,0.0,0.0,0.0,0,3,0,0,0,0,0,3,0,0,0,5,1,0,0
674606747,0.0,0.0,0.5072289,0.0,0.0,0.0,0.0,0.0,0.0,0.0,0,3,0,0,0,0,0,3,0,0,0,5,1,0,0
674814747,0.0,0.0,0.5072289,0.0,0.0,0.0,0.0,0.0,0.0,0.0,0,3,0,0,0,0,0,3,0,0,0,5,1,0,0
675006749,0.0,0.0,0.5072289,0.0,0.0,0.0,0.0,0.0,0.0,0.0,0,3,0,0,0,0,0,3,0,0,0,5,1,0,0
675215584,0.0,0.0,0.5072289,0.0,0.0,0.0,0.0,0.0,0.0,0.0,0,3,0,0,0,0,0,3,0,0,0,5,1,0,0
675403587,0.0,0.0,0.5072289,0.0,0.0,0.0,0.0,0.0,0.0,0.0,0,3,0,0,0,0,0,3,0,0,0,5,1,0,0
675611535,0.0,0.0,0.5072289,0.0,0.0,0.0,0.0,0.0,0.0,0.0,0,3,0,0,0,0,0,3,0,0,0,5,1,0,0
675809143,0.0,0.0,0.5072289,0.0,0.0,0.0,0.0,0.0,0.0,0.0,0,3,0,0,0,0,0,3,0,0,0,5,1,0,0
676009172,0.0,0.0,0.5072289,0.0,0.0,0.0,0.0,0.0,0.0,0.0,0,3,0,0,0,0,0,3,0,0,0,5,1,0,0
676209373,0.0,0.0,0.5072289,0.0,0.0,0.0,0.0,0.0,0.0,0.0,0,3,0,0,0,0,0,3,0,0,0,5,1,0,0
676410746,0.0,0.0,0.5072289,0.0,0.0,0.0,0.0,0.0,0.0,0.0,0,3,0,0,0,0,0,3,0,0,0,5,1,0,0
676630749,0.0,0.0,0.5072289,0.0,0.0,0.0,0.0,0.0,0.0,0.0,0,3,0,0,0,0,0,3,0,0,0,5,1,0,0
676831568,0.0,0.0,0.5072289,0.0,0.0,0.0,0.0,0.0,0.0,0.0,0,3,0,0,0,0,0,3,0,0,0,5,1,0,0
677027539,0.0,0.0,0.5072289,0.0,0.0,0.0,0.0,0.0,0.0,0.0,0,3,0,0,0,0,0,3,0,0,0,5,1,0,0
677235556,0.0,0.0,0.5072289,0.0,0.0,0.0,0.0,0.0,0.0,0.0,0,3,0,0,0,0,0,3,0,0,0,5,1,0,0
677439523,0.0,0.0,0.5072289,0.0,0.0,0.0,0.0,0.0,0.0,0.0,0,3,0,0,0,0,0,3,0,0,0,5,1,0,0
677633154,0.0,0.0,0.5072289,0.0,0.0,0.0,0.0,0.0,0.0,0.0,0,3,0,0,0,0,0,3,0,0,0,5,1,0,0
677833193,0.0,0.0,0.5072289,0.0,0.0,0.0,0.0,0.0,0.0,0.0,0,3,0,0,0,0,0,3,0,0,0,5,1,0,0
678041121,0.0,0.0,0.5072289,0.0,0.0,0.0,0.0,0.0,0.0,0.0,0,3,0,0,0,0,0,3,0,0,0,5,1,0,0
678246741,0.0,0.0,0.5072289,0.0,0.0,0.0,0.0,0.0,0.0,0.0,0,3,0,0,0,0,0,3,0,0,0,5,1,0,0
678446746,0.0,0.0,0.5072289,0.0,0.0,0.0,0.0,0.0,0.0,0.0,0,3,0,0,0,0,0,3,0,0,0,5,1,0,0
678636348,0.0,0.0,0.5072289,0.0,0.0,0.0,0.0,0.0,0.0,0.0,0,3,0,0,0,0,0,3,0,0,0,5,1,0,0
678860345,0.0,0.0,0.5072289,0.0,0.0,0.0,0.0,0.0,0.0,0.0,0,3,0,0,0,0,0,3,0,0,0,5,1,0,0
679056572,0.0,0.0,0.5072289,0.0,0.0,0.0,0.0,0.0,0.0,0.0,0,3,0,0,0,0,0,3,0,0,0,5,1,0,0
679245151,0.0,0.0,0.5072289,0.0,0.0,0.0,0.0,0.0,0.0,0.0,0,3,0,0,0,0,0,3,0,0,0,5,1,0,0
679449181,0.0,0.0,0.5072289,0.0,0.0,0.0,0.0,0.0,0.0,0.0,0,3,0,0,0,0,0,3,0,0,0,5,1,0,0
679657138,0.0,0.0,0.5072289,0.0,0.0,0.0,0.0,0.0,0.0,0.0,0,3,0,0,0,0,0,3,0,0,0,5,1,0,0
679874741,0.0,0.0,0.5072289,0.0,0.0,0.0,0.0,0.0,0.0,0.0,0,3,0,0,0,0,0,3,0,0,0,5,1,0,0
680070745,0.0,0.0,0.5072289,0.0,0.0,0.0,0.0,0.0,0.0,0.0,0,3,0,0,0,0,0,3,0,0,0,5,1,0,0
680270785,0.0,0.0,0.5072289,0.0,0.0,0.0,0.0,0.0,0.0,0.0,0,3,0,0,0,0,0,3,0,0,0,5,1,0,0
680483600,0.0,0.0,0.5072289,0.0,0.0,0.0,0.0,0.0,0.0,0.0,0,3,0,0,0,0,0,3,0,0,0,5,1,0,0
680683546,0.0,0.0,0.5072289,0.0,0.0,0.0,0.0,0.0,0.0,0.0,0,3,0,0,0,0,0,3,0,0,0,5,1,0,0
680883549,0.0,0.0,0.5072289,0.0,0.0,0.0,0.0,0.0,0.0,0.0,0,3,0,0,0,0,0,3,0,0,0,5,1,0,0
681077474,0.0,0.0,0.5072289,0.029427443,0.0,0.0,0.0,0.0,0.0,0.0,0,3,0,0,0,0,0,3,0,0,0,5,1,0,0
681281123,0.0,0.0,0.5072289,0.042669583,0.0,0.0,0.0,0.0,0.0,0.0,0,3,0,0,0,0,0,3,0,0,0,5,1,0,0
681481143,0.0,0.0,0.5072289,-0.00132749,0.0,0.0,0.0,0.0,0.0,0.0,0,3,0,0,0,0,0,3,0,0,0,5,1,0,0
681682812,0.0,0.0,0.5072289,-0.0029934505,0.0,0.0,0.0,0.0,0.0,0.0,0,3,0,0,0,0,0,3,0,0,0,5,1,0,0
681878753,0.0,0.0,0.5072289,-0.2364611,0.0,0.0,0.0,0.0,0.0,0.0,0,3,0,0,0,0,0,3,0,0,0,5,1,0,0
682083123,0.0,0.0,0.5072289,-0.21266603,0.0,0.0,0.0,0.0,0.0,0.0,0,3,0,0,0,0,0,3,0,0,0,5,1,0,0
682284345,0.0,0.0,0.5072289,0.2227451,0.0,0.0,0.0,0.0,0.0,0.0,0,3,0,0,0,0,0,3,0,0,0,5,1,0,0
682488317,-0.15625907,0.0,0.5072289,-0.06628914,0.0,0.0,0.0,0.0,0.0,0.0,0,3,0,0,0,0,0,3,0,0,0,5,1,0,0
682701185,-0.11933343,0.0,0.5072289,-0.17112796,0.0,0.0,0.0,0.0,0.0,0.0,0,3,0,0,0,0,0,3,0,0,0,5,1,0,0
682901190,0.00010402732,0.0,0.5072289,0.31626672,0.0,0.0,0.0,0.0,0.0,0.0,0,3,0,0,0,0,0,3,0,0,0,5,1,0,0
683097153,-0.026873918,0.0,0.5072289,-0.124819145,0.0,0.0,0.0,0.0,0.0,0.0,0,3,0,0,0,0,0,3,0,0,0,5,1,0,0
683317208,-4.3503146e-06,0.0,0.5072289,0.29812637,0.0,0.0,0.0,0.0,0.0,0.0,0,3,0,0,0,0,0,3,0,0,0,5,1,0,0
683514745,0.003816674,0.0,0.5072289,-0.01161921,0.0,0.0,0.0,0.0,0.0,0.0,0,3,0,0,0,0,0,3,0,0,0,5,1,0,0
683714760,-4.395162e-06,0.0,0.5072289,-1.8797109e-05,0.0,0.0,0.0,0.0,0.0,0.0,0,3,0,0,0,0,0,3,0,0,0,5,1,0,0
683912347,2.2194824e-09,0.0,0.5072289,2.1319627e-08,0.0,0.0,0.0,0.0,0.0,0.0,0,3,0,0,0,0,0,3,0,0,0,5,1,0,0
684112407,-7.62285e-14,0.0,0.5072289,-1.0646031e-11,0.0,0.0,0.0,0.0,0.0,0.0,0,3,0,0,0,0,0,3,0,0,0,5,1,0,0
684308335,-8.7294956e-16,0.0,0.5072289,2.6503767e-16,0.0,0.0,0.0,0.0,0.0,0.0,0,3,0,0,0,0,0,3,0,0,0,5,1,0,0
684525948,1.2743591e-19,0.0,0.5072289,2.4371318e-18,0.0,0.0,0.0,0.0,0.0,0.0,0,3,0,0,0,0,0,3,0,0,0,5,1,0,0
684729940,1.0275504e-22,0.0,0.5072289,-5.989536e-22,0.0,0.0,0.0,0.0,0.0,0.0,0,3,0,0,0,0,0,3,0,0,0,5,1,0,0
684927589,-1.4360015e-25,0.0,0.5072289,-5.089715e-25,0.0,0.0,0.0,0.0,0.0,0.0,0,3,0,0,0,0,0,3,0,0,0,5,1,0,0
685127586,8.180435e-29,0.0,0.5072289,6.9762893e-28,0.0,0.0,0.0,0.0,0.0,0.0,0,3,0,0,0,0,0,3,0,0,0,5,1,0,0
685331563,-1.0595431e-32,0.0,0.5072289,-3.9327971e-31,0.0,0.0,0.0,0.0,0.0,0.0,0,3,0,0,0,0,0,3,0,0,0,5,1,0,0
685525170,-2.538109e-35,0.0,0.5072289,4.7864345e-35,0.0,0.0,0.0,0.0,0.0,0.0,0,3,0,0,0,0,0,3,0,0,0,5,1,0,0
685729128,2.6631142e-38,0.0,0.51695454,1.2470337e-37,0.0,0.0,0.0,0.0,0.0,0.0,0,3,0,0,0,0,0,3,0,0,0,5,1,0,0
685933495,-1.2494e-41,0.0,0.55383646,-1.29071e-40,0.0,0.0,0.0,0.0,0.0,0.0,0,3,0,0,0,0,0,3,0,0,0,5,1,0,0
686150850,-4e-45,0.0,0.5578333,-1.3e-44,0.0,0.0,0.0,0.0,0.0,0.0,0,3,0,0,0,0,0,3,0,0,0,5,1,0,0
686330728,0.0,0.0,0.55783135,0.0,0.0,0.0,0.0,0.0,0.0,0.0,0,3,0,0,0,0,0,3,0,0,0,5,1,0,0
686551548,0.0,0.0,0.55783135,0.0,0.0,0.0,0.0,0.0,0.0,0.0,0,3,0,0,0,0,0,3,0,0,0,5,1,0,0
686743606,0.0,0.0,0.55783135,0.0,0.0,0.0,0.0,0.0,0.0,0.0,0,3,0,0,0,0,0,3,0,0,0,5,1,0,0
686959544,0.0,0.0,0.55783135,0.0,0.0,0.0,0.0,0.0,0.0,0.0,0,3,0,0,0,0,0,3,0,0,0,5,1,0,0
687159585,0.0,0.0,0.55783135,0.0,0.0,0.0,0.0,0.0,0.0,0.0,0,3,0,0,0,0,0,3,0,0,0,5,1,0,0
687357130,0.0,0.0,0.55808026,0.0,0.0,0.0,0.0,0.0,0.0,0.0,0,3,0,0,0,0,0,3,0,0,0,5,1,0,0
687561116,0.0,0.0,0.6630493,0.0,0.0,0.0,0.0,0.0,0.0,0.0,0,3,0,0,0,0,0,3,0,0,0,5,1,0,0
687763112,0.0,0.0,0.67349714,0.0,0.0,0.0,0.0,0.0,0.0,0.0,0,3,0,0,0,0,0,3,0,0,0,5,1,0,0
687974827,0.0,0.0,0.673494,0.0,0.0,0.0,0.0,0.0,0.0,0.0,0,3,0,0,0,0,0,3,0,0,0,5,1,0,0
688174787,0.0,0.0,0.673494,0.0,0.0,0.0,0.0,0.0,0.0,0.0,0,3,0,0,0,0,0,3,0,0,0,5,1,0,0
688375778,0.0,0.0,0.673494,0.0,0.0,0.0,0.0,0.0,0.0,0.0,0,3,0,0,0,0,0,3,0,0,0,5,1,0,0
688575535,0.0,0.0,0.67299616,0.0,0.0,0.0,0.0,0.0,0.0,0.0,0,3,0,0,0,0,0,3,0,0,0,5,1,0,0
688771770,0.0,0.0,0.5952909,0.0,0.0,0.0,0.0,0.0,0.0,0.0,0,3,0,0,0,0,0,3,0,0,0,5,1,0,0
688985375,0.0,0.0,0.5719503,0.0,0.0,0.0,0.0,0.0,0.0,0.0,0,3,0,0,0,0,0,3,0,0,0,5,1,0,0
689181167,0.0,0.0,0.5710842,0.0,0.0,0.0,0.0,0.0,0.0,0.0,0,3,0,0,0,0,0,3,0,0,0,5,1,0,0
689381442,0.0,0.0,0.5710843,0.0,0.0,0.0,0.0,0.0,0.0,0.0,0,3,0,0,0,0,0,3,0,0,0,5,1,0,0
689574743,0.0,0.0,0.5710843,0.0,0.0,0.0,0.0,0.0,0.0,0.0,0,3,0,0,0,0,0,3,0,0,0,5,1,0,0
689798807,0.0,0.0,0.5710843,0.0,0.0,0.0,0.0,0.0,0.0,0.0,0,3,0,0,0,0,0,3,0,0,0,5,1,0,0
689982746,0.0,0.0,0.5710843,0.0,0.0,0.0,0.0,0.0,0.0,0.0,0,3,0,0,0,0,0,3,0,0,0,5,1,0,0
690184346,0.0,0.0,0.5710843,0.0,0.0,0.0,0.0,0.0,0.0,0.0,0,3,0,0,0,0,0,3,0,0,0,5,1,0,0
690392321,0.0,0.0,0.5710843,0.0,0.0,0.0,0.0,0.0,0.0,0.0,0,3,0,0,0,0,0,3,0,0,0,5,1,0,0
690602240,0.0,0.0,0.5710843,0.0,0.0,0.0,0.0,0.0,0.0,0.0,0,3,0,0,0,0,0,3,0,0,0,5,1,0,0
690797947,0.0,0.0,0.5710843,0.0,0.0,0.0,0.0,0.0,0.0,0.0,0,3,0,0,0,0,0,3,0,0,0,5,1,0,0
690998199,0.0,0.0,0.5710843,0.0,0.0,0.0,0.0,0.0,0.0,0.0,0,3,0,0,0,0,0,3,0,0,0,5,1,0,0
691219547,0.0,0.0,0.5710843,0.0,0.0,0.0,0.0,0.0,0.0,0.0,0,3,0,0,0,0,0,3,0,0,0,5,1,0,0
691419527,0.0,0.0,0.5710843,0.0,0.0,0.0,0.0,0.0,0.0,0.0,0,3,0,0,0,0,0,3,0,0,0,5,1,0,0
691613142,0.0,0.0,0.5710843,0.0,0.0,0.0,0.0,0.0,0.0,0.0,0,3,0,0,0,0,0,3,0,0,0,5,1,0,0
691817182,0.0,0.0,0.5710843,0.0,0.0,0.0,0.0,0.0,0.0,0.0,0,3,0,0,0,0,0,3,0,0,0,5,1,0,0
692013175,0.0,0.0,0.5710843,0.0,0.0,0.0,0.0,0.0,0.0,0.0,0,3,0,0,0,0,0,3,0,0,0,5,1,0,0
692226841,0.0,0.0,0.5710843,0.0,0.0,0.0,0.0,0.0,0.0,0.0,0,3,0,0,0,0,0,3,0,0,0,5,1,0,0
692406763,0.0,0.0,0.5710843,0.0,0.0,0.0,0.0,0.0,0.0,0.0,0,3,0,0,0,0,0,3,0,0,0,5,1,0,0
692610752,0.0,0.0,0.5710843,0.0,0.0,0.0,0.0,0.0,0.0,0.0,0,3,0,0,0,0,0,3,0,0,0,5,1,0,0
692831899,0.0,0.0,0.5710843,0.0,0.0,0.0,0.0,0.0,0.0,0.0,0,3,0,0,0,0,0,3,0,0,0,5,1,0,0
693031565,0.0,0.0,0.5710843,0.0,0.0,0.0,0.0,0.0,0.0,0.0,0,3,0,0,0,0,0,3,0,0,0,5,1,0,0
693231540,0.0,0.0,0.5710843,0.0,0.0,0.0,0.0,0.0,0.0,0.0,0,3,0,0,0,0,0,3,0,0,0,5,1,0,0
693429144,0.0,0.0,0.5710843,0.0,0.0,0.0,0.0,0.0,0.0,0.0,0,3,0,0,0,0,0,3,0,0,0,5,1,0,0
693641219,0.0,0.0,0.5710843,0.0,0.0,0.0,0.0,0.0,0.0,0.0,0,3,0,0,0,0,0,3,0,0,0,5,1,0,0
693837387,0.0,0.0,0.5710843,0.0,0.0,0.0,0.0,0.0,0.0,0.0,0,3,0,0,0,0,0,3,0,0,0,5,1,0,0
694038750,0.0,0.0,0.5710843,0.0,0.0,0.0,0.0,0.0,0.0,0.0,0,3,0,0,0,0,0,3,0,0,0,5,1,0,0
694234977,0.0,0.0,0.5710843,0.0,0.0,0.0,0.0,0.0,0.0,0.0,0,3,0,0,0,0,0,3,0,0,0,5,1,0,0
694452609,0.0,0.0,0.5710843,0.0,0.0,0.0,0.0,0.0,0.0,0.0,0,3,0,0,0,0,0,3,0,0,0,5,1,0,0
694636391,0.0,0.0,0.5710843,0.0,0.0,0.0,0.0,0.0,0.0,0.0,0,3,0,0,0,0,0,3,0,0,0,5,1,0,0
694856330,0.0,0.0,0.5710843,0.0,0.0,0.0,0.0,0.0,0.0,0.0,0,3,0,0,0,0,0,3,0,0,0,5,1,0,0
695049144,0.0,0.0,0.5710843,0.0,0.0,0.0,0.0,0.0,0.0,0.0,0,3,0,0,0,0,0,3,0,0,0,5,1,0,0
695245499,0.0,0.0,0.5710843,0.0,0.0,0.0,0.0,0.0,0.0,0.0,0,3,0,0,0,0,0,3,0,0,0,5,1,0,0
695465125,0.0,0.0,0.5710843,0.0,0.0,0.0,0.0,0.0,0.0,0.0,0,3,0,0,0,0,0,3,0,0,0,5,1,0,0
695662809,0.0,0.0,0.5710843,0.0,0.0,0.0,0.0,0.0,0.0,0.0,0,3,0,0,0,0,0,3,0,0,0,5,1,0,0
695862767,0.0,0.0,0.5710843,0.0,0.0,0.0,0.0,0.0,0.0,0.0,0,3,0,0,0,0,0,3,0,0,0,5,1,0,0
696058710,0.0,0.0,0.5710843,0.0,0.0,0.0,0.0,0.0,0.0,0.0,0,3,0,0,0,0,0,3,0,0,0,5,1,0,0
696256349,0.0,0.0,0.5710843,0.0,0.0,0.0,0.0,0.0,0.0,0.0,0,3,0,0,0,0,0,3,0,0,0,5,1,0,0
696460380,0.0,0.0,0.5710843,0.0,0.0,0.0,0.0,0.0,0.0,0.0,0,3,0,0,0,0,0,3,0,0,0,5,1,0,0
696661148,0.0,0.0,0.5710843,0.0,0.0,0.0,0.0,0.0,0.0,0.0,0,3,0,0,0,0,0,3,0,0,0,5,1,0,0
696878003,0.0,0.0,0.5710843,0.0,0.0,0.0,0.0,0.0,0.0,0.0,0,3,0,0,0,0,0,3,0,0,0,5,1,0,0
697078170,0.0,0.0,0.5710843,0.0,0.0,0.0,0.0,0.0,0.0,0.0,0,3,0,0,0,0,0,3,0,0,0,5,1,0,0
697274751,0.0,0.0,0.5710843,0.0,0.0,0.0,0.0,0.0,0.0,0.0,0,3,0,0,0,0,0,3,0,0,0,5,1,0,0
697478748,0.0,0.0,0.5710843,0.0,0.0,0.0,0.0,0.0,0.0,0.0,0,3,0,0,0,0,0,3,0,0,0,5,1,0,0
697682768,0.0,0.0,0.5710843,0.0,0.0,0.0,0.0,0.0,0.0,0.0,0,3,0,0,0,0,0,3,0,0,0,5,1,0,0
697883564,0.0,0.0,0.5710843,0.0,0.0,0.0,0.0,0.0,0.0,0.0,0,3,0,0,0,0,0,3,0,0,0,5,1,0,0
698080326,0.0,0.0,0.5710843,0.0,0.0,0.0,0.0,0.0,0.0,0.0,0,3,0,0,0,0,0,3,0,0,0,5,1,0,0
698276323,0.0,0.0,0.5710843,0.0,0.0,0.0,0.0,0.0,0.0,0.0,0,3,0,0,0,0,0,3,0,0,0,5,1,0,0
698478214,0.0,0.0,0.5710843,0.0,0.0,0.0,0.0,0.0,0.0,0.0,0,3,0,0,0,0,0,3,0,0,0,5,1,0,0
698697943,0.0,0.0,0.5710843,0.0,0.0,0.0,0.0,0.0,0.0,0.0,0,3,0,0,0,0,0,3,0,0,0,5,1,0,0
698893922,0.0,0.0,0.5710843,0.0,0.0,0.0,0.0,0.0,0.0,0.0,0,3,0,0,0,0,0,3,0,0,0,5,1,0,0
699087543,0.0,0.0,0.5710843,0.0,0.0,0.0,0.0,0.0,0.0,0.0,0,3,0,0,0,0,0,3,0,0,0,5,1,0,0
699287556,0.0,0.0,0.5710843,0.0,0.0,0.0,0.0,0.0,0.0,0.0,0,3,0,0,0,0,0,3,0,0,0,5,1,0,0
699489181,0.0,0.0,0.5710843,0.0,0.0,0.0,0.0,0.0,0.0,0.0,0,3,0,0,0,0,0,3,0,0,0,5,1,0,0
699693147,0.0,0.0,0.5710843,0.0,0.0,0.0,0.0,0.0,0.0,0.0,0,3,0,0,0,0,0,3,0,0,0,5,1,0,0
699893211,0.0,0.0,0.5710843,0.0,0.0,0.0,0.0,0.0,0.0,0.0,0,3,0,0,0,0,0,3,0,0,0,5,1,0,0
700094806,0.0,0.0,0.5710843,0.0,0.0,0.0,0.0,0.0,0.0,0.0,0,3,0,0,0,0,0,3,0,0,0,3,1,0,0
700310754,0.0,0.0,0.5710843,0.0,0.0,0.0,0.0,0.0,0.0,0.0,0,3,0,0,0,0,0,3,0,0,0,3,1,0,0
700514727,0.0,0.0,0.5710843,0.0,0.0,0.0,0.0,0.0,0.0,0.0,0,3,0,0,0,0,0,3,0,0,0,3,1,0,0
700707557,0.0,0.0,0.5710843,0.0,0.0,0.0,0.0,0.0,0.0,0.0,0,3,0,0,0,0,0,3,0,0,0,3,1,0,0
700923563,0.0,0.0,0.5710843,0.0,0.0,0.0,0.0,0.0,0.0,0.0,0,3,0,0,0,0,0,3,0,0,0,3,1,0,0
701123571,0.0,0.0,0.5710843,0.0,0.0,0.0,0.0,0.0,0.0,0.0,0,3,0,0,0,0,0,3,0,0,0,3,1,0,0
701321145,0.0,0.0,0.5710843,0.0,0.0,0.0,0.0,0.0,0.0,0.0,0,3,0,0,0,0,0,3,0,0,0,3,1,0,0
701525128,0.0,0.0,0.5710843,0.0,0.0,0.0,0.0,0.0,0.0,0.0,0,3,0,0,0,0,0,3,0,0,0,5,1,0,0
701733123,0.0,0.0,0.5710843,0.0,0.0,0.0,0.0,0.0,0.0,0.0,0,3,0,0,0,0,0,3,0,0,0,5,1,0,0
701930783,0.0,0.0,0.5710843,0.0,0.0,0.0,0.0,0.0,0.0,0.0,0,3,0,0,0,0,0,3,0,0,0,5,1,0,0
702130739,0.0,0.0,0.5710843,0.0,0.0,0.0,0.0,0.0,0.0,0.0,0,3,0,0,0,0,0,3,0,0,0,5,1,0,0
702340343,0.0,0.0,0.5710843,0.0,0.0,0.0,0.0,0.0,0.0,0.0,0,3,0,0,0,0,0,3,0,0,0,5,1,0,0
702528344,0.0,0.0,0.5710843,0.0,0.0,0.0,0.0,0.0,0.0,0.0,0,3,0,0,0,0,0,3,0,0,0,5,1,0,0
702740321,0.0,0.0,0.5710843,0.0,0.0,0.0,0.0,0.0,0.0,0.0,0,3,0,0,0,0,0,3,0,0,0,5,1,0,0
702929935,0.0,0.0,0.5710843,0.0,0.0,0.0,0.0,0.0,0.0,0.0,0,3,0,0,0,0,0,3,0,0,0,5,1,0,0
703133971,0.0,0.0,0.5710843,0.0,0.0,0.0,0.0,0.0,0.0,0.0,0,3,0,0,0,0,0,3,0,0,0,5,1,0,0
703354760,0.0,0.0,0.5710843,0.0,0.0,0.0,0.0,0.0,0.0,0.0,0,3,0,0,0,0,0,3,0,0,0,5,1,0,0
703546822,0.0,0.0,0.5710843,0.0,0.0,0.0,0.0,0.0,0.0,0.0,0,3,0,0,0,0,0,3,0,0,0,5,1,0,0
703754781,0.0,0.0,0.5710843,0.0,0.0,0.0,0.0,0.0,0.0,0.0,0,3,0,0,0,0,0,3,0,0,0,5,1,0,0
703950776,0.0,0.0,0.5710843,0.0,0.0,0.0,0.0,0.0,0.0,0.0,0,3,0,0,0,0,0,3,0,0,0,5,1,0,0
704164353,0.0,0.0,0.5710843,0.0,0.0,0.0,0.0,0.0,0.0,0.0,0,3,0,0,0,0,0,3,0,0,0,5,1,0,0
704364325,0.0,0.0,0.5710843,0.0,0.0,0.0,0.0,0.0,0.0,0.0,0,3,0,0,0,0,0,3,0,0,0,5,1,0,0
704565130,0.0,0.0,0.5710843,0.0,0.0,0.0,0.0,0.0,0.0,0.0,0,3,0,0,0,0,0,3,0,0,0,5,1,0,0
704761142,0.0,0.0,0.5710843,0.0,0.0,0.0,0.0,0.0,0.0,0.0,0,3,0,0,0,0,0,3,0,0,0,5,1,0,0
704961144,0.0,0.0,0.5710843,0.0,0.0,0.0,0.0,0.0,0.0,0.0,0,3,0,0,0,0,0,3,0,0,0,5,1,0,0
705181371,0.0,0.0,0.5710843,0.0,0.0,0.0,0.0,0.0,0.0,0.0,0,3,0,0,0,0,0,3,0,0,0,0,1,0,0
705374731,0.0,0.0,0.5710843,0.0,0.0,0.0,0.0,0.0,0.0,0.0,0,3,0,0,0,0,0,3,0,0,0,0,1,0,0
705570745,0.0,0.0,0.5710843,0.0,0.0,0.0,0.0,0.0,0.0,0.0,0,3,0,0,0,0,0,3,0,0,0,0,1,0,0
705770730,0.0,0.0,0.5710843,0.0,0.0,0.0,0.0,0.0,0.0,0.0,0,3,0,0,0,0,0,3,0,0,0,0,1,0,0
705991518,0.0,0.0,0.5710843,0.0,0.0,0.0,0.0,0.0,0.0,0.0,0,3,0,0,0,0,0,3,0,0,0,3,1,0,0
706187542,0.0,0.0,0.5710843,0.0,0.0,0.0,0.0,0.0,0.0,0.0,0,3,0,0,0,0,0,3,0,0,0,3,1,0,0
706375548,0.0,0.0,0.5710843,0.0,0.0,0.0,0.0,0.0,0.0,0.0,0,3,0,0,0,0,0,3,0,0,0,3,1,0,0
706581170,0.0,0.0,0.5710843,0.0,0.0,0.0,0.0,0.0,0.0,0.0,0,3,0,0,0,0,0,3,0,0,0,3,1,0,0
706797216,0.0,0.0,0.5710843,0.0,0.0,0.0,0.0,0.0,0.0,0.0,0,3,0,0,0,0,0,3,0,0,0,3,1,0,0
707001134,0.0,0.0,0.5710843,-0.006670946,0.0,0.0,0.0,0.0,0.0,0.0,0,3,0,0,0,0,0,3,0,0,0,3,1,0,0
707185946,0.0,0.0,0.5710843,-0.18738313,0.0,0.0,0.0,0.0,0.0,0.0,0,3,0,0,0,0,0,3,0,0,0,3,1,0,0
707389956,0.0,0.0,0.5710843,-0.18301947,0.0,0.0,0.0,0.0,0.0,0.0,0,3,0,0,0,0,0,3,0,0,0,3,1,0,0
707609921,0.0,0.0,0.5710843,-0.00040381617,0.0,0.0,0.0,0.0,0.0,0.0,0,3,0,0,0,0,0,3,0,0,0,3,1,0,0
707806793,0.0,0.0,0.5710843,1.2820352e-07,0.0,0.0,0.0,0.0,0.0,0.0,0,3,0,0,0,0,0,3,0,0,0,3,1,0,0
708006795,0.0,-0.12686081,0.5710843,5.9063136e-11,0.0,0.0,0.0,0.0,0.0,0.0,0,3,0,0,0,0,0,3,0,0,0,3,1,0,0
708210949,0.0,-0.2427636,0.5710843,-1.0580164e-13,0.0,0.0,0.0,0.0,0.0,0.0,0,3,0,0,0,0,0,3,0,0,0,3,1,0,0
708411586,0.0,-0.282599,0.5710843,-0.0024948323,0.0,0.0,0.0,0.0,0.0,0.0,0,3,0,0,0,0,0,3,0,0,0,3,1,0,0
708607771,0.0,-0.28292608,0.5710843,-0.1066379,0.0,0.0,0.0,0.0,0.0,0.0,0,3,0,0,0,0,0,3,0,0,0,3,1,0,0
708811545,0.0,-0.28292683,0.5710843,-0.13628611,0.0,0.0,0.0,0.0,0.0,0.0,0,3,0,0,0,0,0,3,0,0,0,3,1,0,0
709007505,0.0,-0.27786714,0.5710843,-0.1371961,0.0,0.0,0.0,0.0,0.0,0.0,0,3,0,0,0,0,0,3,0,0,0,3,1,0,0
709209156,0.0,-0.27300298,0.5710843,-0.091928184,0.0,0.0,0.0,0.0,0.0,0.0,0,3,0,0,0,0,0,3,0,0,0,3,1,0,0
709413257,0.0,-0.26013863,0.5710843,0.00073315564,0.0,0.0,0.0,0.0,0.0,0.0,0,3,0,0,0,0,0,3,0,0,0,3,1,0,0
709633146,0.0,-0.18638201,0.5710843,4.6417753e-07,0.0,0.0,0.0,0.0,0.0,0.0,0,3,0,0,0,0,0,3,0,0,0,3,1,0,0
709834958,0.0,0.0032339995,0.5710843,-2.1728888e-10,0.0,0.0,0.0,0.0,0.0,0.0,0,3,0,0,0,0,0,3,0,0,0,3,1,0,0
710034745,0.0,-2.4498815e-06,0.5710843,-6.8813664e-15,0.0,0.0,0.0,0.0,0.0,0.0,0,3,0,0,0,0,0,3,0,0,0,3,1,0,0
710231899,0.0,7.6876044e-10,0.5710843,9.797839e-17,0.0,0.0,0.0,0.0,0.0,0.0,0,3,0,0,0,0,0,3,0,0,0,3,1,0,0
710431558,0.0,-0.0505099,0.5710843,-8.257845e-20,0.0,0.0,0.0,0.0,0.0,0.0,0,3,0,0,0,0,0,3,0,0,0,3,1,0,0
710627747,0.0,-0.15073967,0.5710843,3.0581638e-23,0.0,0.0,0.0,0.0,0.0,0.0,0,3,0,0,0,0,0,3,0,0,0,3,1,0,0
710827567,0.0,-0.22372875,0.5710843,8.269754e-27,0.0,0.0,0.0,0.0,0.0,0.0,0,3,0,0,0,0,0,3,0,0,0,3,1,0,0
711041053,0.0,-0.28060552,0.56963974,-8.136257e-30,0.0,0.0,0.0,0.0,0.0,0.0,0,3,0,0,0,0,0,3,0,0,0,3,1,0,0
711233181,0.0,-0.30084,0.5674772,6.155283e-34,0.0,0.0,0.0,0.0,0.0,0.0,0,3,0,0,0,0,0,3,0,0,0,3,1,0,0
711434745,0.0,-0.31497988,0.5674699,2.9068352e-36,0.0,0.0,0.0,0.0,0.0,0.0,0,3,0,0,0,0,0,3,0,0,0,3,1,0,0
711642837,0.0,-0.32514116,0.5674699,-2.796905e-39,0.0,0.0,0.0,0.0,0.0,0.0,0,3,0,0,0,0,0,3,0,0,0,3,1,0,0
711854715,0.0,-0.33714345,0.56617415,-3.22e-43,0.0,0.0,0.0,0.0,0.0,0.0,0,3,0,0,0,0,0,3,0,0,0,3,1,0,0
712056344,0.0,-0.36897972,0.5627434,0.0,0.0,0.0,0.0,0.0,0.0,0.0,0,3,0,0,0,0,0,3,0,0,0,3,1,0,0
712252359,0.0,-0.392708,0.5577879,0.0,0.0,0.0,0.0,0.0,0.0,0.0,0,3,0,0,0,0,0,3,0,0,0,3,1,0,0
712465143,0.0,-0.40079263,0.5578314,0.0,0.0,0.0,0.0,0.0,0.0,0.0,0,3,0,0,0,0,0,3,0,0,0,3,1,0,0
712649130,0.0,-0.4043578,0.55783135,0.0,0.0,0.0,0.0,0.0,0.0,0.0,0,3,0,0,0,0,0,3,0,0,0,3,1,0,0
712873201,0.0,-0.39757717,0.55783135,0.0,0.0,0.0,0.0,0.0,0.0,0.0,0,3,0,0,0,0,0,3,0,0,0,3,1,0,0
713077127,0.0,-0.39586326,0.55783135,0.0,0.0,0.0,0.0,0.0,0.0,0.0,0,3,0,0,0,0,0,3,0,0,0,3,1,0,0
713270823,0.0,-0.35420516,0.55783135,0.0,0.0,0.0,0.0,0.0,0.0,0.0,0,3,0,0,0,0,0,3,0,0,0,3,1,0,0
713462812,0.0,-0.35988268,0.55783135,0.0,0.0,0.0,0.0,0.0,0.0,0.0,0,3,0,0,0,0,0,3,0,0,0,3,1,0,0
713679544,-0.02466462,-0.36828864,0.55783135,0.0,0.0,0.0,0.0,0.0,0.0,0.0,0,3,0,0,0,0,0,3,0,0,0,3,1,0,0
713883565,-0.038977467,-0.37121704,0.55783135,0.0,0.0,0.0,0.0,0.0,0.0,0.0,0,3,0,0,0,0,0,3,0,0,0,3,1,0,0
714087572,-0.053168133,-0.37560877,0.55783135,0.0,0.0,0.0,0.0,0.0,0.0,0.0,0,3,0,0,0,0,0,3,0,0,0,3,1,0,0
714291566,-0.09489165,-0.38048774,0.55783135,0.0,0.0,0.0,0.0,0.0,0.0,0.0,0,3,0,0,0,0,0,3,0,0,0,3,1,0,0
714493193,-0.16023186,-0.3804878,0.55783135,0.0,0.0,0.0,0.0,0.0,0.0,0.0,0,3,0,0,0,0,0,3,0,0,0,3,1,0,0
714693145,-0.17399263,-0.37749752,0.55783135,0.0,0.0,0.0,0.0,0.0,0.0,0.0,0,3,0,0,0,0,0,3,0,0,0,3,1,0,0
714877369,-0.1713838,-0.37049815,0.55783135,0.0,0.0,0.0,0.0,0.0,0.0,0.0,0,3,0,0,0,0,0,3,0,0,0,3,1,0,0
715094775,-0.17511567,-0.36829135,0.55783135,0.0,0.0,0.0,0.0,0.0,0.0,0.0,0,3,0,0,0,0,0,3,0,0,0,3,1,0,0
715298714,-0.16582276,-0.36829266,0.55783135,0.0,0.0,0.0,0.0,0.0,0.0,0.0,0,3,0,0,0,0,0,3,0,0,0,3,1,0,0
715488282,-0.14382836,-0.36338338,0.55783135,0.0,0.0,0.0,0.0,0.0,0.0,0.0,0,3,0,0,0,0,0,3,0,0,0,3,1,0,0
715704352,-0.08426593,-0.35493517,0.55783135,0.0,0.0,0.0,0.0,0.0,0.0,0.0,0,3,0,0,0,0,0,3,0,0,0,3,1,0,0
715904347,-0.07305809,-0.32811013,0.55783135,0.0,0.0,0.0,0.0,0.0,0.0,0.0,0,3,0,0,0,0,0,3,0,0,0,3,1,0,0
716101137,-0.021742588,-0.2644972,0.55783135,0.0,0.0,0.0,0.0,0.0,0.0,0.0,0,3,0,0,0,0,0,3,0,0,0,3,1,0,0
716301171,1.5741363e-05,-0.1415098,0.55783135,0.0,0.0,0.0,0.0,0.0,0.0,0.0,0,3,0,0,0,0,0,3,0,0,0,3,1,0,0
716509133,-7.815266e-09,0.00089222146,0.55783135,0.0,0.0,0.0,0.0,0.0,0.0,0.0,0,3,0,0,0,0,0,3,0,0,0,3,1,0,0
716702822,1.5621648e-13,-5.287975e-08,0.55783135,0.0,0.0,0.0,0.0,0.0,0.0,0.0,0,3,0,0,0,0,0,3,0,0,0,3,1,0,0
716906745,3.1717396e-15,-3.3151926e-10,0.55783135,0.0,0.0,0.0,0.0,0.0,0.0,0.0,0,3,0,0,0,0,0,3,0,0,0,3,1,0,0
717122757,-4.350005e-19,5.394943e-14,0.55783135,0.0,0.0,0.0,0.0,0.0,0.0,0.0,0,3,0,0,0,0,0,3,0,0,0,3,1,0,0
717312349,-3.797715e-22,3.7749707e-17,0.55783135,0.0,0.0,0.0,0.0,0.0,0.0,0.0,0,3,0,0,0,0,0,3,0,0,0,3,1,0,0
717512335,5.1549713e-25,-5.577428e-20,0.55783135,0.0,0.0,0.0,0.0,0.0,0.0,0.0,0,3,0,0,0,0,0,3,0,0,0,3,1,0,0
717713918,-2.8904812e-28,3.2687234e-23,0.55783135,0.0,0.0,0.0,0.0,0.0,0.0,0.0,0,3,0,0,0,0,0,3,0,0,0,3,1,0,0
717914033,3.4009676e-32,-4.9131548e-27,0.55783135,0.0,0.0,0.0,0.0,0.0,0.0,0.0,0,3,0,0,0,0,0,3,0,0,0,3,1,0,0
718113911,9.2673116e-35,-9.548876e-30,0.55783135,0.0,0.0,0.0,0.0,0.0,0.0,0.0,0,3,0,0,0,0,0,3,0,0,0,5,1,0,0
718335517,-1.9542904e-38,2.340598e-33,0.55783135,0.0,0.0,0.0,0.0,0.0,0.0,0.0,0,3,0,0,0,0,0,3,0,0,0,5,1,0,0
718527570,-9.53e-42,9.069197e-37,0.55783135,0.0,0.0,0.0,0.0,0.0,0.0,0.0,0,3,0,0,0,0,0,3,0,0,0,5,1,0,0
718747525,6e-45,-6.57163e-40,0.55783135,0.0,0.0,0.0,0.0,0.0,0.0,0.0,0,3,0,0,0,0,0,3,0,0,0,5,1,0,0
718929148,0.0,1.171e-42,0.55783135,0.0,0.0,0.0,0.0,0.0,0.0,0.0,0,3,0,0,0,0,0,3,0,0,0,5,1,0,0
719137131,0.0,0.0,0.55783135,0.0,0.0,0.0,0.0,0.0,0.0,0.0,0,3,0,0,0,0,0,3,0,0,0,5,1,0,0
719338745,0.0,0.0,0.55783135,0.0,0.0,0.0,0.0,0.0,0.0,0.0,0,3,0,0,0,0,0,3,0,0,0,5,1,0,0
719554749,0.0,0.0,0.55783135,0.0,0.0,0.0,0.0,0.0,0.0,0.0,0,3,0,0,0,0,0,3,0,0,0,5,1,0,0
719734725,0.0,0.0,0.5806658,0.0,0.0,0.0,0.0,0.0,0.0,0.0,0,3,0,0,0,0,0,3,0,0,0,5,1,0,0
719943554,0.0,0.0,0.58072287,0.0,0.0,0.0,0.0,0.0,0.0,0.0,0,3,0,0,0,0,0,3,0,0,0,5,1,0,0
720143561,0.0,0.0,0.58072287,0.0,0.0,0.0,0.0,0.0,0.0,0.0,0,3,0,0,0,0,0,3,0,0,0,5,1,0,0
720355523,0.0,0.0,0.58072287,0.0,0.0,0.0,0.0,0.0,0.0,0.0,0,3,0,0,0,0,0,3,0,0,0,5,1,0,0
720552593,0.0,0.0,0.58072287,0.0,0.0,0.0,0.0,0.0,0.0,0.0,0,3,0,0,0,0,0,3,0,0,0,5,1,0,0
720768582,0.0,0.0,0.58072287,0.0,0.0,0.0,0.0,0.0,0.0,0.0,0,3,0,0,0,0,0,3,0,0,0,5,1,0,0
720972345,0.0,0.0,0.58072287,0.0,0.0,0.0,0.0,0.0,0.0,0.0,0,3,0,0,0,0,0,3,0,0,0,5,1,0,0
721156384,0.0,0.0,0.58072287,0.0,0.0,0.0,0.0,0.0,0.0,0.0,0,3,0,0,0,0,0,3,0,0,0,5,1,0,0
721353946,0.0,0.0,0.58072287,0.0,0.0,0.0,0.0,0.0,0.0,0.0,0,3,0,0,0,0,0,3,0,0,0,5,1,0,0
721573930,0.0,0.0,0.58072287,0.0,0.0,0.0,0.0,0.0,0.0,0.0,0,3,0,0,0,0,0,3,0,0,0,5,1,0,0
721766745,0.0,0.0,0.58072287,0.0,0.0,0.0,0.0,0.0,0.0,0.0,0,3,0,0,0,0,0,3,0,0,0,5,1,0,0
721974766,0.0,0.0,0.58072287,0.0,0.0,0.0,0.0,0.0,0.0,0.0,0,3,0,0,0,0,0,3,0,0,0,5,1,0,0
722174743,0.0,0.0,0.58072287,0.0,0.0,0.0,0.0,0.0,0.0,0.0,0,3,0,0,0,0,0,3,0,0,0,5,1,0,0
722374798,0.0,0.0,0.58072287,0.0,0.0,0.0,0.0,0.0,0.0,0.0,0,3,0,0,0,0,0,3,0,0,0,5,1,0,0
722584409,0.0,0.0,0.58072287,0.0,0.0,0.0,0.0,0.0,0.0,0.0,0,3,0,0,0,0,0,3,0,0,0,5,1,0,0
722776326,0.0,0.0,0.58072287,0.0,0.0,0.0,0.0,0.0,0.0,0.0,0,3,0,0,0,0,0,3,0,0,0,5,1,0,0
722993971,0.0,0.0,0.58072287,0.0,0.0,0.0,0.0,0.0,0.0,0.0,0,3,0,0,0,0,0,3,0,0,0,5,1,0,0
723185944,0.0,0.0,0.58072287,0.0,0.0,0.0,0.0,0.0,0.0,0.0,0,3,0,0,0,0,0,3,0,0,0,5,1,0,0
723385927,0.0,0.0,0.58072287,0.0,0.0,0.0,0.0,0.0,0.0,0.0,0,3,0,0,0,0,0,3,0,0,0,5,1,0,0
723603553,0.0,0.0,0.58072287,0.0,0.0,0.0,0.0,0.0,0.0,0.0,0,3,0,0,0,0,0,3,0,0,0,5,1,0,0
723803543,0.0,0.0,0.58072287,0.0,0.0,0.0,0.0,0.0,0.0,0.0,0,3,0,0,0,0,0,3,0,0,0,5,1,0,0
724003854,0.0,0.0,0.58072287,0.0,0.0,0.0,0.0,0.0,0.0,0.0,0,3,0,0,0,0,0,3,0,0,0,5,1,0,0
724197183,0.0,0.0,0.58072287,0.0,0.0,0.0,0.0,0.0,0.0,0.0,0,3,0,0,0,0,0,3,0,0,0,5,1,0,0
724401224,0.0,0.0,0.58072287,0.0,0.0,0.0,0.0,0.0,0.0,0.0,0,3,0,0,0,0,0,3,0,0,0,5,1,0,0
724622876,0.0,0.0,0.58072287,0.0,0.0,0.0,0.0,0.0,0.0,0.0,0,3,0,0,0,0,0,3,0,0,0,5,1,0,0
724806730,0.0,0.0,0.58072287,0.0,0.0,0.0,0.0,0.0,0.0,0.0,0,3,0,0,0,0,0,3,0,0,0,5,1,0,0
725010985,0.0,0.0,0.58072287,0.0,0.0,0.0,0.0,0.0,0.0,0.0,0,3,0,0,0,0,0,3,0,0,0,5,1,0,0
725215610,0.0,0.0,0.58072287,0.0,0.0,0.0,0.0,0.0,0.0,0.0,0,3,0,0,0,0,0,3,0,0,0,5,1,0,0
725427571,0.0,0.0,0.58072287,0.0,0.0,0.0,0.0,0.0,0.0,0.0,0,3,0,0,0,0,0,3,0,0,0,5,1,0,0
725619559,0.0,0.0,0.58072287,0.0,0.0,0.0,0.0,0.0,0.0,0.0,0,3,0,0,0,0,0,3,0,0,0,5,1,0,0
725817149,0.0,0.0,0.58072287,0.0,0.0,0.0,0.0,0.0,0.0,0.0,0,3,0,0,0,0,0,3,0,0,0,5,1,0,0
726037198,0.0,0.0,0.58072287,0.0,0.0,0.0,0.0,0.0,0.0,0.0,0,3,0,0,0,0,0,3,0,0,0,5,1,0,0
726217192,0.0,0.0,0.58072287,0.0,0.0,0.0,0.0,0.0,0.0,0.0,0,3,0,0,0,0,0,3,0,0,0,5,1,0,0
726422768,0.0,0.0,0.58072287,0.0,0.0,0.0,0.0,0.0,0.0,0.0,0,3,0,0,0,0,0,3,0,0,0,5,1,0,0
726646731,0.0,0.0,0.58072287,0.0,0.0,0.0,0.0,0.0,0.0,0.0,0,3,0,0,0,0,0,3,0,0,0,5,1,0,0
726847543,0.0,0.0,0.58072287,0.0,0.0,0.0,0.0,0.0,0.0,0.0,0,3,0,0,0,0,0,3,0,0,0,5,1,0,0
727047532,-0.016771559,-0.0015115032,0.58072287,0.0,0.0,0.0,0.0,0.0,0.0,0.0,0,3,0,0,0,0,0,3,0,0,0,5,1,0,0
727239786,-0.20040412,-0.11957492,0.58072287,0.0,0.0,0.0,0.0,0.0,0.0,0.0,0,3,0,0,0,0,0,3,0,0,0,5,1,0,0
727443597,-0.30631685,-0.12681463,0.58072287,0.0,0.0,0.0,0.0,0.0,0.0,0.0,0,3,0,0,0,0,0,3,0,0,0,5,1,0,0
727641144,-0.40141064,-0.1577864,0.58072287,0.0,0.0,0.0,0.0,0.0,0.0,0.0,0,3,0,0,0,0,0,3,0,0,0,5,1,0,0
727845143,-0.4238378,-0.18450044,0.58072287,0.0,0.0,0.0,0.0,0.0,0.0,0.0,0,3,0,0,0,0,0,3,0,0,0,5,1,0,0
728045943,-0.46545896,-0.20016317,0.58072287,0.0,0.0,0.0,0.0,0.0,0.0,0.0,0,3,0,0,0,0,0,3,0,0,0,5,1,0,0
728262796,-0.49300283,-0.20492776,0.58072287,0.0,0.0,0.0,0.0,0.0,0.0,0.0,0,3,0,0,0,0,0,3,0,0,0,5,1,0,0
728462748,-0.53347945,-0.20487806,0.58072287,0.0,0.0,0.0,0.0,0.0,0.0,0.0,0,3,0,0,0,0,0,3,0,0,0,5,1,0,0
728659588,-0.56184363,-0.20239158,0.58072287,0.0,0.0,0.0,0.0,0.0,0.0,0.0,0,3,0,0,0,0,0,3,0,0,0,5,1,0,0
728863544,-0.5811927,-0.19178283,0.58072287,0.0,0.0,0.0,0.0,0.0,0.0,0.0,0,3,0,0,0,0,0,3,0,0,0,5,1,0,0
729063600,-0.57661957,-0.17454575,0.58072287,0.0,0.0,0.0,0.0,0.0,0.0,0.0,0,3,0,0,0,0,0,3,0,0,0,5,1,0,0
729259536,-0.5314955,-0.13997352,0.58072287,0.0,0.0,0.0,0.0,0.0,0.0,0.0,0,3,0,0,0,0,0,3,0,0,0,5,1,0,0
729477123,-0.027449377,-0.0002819188,0.60985667,0.0,0.0,0.0,0.0,0.0,0.0,0.0,0,3,0,0,0,0,0,3,0,0,0,5,1,0,0
729673124,1.0380568e-05,4.896834e-07,0.6096386,0.0,0.0,0.0,0.0,0.0,0.0,0.0,0,3,0,0,0,0,0,3,0,0,0,5,1,0,0
729874743,2.5611946e-09,-3.079434e-10,0.6096386,0.0,0.0,0.0,0.0,0.0,0.0,0.0,0,3,0,0,0,0,0,3,0,0,0,5,1,0,0
730070743,-6.6286616e-12,6.142322e-14,0.6096386,0.0,0.0,0.0,0.0,0.0,0.0,0.0,0,3,0,0,0,0,0,3,0,0,0,5,1,0,0
730266706,4.699746e-15,7.675138e-17,0.6096385,0.0,0.0,0.0,0.0,0.0,0.0,0.0,0,3,0,0,0,0,0,3,0,0,0,3,1,0,0
730475771,-1.2949899e-18,-9.296875e-20,0.6096386,0.0,0.0,0.0,0.0,0.0,0.0,0.0,0,3,0,0,0,0,0,3,0,0,0,3,1,0,0
730687543,-9.277885e-22,-6.1224576e-24,0.6096386,0.0,0.0,0.0,0.0,0.0,0.0,0.0,0,3,0,0,0,0,0,3,0,0,0,3,1,0,0
730883571,4.0854623e-25,1.545967e-26,0.6096385,0.0,0.0,0.0,0.0,0.0,0.0,0.0,0,3,0,0,0,0,0,3,0,0,0,3,1,0,0
731097220,1.6393457e-28,-5.2284437e-31,0.6096386,0.0,0.0,0.0,0.0,0.0,0.0,0.0,0,3,0,0,0,0,0,3,0,0,0,3,1,0,0
731301145,-0.019404486,-2.2174022e-33,0.6096386,0.0,0.0,0.0,0.0,0.0,0.0,0.0,0,3,0,0,0,0,0,3,0,0,0,3,1,0,0
731485384,-0.22622523,2.0255858e-36,0.6096386,0.0,0.0,0.0,0.0,0.0,0.0,0.0,0,3,0,0,0,0,0,3,0,0,0,3,1,0,0
731706751,-0.42000455,-0.007637071,0.6096386,0.0,0.0,0.0,0.0,0.0,0.0,0.0,0,3,0,0,0,0,0,3,0,0,0,3,1,0,0
731906741,-0.5490658,-0.03499853,0.6096386,0.0,0.0,0.0,0.0,0.0,0.0,0.0,0,3,0,0,0,0,0,3,0,0,0,3,1,0,0
732108327,-0.558787,-0.0755162,0.6045216,0.0,0.0,0.0,0.0,0.0,0.0,0.0,0,3,0,0,0,0,0,3,0,0,0,3,1,0,0
732304344,-0.55461895,-0.14787848,0.5938495,0.0,0.0,0.0,0.0,0.0,0.0,0.0,0,3,0,0,0,0,0,3,0,0,0,3,1,0,0
732504322,-0.51048815,-0.21811633,0.5811378,0.0,0.0,0.0,0.0,0.0,0.0,0.0,0,3,0,0,0,0,0,3,0,0,0,3,1,0,0
732697976,-0.49478704,-0.25888854,0.5657196,0.0,0.0,0.0,0.0,0.0,0.0,0.0,0,3,0,0,0,0,0,3,0,0,0,3,1,0,0
732905951,-0.49264693,-0.2734469,0.5613629,0.0,0.0,0.0,0.0,0.0,0.0,0.0,0,3,0,0,0,0,0,3,0,0,0,3,1,0,0
733109963,-0.48288262,-0.2731704,0.56144583,0.0,0.0,0.0,0.0,0.0,0.0,0.0,0,3,0,0,0,0,0,3,0,0,0,3,1,0,0
733303614,-0.48284313,-0.2707502,0.5614458,0.0,0.0,0.0,0.0,0.0,0.0,0.0,0,3,0,0,0,0,0,3,0,0,0,3,1,0,0
733515535,-0.47478905,-0.2687942,0.5614458,0.0,0.0,0.0,0.0,0.0,0.0,0.0,0,3,0,0,0,0,0,3,0,0,0,3,1,0,0
733709164,-0.45086092,-0.265686,0.5614458,0.0,0.0,0.0,0.0,0.0,0.0,0.0,0,3,0,0,0,0,0,3,0,0,0,3,1,0,0
733909173,-0.4443909,-0.26153296,0.56021756,0.0,0.0,0.0,0.0,0.0,0.0,0.0,0,3,0,0,0,0,0,3,0,0,0,3,1,0,0
734109141,-0.41708606,-0.2252727,0.56024104,0.0,0.0,0.0,0.0,0.0,0.0,0.0,0,3,0,0,0,0,0,3,0,0,0,3,1,0,0
734322828,-0.24198778,-0.12504655,0.5790862,0.0,0.0,0.0,0.0,0.0,0.0,0.0,0,3,0,0,0,0,0,3,0,0,0,3,1,0,0
734518720,0.0026759503,-0.00020079518,0.59876496,0.0,0.0,0.0,0.0,0.0,0.0,0.0,0,3,0,0,0,0,0,3,0,0,0,3,1,0,0
734735537,-8.0941567e-07,-3.3028126e-08,0.5987952,0.0,0.0,0.0,0.0,0.0,0.0,0.0,0,3,0,0,0,0,0,3,0,0,0,3,1,0,0
734931548,-2.1895359e-10,3.7931637e-11,0.5987952,0.0,0.0,0.0,0.0,0.0,0.0,0.0,0,3,0,0,0,0,0,3,0,0,0,3,1,0,0
735131545,5.336578e-13,-1.9117163e-14,0.5987952,0.0,0.0,0.0,0.0,0.0,0.0,0.0,0,3,0,0,0,0,0,3,0,0,0,3,1,0,0
735335831,-3.7296523e-16,6.250017e-19,0.5987952,0.0,0.0,0.0,0.0,0.0,0.0,0.0,0,3,0,0,0,0,0,3,0,0,0,3,1,0,0
735533144,9.954462e-20,7.546567e-21,0.5987952,0.0,0.0,0.0,0.0,0.0,0.0,0.0,0,3,0,0,0,0,0,3,0,0,0,3,1,0,0
735733180,7.101093e-23,-6.8493195e-24,0.5987952,0.0,0.0,0.0,0.0,0.0,0.0,0.0,0,3,0,0,0,0,0,3,0,0,0,3,1,0,0
735954784,-3.202718e-26,-8.90116e-28,0.5987952,0.0,0.0,0.0,0.0,0.0,0.0,0.0,0,3,0,0,0,0,0,3,0,0,0,3,1,0,0
736154754,-3.3914535e-30,1.2396499e-30,0.5987952,0.0,0.0,0.0,0.0,0.0,0.0,0.0,0,3,0,0,0,0,0,3,0,0,0,3,1,0,0
736346761,1.6515682e-32,-7.0489005e-34,0.5987952,0.0,0.0,0.0,0.0,0.0,0.0,0.0,0,3,0,0,0,0,0,3,0,0,0,3,1,0,0
736543567,-1.297525e-35,9.033378e-38,0.5987952,0.0,0.0,0.0,0.0,0.0,0.0,0.0,0,3,0,0,0,0,0,3,0,0,0,3,1,0,0
736767575,-2.201284e-39,1.52216e-40,0.5987952,0.0,0.0,0.0,0.0,0.0,0.0,0.0,0,3,0,0,0,0,0,3,0,0,0,3,1,0,0
736951829,1.714e-42,-2.3e-43,0.5987952,0.0,0.0,0.0,0.0,0.0,0.0,0.0,0,3,0,0,0,0,0,3,0,0,0,3,1,0,0
737173186,-0.052282862,0.0,0.5987952,0.0,0.0,0.0,0.0,0.0,0.0,0.0,0,3,0,0,0,0,0,3,0,0,0,3,1,0,0
737369235,-0.2724654,0.0,0.5987952,0.0,0.0,0.0,0.0,0.0,0.0,0.0,0,3,0,0,0,0,0,3,0,0,0,3,1,0,0
737569147,-0.4355337,0.0,0.5987952,0.0,0.0,0.0,0.0,0.0,0.0,0.0,0,3,0,0,0,0,0,3,0,0,0,3,1,0,0
737765996,-0.5052467,0.0,0.5987952,0.0,0.0,0.0,0.0,0.0,0.0,0.0,0,3,0,0,0,0,0,3,0,0,0,3,1,0,0
737965943,-0.504902,0.0,0.5987952,0.0,0.0,0.0,0.0,0.0,0.0,0.0,0,3,0,0,0,0,0,3,0,0,0,3,1,0,0
738169984,-0.49163315,0.0,0.5987952,0.0,0.0,0.0,0.0,0.0,0.0,0.0,0,3,0,0,0,0,0,3,0,0,0,3,1,0,0
738382768,-0.2245403,0.0,0.5987952,0.0,0.0,0.0,0.0,0.0,0.0,0.0,0,3,0,0,0,0,0,3,0,0,0,3,1,0,0
738579570,-0.00078651047,0.0,0.5987952,0.0,0.0,0.0,0.0,0.0,0.0,0.0,0,3,0,0,0,0,0,3,0,0,0,3,1,0,0
738795583,1.9549736e-07,0.0,0.5987952,0.0,0.0,0.0,0.0,0.0,0.0,0.0,0,3,0,0,0,0,0,3,0,0,0,3,1,0,0
738997476,7.407866e-11,0.0,0.5987952,0.0,0.0,0.0,0.0,0.0,0.0,0.0,0,3,0,0,0,0,0,3,0,0,0,3,1,0,0
739197146,-1.4738761e-13,0.0,0.5987952,0.0,0.0,0.0,0.0,0.0,0.0,0.0,0,3,0,0,0,0,0,3,0,0,0,3,1,0,0
739401166,9.724725e-17,0.0,0.5987952,0.0,0.0,0.0,0.0,0.0,0.0,0.0,0,3,0,0,0,0,0,3,0,0,0,3,1,0,0
739601942,-2.2466996e-20,0.0,0.5987952,0.0,0.0,0.0,0.0,0.0,0.0,0.0,0,3,0,0,0,0,0,3,0,0,0,3,1,0,0
739801952,-2.1559215e-23,-0.060788136,0.5987952,0.0,0.0,0.0,0.0,0.0,0.0,0.0,0,3,0,0,0,0,0,3,0,0,0,3,1,0,0
740006267,2.8321355e-26,-0.23765518,0.5980485,0.0,0.0,0.0,0.0,0.0,0.0,0.0,0,3,0,0,0,0,0,3,0,0,0,3,1,0,0
740202794,-1.5586255e-29,-0.31364122,0.56508106,0.0,0.0,0.0,0.0,0.0,0.0,0.0,0,3,0,0,0,0,0,3,0,0,0,3,1,0,0
740410778,1.6119435e-33,-0.3219278,0.55768305,0.0,0.0,0.0,0.0,0.0,0.0,0.0,0,3,0,0,0,0,0,3,0,0,0,3,1,0,0
740614768,5.1908468e-36,-0.26250148,0.55783147,0.0,0.0,0.0,0.0,0.0,0.0,0.0,0,3,0,0,0,0,0,3,0,0,0,3,1,0,0
740819544,-5.211585e-39,-0.092510656,0.5616404,0.0,0.0,0.0,0.0,0.0,0.0,0.0,0,3,0,0,0,0,0,3,0,0,0,3,1,0,0
741015779,2.35e-42,-0.000100998026,0.56144553,0.0,0.0,0.0,0.0,0.0,0.0,0.0,0,3,0,0,0,0,0,3,0,0,0,3,1,0,0
741211578,-1e-45,-6.7996493e-09,0.5614458,0.0,0.0,0.0,0.0,0.0,0.0,0.0,0,3,0,0,0,0,0,3,0,0,0,3,1,0,0
741427532,0.0,2.4291829e-11,0.5614458,0.0,0.0,0.0,0.0,0.0,0.0,0.0,0,3,0,0,0,0,0,3,0,0,0,3,1,0,0
741625143,0.0,-0.019532226,0.5022013,0.0,0.0,0.0,0.0,0.0,0.0,0.0,0,3,0,0,0,0,0,3,0,0,0,3,1,0,0
741829225,-0.008342937,-0.020233007,0.38624662,0.0,0.0,0.0,0.0,0.0,0.0,0.0,0,3,0,0,0,0,0,3,0,0,0,3,1,0,0
742033135,-0.1079936,-0.0068890704,0.3403846,0.0,0.0,0.0,0.0,0.0,0.0,0.0,0,3,0,0,0,0,0,3,0,0,0,3,1,0,0
742226768,-0.24764402,-0.0005037817,0.30349883,0.0,0.0,0.0,0.0,0.0,0.0,0.0,0,3,0,0,0,0,0,3,0,0,0,3,1,0,0
742426706,-0.31057602,-0.027892929,0.2385712,0.0,0.0,0.0,0.0,0.0,0.0,0.0,0,3,0,0,0,0,0,3,0,0,0,3,1,0,0
742644359,-0.3334406,-0.039395794,0.21430652,0.0,0.0,0.0,0.0,0.0,0.0,0.0,0,3,0,0,0,0,0,3,0,0,0,3,1,0,0
742844342,-0.38462827,-0.046301935,0.20962277,0.0,0.0,0.0,0.0,0.0,0.0,0.0,0,3,0,0,0,0,0,3,0,0,0,3,1,0,0
743040337,-0.40194562,-0.048778195,0.20963854,0.0,0.0,0.0,0.0,0.0,0.0,0.0,0,3,0,0,0,0,0,3,0,0,0,3,1,0,0
743230029,-0.40196082,-0.05120101,0.20963854,0.0,0.0,0.0,0.0,0.0,0.0,0.0,0,3,0,0,0,0,0,3,0,0,0,3,1,0,0
743642767,-0.39461052,-0.051372025,0.20844287,0.0,0.0,0.0,0.0,0.0,0.0,0.0,0,3,0,0,0,0,0,3,0,0,0,3,1,0,0
743846743,-0.39410156,-0.056278955,0.20843372,-0.0071914126,0.0,0.0,0.0,0.0,0.0,0.0,0,3,0,0,0,0,0,3,0,0,0,3,1,0,0
744062782,-0.3772095,-0.056097567,0.20843373,-0.010343007,0.0,0.0,0.0,0.0,0.0,0.0,0,3,0,0,0,0,0,3,0,0,0,3,1,0,0
744262753,-0.36838204,-0.051913433,0.20843372,-0.023507228,0.0,0.0,0.0,0.0,0.0,0.0,0,3,0,0,0,0,0,3,0,0,0,3,1,0,0
744452342,-0.35785937,-0.045669742,0.20843372,-0.033115324,0.0,0.0,0.0,0.0,0.0,0.0,0,3,0,0,0,0,0,3,0,0,0,3,1,0,0
744652735,-0.35784313,-0.036414012,0.20843373,-0.043628484,0.0,0.0,0.0,0.0,0.0,0.0,0,3,0,0,0,0,0,3,0,0,0,3,1,0,0
744869961,-0.33017203,-0.034145027,0.20843372,-0.00012091991,0.0,0.0,0.0,0.0,0.0,0.0,0,3,0,0,0,0,0,3,0,0,0,3,1,0,0
745061942,-0.32597944,-0.034146342,0.20165254,1.7390202e-07,0.0,0.0,0.0,0.0,0.0,0.0,0,3,0,0,0,0,0,3,0,0,0,3,1,0,0
745265914,-0.24246928,-0.0440852,0.17680292,-1.0055547e-10,0.0,0.0,0.0,0.0,0.0,0.0,0,3,0,0,0,0,0,3,0,0,0,3,1,0,0
745459531,-0.18114175,-0.036467683,0.1579948,1.4130566e-14,0.0,0.0,0.0,0.0,0.0,0.0,0,3,0,0,0,0,0,3,0,0,0,3,1,0,0
745659779,-0.17893805,-0.048769116,0.13137136,3.023347e-17,0.0,0.0,0.0,0.0,0.0,0.0,0,3,0,0,0,0,0,3,0,0,0,3,1,0,0
745875850,-0.17636508,-0.04257583,0.12530135,-7.079993e-21,0.0,0.0,0.0,0.0,0.0,0.0,0,3,0,0,0,0,0,3,0,0,0,3,1,0,0
746077188,-0.1581691,-0.034178793,0.13862291,-2.9473236e-24,0.0,0.0,0.0,0.0,0.0,0.0,0,3,0,0,0,0,0,3,0,0,0,3,1,0,0
746273131,-0.1348362,-0.026756488,0.13855419,5.5685117e-27,0.0,0.0,0.0,0.0,0.0,0.0,0,3,0,0,0,0,0,3,0,0,0,3,1,0,0
746486770,-0.013643542,-0.020964485,0.13855423,-1.6133625e-32,0.0,0.0,0.0,0.0,0.0,0.0,0,3,0,0,0,0,0,3,0,0,0,3,1,0,0
746678740,2.8306679e-06,-0.014633851,0.13855423,-8.38187e-34,0.0,0.0,0.0,0.0,0.0,0.0,0,3,0,0,0,0,0,3,0,0,0,3,1,0,0
746894737,2.810165e-09,0.00019335333,0.10668903,1.0912041e-37,0.0,0.0,0.0,0.0,0.0,0.0,0,3,0,0,0,0,0,3,0,0,0,3,1,0,0
747079640,-4.082066e-12,-3.1144538e-07,0.09560912,-2.8932e-40,0.0,0.0,0.0,0.0,0.0,0.0,0,3,0,0,0,0,0,3,0,0,0,3,1,0,0
747287567,2.162815e-15,1.1515136e-10,0.08087207,-5.9e-44,0.0,0.0,0.0,0.0,0.0,0.0,0,3,0,0,0,0,0,3,0,0,0,3,1,0,0
747487519,-1.5931033e-19,3.135313e-14,0.06784093,0.0,0.0,0.0,0.0,0.0,0.0,0.0,0,3,0,0,0,0,0,3,0,0,0,3,1,0,0
747689147,-0.026355727,-7.609849e-17,0.06505904,0.0,0.0,0.0,0.0,0.0,0.0,0.0,0,3,0,0,0,0,0,3,0,0,0,3,1,0,0
747901142,-0.14168736,5.31287e-20,0.06506024,0.0,0.0,0.0,0.0,0.0,0.0,0.0,0,3,0,0,0,0,0,3,0,0,0,3,1,0,0
748101426,-0.21335146,-1.4146551e-23,0.06506024,0.0,0.0,0.0,0.0,0.0,0.0,0.0,0,3,0,0,0,0,0,3,0,0,0,3,1,0,0
748314747,-0.27651727,-1.05502165e-26,0.06506024,0.0,0.0,0.0,0.0,0.0,0.0,0.0,0,3,0,0,0,0,0,3,0,0,0,3,1,0,0
748506766,-0.3095439,4.5581514e-30,0.07577732,0.0,0.0,0.0,0.0,0.0,0.0,0.0,0,3,0,0,0,0,0,3,0,0,0,3,1,0,0
748707575,-0.33904815,4.884746e-34,0.087179564,0.0,0.0,0.0,0.0,0.0,0.0,0.0,0,3,0,0,0,0,0,3,0,0,0,3,1,0,0
748907542,-0.35338882,-2.3555941e-36,0.09127583,0.0,0.0,0.0,0.0,0.0,0.0,0.0,0,3,0,0,0,0,0,3,0,0,0,3,1,0,0
749099537,-0.38325533,1.848615e-39,0.095271476,0.0,0.0,0.0,0.0,0.0,0.0,0.0,0,3,0,0,0,0,0,3,0,0,0,3,1,0,0
749299547,-0.39460778,-6.15e-43,0.09518067,0.0,0.0,0.0,0.0,0.0,0.0,0.0,0,3,0,0,0,0,0,3,0,0,0,3,1,0,0
749513145,-0.39460787,0.0,0.09518072,0.0,0.0,0.0,0.0,0.0,0.0,0.0,0,3,0,0,0,0,0,3,0,0,0,3,1,0,0
749705137,-0.39460787,0.0,0.09130196,0.0,0.0,0.0,0.0,0.0,0.0,0.0,0,3,0,0,0,0,0,3,0,0,0,3,1,0,0
749913136,-0.3829008,0.0,0.08790842,0.0,0.0,0.0,0.0,0.0,0.0,0.0,0,3,0,0,0,0,0,3,0,0,0,3,1,0,0
750126745,-0.25299054,0.0,0.08795185,-0.002592682,0.0,0.0,0.0,0.0,0.0,0.0,0,3,0,0,0,0,0,3,0,0,0,3,1,0,0
750326727,-0.12619781,0.0,0.08795181,6.754337e-07,0.0,0.0,0.0,0.0,0.0,0.0,0,3,0,0,0,0,0,3,0,0,0,3,1,0,0
750523544,-0.10787914,0.0,0.08795181,5.0807974e-10,0.0,0.0,0.0,0.0,0.0,0.0,0,3,0,0,0,0,0,3,0,0,0,3,1,0,0
750723544,-0.10954914,0.0,0.08795181,-7.2922343e-13,0.0,0.0,0.0,0.0,0.0,0.0,0,3,0,0,0,0,0,3,0,0,0,3,1,0,0
750943543,-0.11285036,0.0,0.08795181,-2.6224127e-17,0.0,0.0,0.0,0.0,0.0,0.0,0,3,0,0,0,0,0,3,0,0,0,3,1,0,0
751145142,-0.11524349,0.0,0.08795181,1.1626285e-19,0.0,0.0,0.0,0.0,0.0,0.0,0,3,0,0,0,0,0,3,0,0,0,3,1,0,0
751345215,-0.11519609,0.0,0.08903931,-9.034516e-23,0.0,0.0,0.0,0.0,0.0,0.0,0,3,0,0,0,0,0,3,0,0,0,3,1,0,0
751545123,-0.11519608,0.0,0.09156806,2.9619065e-26,0.0,0.0,0.0,0.0,0.0,0.0,0,3,0,0,0,0,0,3,0,0,0,3,1,0,0
751746747,-0.11519608,0.0,0.091815144,1.2397146e-29,0.0,0.0,0.0,0.0,0.0,0.0,0,3,0,0,0,0,0,3,0,0,0,3,1,0,0
751951136,-0.11519608,0.0,0.10132607,-2.3354312e-32,0.0,0.0,0.0,0.0,0.0,0.0,0,3,0,0,0,0,0,3,0,0,0,3,1,0,0
752134720,-0.12034948,0.0,0.107859336,2.825001e-35,0.0,0.0,0.0,0.0,0.0,0.0,0,3,0,0,0,0,0,3,0,0,0,3,1,0,0
752360346,-0.19313684,0.0,0.1183445,-3.316614e-39,0.0,0.0,0.0,0.0,0.0,0.0,0,3,0,0,0,0,0,3,0,0,0,3,1,0,0
752540309,-0.24128777,0.0,0.13733412,9.176e-42,0.0,0.0,0.0,0.0,0.0,0.0,0,3,0,0,0,0,0,3,0,0,0,3,1,0,0
752741371,-0.2648323,0.0,0.15785402,1e-45,0.0,0.0,0.0,0.0,0.0,0.0,0,3,0,0,0,0,0,3,0,0,0,3,1,0,0
752957380,-0.2817717,0.0,0.17156944,0.0,0.0,0.0,0.0,0.0,0.0,0.0,0,3,0,0,0,0,0,3,0,0,0,3,1,0,0
753157168,-0.33406147,0.0,0.18771344,0.0,0.0,0.0,0.0,0.0,0.0,0.0,0,3,0,0,0,0,0,3,0,0,0,3,1,0,0
753361128,-0.38532135,0.0,0.19164789,0.0,0.0,0.0,0.0,0.0,0.0,0.0,0,3,0,0,0,0,0,3,0,0,0,3,1,0,0
753562765,-0.38970882,0.0,0.19276989,0.0,0.0,0.0,0.0,0.0,0.0,0.0,0,3,0,0,0,0,0,3,0,0,0,3,1,0,0
753754748,-0.38544342,0.0,0.19277108,0.0,0.0,0.0,0.0,0.0,0.0,0.0,0,3,0,0,0,0,0,3,0,0,0,3,1,0,0
753971532,-0.33677542,0.0,0.19277108,0.0,0.0,0.0,0.0,0.0,0.0,0.0,0,3,0,0,0,0,0,3,0,0,0,3,1,0,0
754167543,-0.23980519,0.0,0.19277108,0.0,0.0,0.0,0.0,0.0,0.0,0.0,0,3,0,0,0,0,0,3,0,0,0,3,1,0,0
754367579,-0.11280965,0.0,0.19277108,0.0,0.0,0.0,0.0,0.0,0.0,0.0,0,3,0,0,0,0,0,3,0,0,0,3,1,0,0
754563559,-0.0056339675,0.0,0.19277108,0.0,0.0,0.0,0.0,0.0,0.0,0.0,0,3,0,0,0,0,0,3,0,0,0,3,1,0,0
754789139,-2.4848084e-06,0.0,0.19277108,0.0,0.0,0.0,0.0,0.0,0.0,0.0,0,3,0,0,0,0,0,3,0,0,0,3,1,0,0
754973407,3.1774556e-09,0.0,0.19277108,0.0,0.0,0.0,0.0,0.0,0.0,0.0,0,3,0,0,0,0,0,3,0,0,0,3,1,0,0
755187067,-1.8864864e-13,0.0,0.19277108,0.0,0.0,0.0,0.0,0.0,0.0,0.0,0,3,0,0,0,0,0,3,0,0,0,3,1,0,0
755386773,-4.3712911e-16,0.0,0.19351773,0.0,0.0,0.0,0.0,0.0,0.0,0.0,0,3,0,0,0,0,0,3,0,0,0,3,1,0,0
755590811,4.6126884e-19,0.0,0.23847604,0.0,0.0,0.0,0.0,0.0,0.0,0.0,0,3,0,0,0,0,0,3,0,0,0,3,1,0,0
755784351,-2.174528e-22,0.0,0.23975946,0.0,0.0,0.0,0.0,0.0,0.0,0.0,0,3,0,0,0,0,0,3,0,0,0,3,1,0,0
755992354,-0.00796875,0.0,0.23975904,0.0,0.0,0.0,0.0,0.0,0.0,0.0,0,3,0,0,0,0,0,3,0,0,0,3,1,0,0
756188355,-0.29423454,0.0,0.23975904,0.0,0.0,0.0,0.0,0.0,0.0,0.0,0,3,0,0,0,0,0,3,0,0,0,3,1,0,0
756393187,-0.35435274,0.0,0.23975904,0.0,0.0,0.0,0.0,0.0,0.0,0.0,0,3,0,0,0,0,0,3,0,0,0,3,1,0,0
756601168,-0.35784328,0.0,0.23975904,0.0,0.0,0.0,0.0,0.0,0.0,0.0,0,3,0,0,0,0,0,3,0,0,0,3,1,0,0
756805119,-0.2944779,0.0,0.23975904,0.0,0.0,0.0,0.0,0.0,0.0,0.0,0,3,0,0,0,0,0,3,0,0,0,3,1,0,0
757002808,-0.17988846,0.0,0.23975904,0.0,0.0,0.0,0.0,0.0,0.0,0.0,0,3,0,0,0,0,0,3,0,0,0,3,1,0,0
757207094,0.0002889099,0.0,0.23975904,0.0,0.0,0.0,0.0,0.0,0.0,0.0,0,3,0,0,0,0,0,3,0,0,0,3,1,0,0
757406719,7.0976347e-07,0.0,0.23975904,0.0,0.0,0.0,0.0,0.0,0.0,0.0,0,3,0,0,0,0,0,3,0,0,0,3,1,0,0
757607561,-7.41595e-10,0.0,0.23975904,0.0,0.0,0.0,0.0,0.0,0.0,0.0,0,3,0,0,0,0,0,3,0,0,0,3,1,0,0
757807528,3.46651e-13,0.0,0.23975904,0.0,0.0,0.0,0.0,0.0,0.0,0.0,0,3,0,0,0,0,0,3,0,0,0,3,1,0,0
758023525,1.2850909e-16,0.0,0.23975904,0.0,0.0,0.0,0.0,0.0,0.0,0.0,0,3,0,0,0,0,0,3,0,0,0,3,1,0,0
758217472,-0.059134636,0.0,0.23975904,0.0,0.0,0.0,0.0,0.0,0.0,0.0,0,3,0,0,0,0,0,3,0,0,0,3,1,0,0
758413165,-0.28238207,0.0,0.23975904,0.0,0.0,0.0,0.0,0.0,0.0,0.0,0,3,0,0,0,0,0,3,0,0,0,3,1,0,0
758621130,-0.3480305,0.0,0.23975904,0.0,0.0,0.0,0.0,0.0,0.0,0.0,0,3,0,0,0,0,0,3,0,0,0,3,1,0,0
758838752,-0.35672292,0.0,0.23975904,0.0,0.0,0.0,0.0,0.0,0.0,0.0,0,3,0,0,0,0,0,3,0,0,0,3,1,0,0
759026720,-0.3604811,-0.00951247,0.23975904,0.0,0.0,0.0,0.0,0.0,0.0,0.0,0,3,0,0,0,0,0,3,0,0,0,3,1,0,0
759228374,-0.3535829,-0.025173139,0.23975904,0.0,0.0,0.0,0.0,0.0,0.0,0.0,0,3,0,0,0,0,0,3,0,0,0,3,1,0,0
759432341,-0.28916013,-0.011007998,0.24479637,0.0,0.0,0.0,0.0,0.0,0.0,0.0,0,3,0,0,0,0,0,3,0,0,0,3,1,0,0
759628389,-0.17625292,-0.0063847154,0.24457803,0.0,0.0,0.0,0.0,0.0,0.0,0.0,0,3,0,0,0,0,0,3,0,0,0,3,1,0,0
759849127,-0.04856347,-0.110058814,0.24457835,0.0,0.0,0.0,0.0,0.0,0.0,0.0,0,3,0,0,0,0,0,3,0,0,0,3,1,0,0
760053427,0.00064219296,-0.1914736,0.24457835,0.0,0.0,0.0,0.0,0.0,0.0,0.0,0,3,0,0,0,0,0,3,0,0,0,3,1,0,0
760249127,-5.903428e-07,-0.21758886,0.24457835,0.0,0.0,0.0,0.0,0.0,0.0,0.0,0,3,0,0,0,0,0,3,0,0,0,3,1,0,0
760450992,2.43277e-10,-0.22195555,0.24457835,0.0,0.0,0.0,0.0,0.0,0.0,0.0,0,3,0,0,0,0,0,3,0,0,0,3,1,0,0
760654729,3.7608622e-14,-0.20112112,0.24457835,0.0,0.0,0.0,0.0,0.0,0.0,0.0,0,3,0,0,0,0,0,3,0,0,0,3,1,0,0
760854799,-1.3578977e-16,-0.15089807,0.24457835,0.0,0.0,0.0,0.0,0.0,0.0,0.0,0,3,0,0,0,0,0,3,0,0,0,3,1,0,0
761056416,1.02564586e-19,-0.07936228,0.24457835,0.0,0.0,0.0,0.0,0.0,0.0,0.0,0,3,0,0,0,0,0,3,0,0,0,3,1,0,0
761264369,-0.05759993,-1.3860154e-05,0.26279852,0.0,0.0,0.0,0.0,0.0,0.0,0.0,0,3,0,0,0,0,0,3,0,0,0,3,1,0,0
761461148,-0.13738613,1.2127057e-07,0.2763711,-0.027622627,0.0,0.0,0.0,0.0,0.0,0.0,0,3,0,0,0,0,0,3,0,0,0,3,1,0,0
761661189,-0.1615244,-9.9948105e-11,0.28494257,-0.056658037,0.0,0.0,0.0,0.0,0.0,0.0,0,3,0,0,0,0,0,3,0,0,0,3,1,0,0
761861054,-0.16600685,3.5878452e-14,0.28804424,-0.04696475,0.0,0.0,0.0,0.0,0.0,0.0,0,3,0,0,0,0,0,3,0,0,0,3,1,0,0
762061104,0.0005400565,1.1000245e-17,0.28920844,-5.2958705e-05,0.0,0.0,0.0,0.0,0.0,0.0,0,3,0,0,0,0,0,3,0,0,0,3,1,0,0
762262770,5.7001154e-07,-2.4784913e-20,0.2891565,-5.5767195e-09,0.0,0.0,0.0,0.0,0.0,0.0,0,3,0,0,0,0,0,3,0,0,0,3,1,0,0
762463186,-7.259596e-10,1.6969927e-23,0.28915665,2.728234e-11,0.0,0.0,0.0,0.0,0.0,0.0,0,3,0,0,0,0,0,3,0,0,0,3,1,0,0
762670746,3.9216262e-13,-4.3161743e-27,0.28915665,-2.1444733e-14,0.0,0.0,0.0,0.0,0.0,0.0,0,3,0,0,0,0,0,3,0,0,0,3,1,0,0
762888345,-0.027910957,-3.395309e-30,0.28915665,-3.634947e-18,0.0,0.0,0.0,0.0,0.0,0.0,0,3,0,0,0,0,0,3,0,0,0,3,1,0,0
763072583,-0.14504996,4.8084136e-33,0.29108274,2.8265505e-21,0.0,0.0,0.0,0.0,0.0,0.0,0,3,0,0,0,0,0,3,0,0,0,3,1,0,0
763285141,-0.23900065,1.8840386e-37,0.31248784,-2.0176851e-24,0.0,0.0,0.0,0.0,0.0,0.0,0,3,0,0,0,0,0,3,0,0,0,3,1,0,0
763489120,-0.26237872,-7.70173e-40,0.3196006,3.5358145e-29,0.0,0.0,0.0,0.0,0.0,0.0,0,3,0,0,0,0,0,3,0,0,0,3,1,0,0
763677142,-0.25969836,5.93e-43,0.32312387,8.23194e-31,0.0,0.0,0.0,0.0,0.0,0.0,0,3,0,0,0,0,0,3,0,0,0,3,1,0,0
763889137,-0.2472775,0.0,0.32865527,-7.3324564e-34,0.0,0.0,0.0,0.0,0.0,0.0,0,3,0,0,0,0,0,3,0,0,0,3,1,0,0
764090774,-0.23926777,0.0,0.32891563,2.913529e-37,0.0,0.0,0.0,0.0,0.0,0.0,0,3,0,0,0,0,0,3,0,0,0,3,1,0,0
764298785,-0.1599996,0.0,0.34843984,5.6147e-41,0.0,0.0,0.0,0.0,0.0,0.0,0,3,0,0,0,0,0,3,0,0,0,3,1,0,0
764499550,-0.0006965571,0.0,0.35326222,-1.72e-43,0.0,0.0,0.0,0.0,0.0,0.0,0,3,0,0,0,0,0,3,0,0,0,3,1,0,0
764695590,-0.014879591,0.0,0.3554742,0.0,0.0,0.0,0.0,0.0,0.0,0.0,0,3,0,0,0,0,0,3,0,0,0,3,1,0,0
764895565,-0.03625079,0.0,0.35661724,0.0,0.0,0.0,0.0,0.0,0.0,0.0,0,3,0,0,0,0,0,3,0,0,0,3,1,0,0
765103535,-0.14568777,0.0,0.36457565,0.0,0.0,0.0,0.0,0.0,0.0,0.0,0,3,0,0,0,0,0,3,0,0,0,3,1,0,0
765300348,-0.17719993,-0.0071108653,0.38472977,0.0,0.0,0.0,0.0,0.0,0.0,0.0,0,3,0,0,0,0,0,3,0,0,0,3,1,0,0
765500392,-0.20092909,-0.03527035,0.4078124,0.0,0.0,0.0,0.0,0.0,0.0,0.0,0,3,0,0,0,0,0,3,0,0,0,3,1,0,0
765720282,-0.20047408,-0.08757916,0.42714408,0.0,0.0,0.0,0.0,0.0,0.0,0.0,0,3,0,0,0,0,0,3,0,0,0,3,1,0,0
765921996,-0.08239847,-0.1127144,0.43525594,0.0,0.0,0.0,0.0,0.0,0.0,0.0,0,3,0,0,0,0,0,3,0,0,0,3,1,0,0
766109954,-0.021580864,-0.114635505,0.43614516,0.0,0.0,0.0,0.0,0.0,0.0,0.0,0,3,0,0,0,0,0,3,0,0,0,3,1,0,0
766310172,-0.00083406793,-0.11947758,0.43614462,0.0,0.0,0.0,0.0,0.0,0.0,0.0,0,3,0,0,0,0,0,3,0,0,0,3,1,0,0
766514744,-9.969061e-07,-0.1168605,0.43854624,0.0,0.0,0.0,0.0,0.0,0.0,0.0,0,3,0,0,0,0,0,3,0,0,0,3,1,0,0
766734802,3.1887928e-10,-0.09995196,0.43855426,0.0,0.0,0.0,0.0,0.0,0.0,0.0,0,3,0,0,0,0,0,3,0,0,0,3,1,0,0
766934707,7.759385e-14,-0.0902264,0.43975106,0.0,0.0,0.0,0.0,0.0,0.0,0.0,0,3,0,0,0,0,0,3,0,0,0,5,1,0,0
767128326,-2.0267987e-16,-0.086344674,0.44095474,0.0,0.0,0.0,0.0,0.0,0.0,0.0,0,3,0,0,0,0,0,3,0,0,0,5,1,0,0
767328394,1.440047e-19,-0.07637056,0.4409639,0.0,0.0,0.0,0.0,0.0,0.0,0.0,0,3,0,0,0,0,0,3,0,0,0,5,1,0,0
767524323,-3.9861157e-23,-0.0665522,0.42440826,0.0,0.0,0.0,0.0,0.0,0.0,0.0,0,3,0,0,0,0,0,3,0,0,0,5,1,0,0
767729143,-2.6173406e-26,-0.0014612875,0.41565946,0.0,0.0,0.0,0.0,0.0,0.0,0.0,0,3,0,0,0,0,0,3,0,0,0,5,1,0,0
767933537,3.9710078e-29,-1.509851e-06,0.41566268,0.0,0.0,0.0,0.0,0.0,0.0,0.0,0,3,0,0,0,0,0,3,0,0,0,5,1,0,0
768129213,-2.3570404e-32,1.9359567e-09,0.41566268,0.0,0.0,0.0,0.0,0.0,0.0,0.0,0,3,0,0,0,0,0,3,0,0,0,5,1,0,0
768330998,3.757906e-36,-1.0501321e-12,0.41566268,0.0,0.0,0.0,0.0,0.0,0.0,0.0,0,3,0,0,0,0,0,3,0,0,0,5,1,0,0
768542784,4.99716e-39,-3.1722387e-16,0.41436696,0.0,0.0,0.0,0.0,0.0,0.0,0.0,0,3,0,0,0,0,0,3,0,0,0,5,1,0,0
768746721,-1.714e-42,2.3151216e-19,0.39768732,0.0,0.0,0.0,0.0,0.0,0.0,0.0,0,3,0,0,0,0,0,3,0,0,0,5,1,0,0
768940370,-0.0,-6.773174e-23,0.3975905,0.0,0.0,0.0,0.0,0.0,0.0,0.0,0,3,0,0,0,0,0,3,0,0,0,5,1,0,0
769156306,0.0,-4.5208075e-26,0.395138,0.0,0.0,0.0,0.0,0.0,0.0,0.0,0,3,0,0,0,0,0,3,0,0,0,5,1,0,0
769349127,0.0,2.0607282e-29,0.39392418,0.0,0.0,0.0,0.0,0.0,0.0,0.0,0,3,0,0,0,0,0,3,0,0,0,5,1,0,0
769549194,0.0,1.1547625e-33,0.39397606,0.0,0.0,0.0,0.0,0.0,0.0,0.0,0,3,0,0,0,0,0,3,0,0,0,5,1,0,0
769769119,0.0,-4.9271753e-36,0.39397588,0.0,0.0,0.0,0.0,0.0,0.0,0.0,0,3,0,0,0,0,0,3,0,0,0,5,1,0,0
769969169,0.0,9.55314e-40,0.39397588,0.0,0.0,0.0,0.0,0.0,0.0,0.0,0,3,0,0,0,0,0,3,0,0,0,5,1,0,0
770170972,0.0,1.253e-42,0.39397588,0.0,0.0,0.0,0.0,0.0,0.0,0.0,0,3,0,0,0,0,0,3,0,0,0,5,1,0,0
770370765,0.0,-3e-45,0.39397588,0.0,0.0,0.0,0.0,0.0,0.0,0.0,0,3,0,0,0,0,0,3,0,0,0,5,1,0,0
770571555,0.0,0.0,0.39397588,0.0,0.0,0.0,0.0,0.0,0.0,0.0,0,3,0,0,0,0,0,3,0,0,0,5,1,0,0
770783852,0.0,0.0,0.39397588,0.0,0.0,0.0,0.0,0.0,0.0,0.0,0,3,0,0,0,0,0,3,0,0,0,5,1,0,0
770979551,0.0,0.0,0.39397588,0.0,0.0,0.0,0.0,0.0,0.0,0.0,0,3,0,0,0,0,0,3,0,0,0,5,1,0,0
771179828,0.0,0.0,0.39397588,0.0,0.0,0.0,0.0,0.0,0.0,0.0,0,3,0,0,0,0,0,3,0,0,0,5,1,0,0
771377210,0.0,0.0,0.39397588,0.0,0.0,0.0,0.0,0.0,0.0,0.0,0,3,0,0,0,0,0,3,0,0,0,5,1,0,0
771581217,0.0,0.0,0.39397588,0.0,0.0,0.0,0.0,0.0,0.0,0.0,0,3,0,0,0,0,0,3,0,0,0,5,1,0,0
771782839,0.0,0.0,0.39397588,0.0,0.0,0.0,0.0,0.0,0.0,0.0,0,3,0,0,0,0,0,3,0,0,0,5,1,0,0
771986733,0.0,0.0,0.39397588,0.0,0.0,0.0,0.0,0.0,0.0,0.0,0,3,0,0,0,0,0,3,0,0,0,5,1,0,0
772198768,0.0,0.0,0.39397588,0.0,0.0,0.0,0.0,0.0,0.0,0.0,0,3,0,0,0,0,0,3,0,0,0,5,1,0,0
772400619,0.0,0.0,0.39397588,0.0,0.0,0.0,0.0,0.0,0.0,0.0,0,3,0,0,0,0,0,3,0,0,0,5,1,0,0
772600331,0.0,0.0,0.39397588,0.0,0.0,0.0,0.0,0.0,0.0,0.0,0,3,0,0,0,0,0,3,0,0,0,5,1,0,0
772784320,0.0,0.0,0.39397588,0.0,0.0,0.0,0.0,0.0,0.0,0.0,0,3,0,0,0,0,0,3,0,0,0,5,1,0,0
773001945,0.0,0.0,0.39397588,0.0,0.0,0.0,0.0,0.0,0.0,0.0,0,3,0,0,0,0,0,3,0,0,0,5,1,0,0
773201979,0.0,0.0,0.39397588,0.0,0.0,0.0,0.0,0.0,0.0,0.0,0,3,0,0,0,0,0,3,0,0,0,5,1,0,0
773419518,0.0,0.0,0.39397588,0.0,0.0,0.0,0.0,0.0,0.0,0.0,0,3,0,0,0,0,0,3,0,0,0,5,1,0,0
773619576,0.0,0.0,0.39397588,0.0,0.0,0.0,0.0,0.0,0.0,0.0,0,3,0,0,0,0,0,3,0,0,0,5,1,0,0
773803784,0.0,0.0,0.39397588,0.0,0.0,0.0,0.0,0.0,0.0,0.0,0,3,0,0,0,0,0,3,0,0,0,5,1,0,0
774021169,0.0,0.0,0.39397588,0.0,0.0,0.0,0.0,0.0,0.0,0.0,0,3,0,0,0,0,0,3,0,0,0,5,1,0,0
774221154,0.0,0.0,0.39397588,0.0,0.0,0.0,0.0,0.0,0.0,0.0,0,3,0,0,0,0,0,3,0,0,0,5,1,0,0
774426782,0.0,0.0,0.39397588,0.0,0.0,0.0,0.0,0.0,0.0,0.0,0,3,0,0,0,0,0,3,0,0,0,5,1,0,0
774627009,0.0,0.0,0.39397588,0.0,0.0,0.0,0.0,0.0,0.0,0.0,0,3,0,0,0,0,0,3,0,0,0,5,1,0,0
774822749,0.0,0.0,0.39397588,0.0,0.0,0.0,0.0,0.0,0.0,0.0,0,3,0,0,0,0,0,3,0,0,0,5,1,0,0
775027553,0.0,0.0,0.39397588,0.0,0.0,0.0,0.0,0.0,0.0,0.0,0,3,0,0,0,0,0,3,0,0,0,5,1,0,0
775219554,0.0,0.0,0.39397588,0.0,0.0,0.0,0.0,0.0,0.0,0.0,0,3,0,0,0,0,0,3,0,0,0,3,1,0,0
775423624,0.0,0.0,0.39397588,0.0,0.0,0.0,0.0,0.0,0.0,0.0,0,3,0,0,0,0,0,3,0,0,0,3,1,0,0
775633465,0.0,0.0,0.39397588,0.0,0.0,0.0,0.0,0.0,0.0,0.0,0,3,0,0,0,0,0,3,0,0,0,3,1,0,0
775833170,0.0,0.0,0.39397588,0.0,0.0,0.0,0.0,0.0,0.0,0.0,0,3,0,0,0,0,0,3,0,0,0,3,1,0,0
776037137,0.0,-0.03414908,0.39178473,0.0,0.0,0.0,0.0,0.0,0.0,0.0,0,3,0,0,0,0,0,3,0,0,0,3,1,0,0
776234730,0.0,-0.12753184,0.35684803,0.0,0.0,0.0,0.0,0.0,0.0,0.0,0,3,0,0,0,0,0,3,0,0,0,3,1,0,0
776434754,0.0,-0.08808927,0.35662663,0.0,0.0,0.0,0.0,0.0,0.0,0.0,0,3,0,0,0,0,0,3,0,0,0,3,1,0,0
776638746,0.0,8.4976826e-05,0.3566265,0.0,0.0,0.0,0.0,0.0,0.0,0.0,0,3,0,0,0,0,0,3,0,0,0,3,1,0,0
776860363,0.0,1.7271189e-07,0.3566265,0.0,0.0,0.0,0.0,0.0,0.0,0.0,0,3,0,0,0,0,0,3,0,0,0,3,1,0,0
777060289,0.0,-5.2453708e-11,0.3566265,0.0,0.0,0.0,0.0,0.0,0.0,0.0,0,3,0,0,0,0,0,3,0,0,0,3,1,0,0
777261941,0.0,-2.733694e-14,0.3566265,0.0,0.0,0.0,0.0,0.0,0.0,0.0,0,3,0,0,0,0,0,3,0,0,0,0,1,0,0
777465934,0.0,4.6055497e-17,0.3566265,0.0,0.0,0.0,0.0,0.0,0.0,0.0,0,3,0,0,0,0,0,3,0,0,0,0,1,0,0
777650260,0.0,-5.6826087e-20,0.3566265,0.0,0.0,0.0,0.0,0.0,0.0,0.0,0,3,0,0,0,0,0,3,0,0,0,0,1,0,0
777867791,0.0,5.4733465e-24,0.3566265,0.0,0.0,0.0,0.0,0.0,0.0,0.0,0,3,0,0,0,0,0,3,0,0,0,0,1,0,0
778055528,0.0,7.336218e-27,0.3566265,0.0,0.0,0.0,0.0,0.0,0.0,0.0,0,3,0,0,0,0,0,3,0,0,0,0,1,0,0
778276382,0.0,-2.1924177e-30,0.3566265,0.0,0.0,0.0,0.0,0.0,0.0,0.0,0,3,0,0,0,0,0,3,0,0,0,0,1,0,0
778480572,-0.14248508,-6.063755e-34,0.3566265,0.0,0.0,0.0,0.0,0.0,0.0,0.0,0,3,0,0,0,0,0,3,0,0,0,0,1,0,0
778680359,-0.23098485,-0.0010076689,0.3566265,0.0,0.0,0.0,0.0,0.0,0.0,0.0,0,3,0,0,0,0,0,3,0,0,0,0,1,0,0
778884325,-0.26953012,-0.053914506,0.34926707,0.0,0.0,0.0,0.0,0.0,0.0,0.0,0,3,0,0,0,0,0,3,0,0,0,0,1,0,0
779089145,-0.3156446,-0.124590375,0.34212026,0.0,0.0,0.0,0.0,0.0,0.0,0.0,0,3,0,0,0,0,0,3,0,0,0,0,1,0,0
779289143,-0.31860998,-0.16096346,0.33760926,0.0,0.0,0.0,0.0,0.0,0.0,0.0,0,3,0,0,0,0,0,3,0,0,0,0,1,0,0
779477111,-0.31862745,-0.21383166,0.3358723,0.0,0.0,0.0,0.0,0.0,0.0,0.0,0,3,0,0,0,0,0,3,0,0,0,0,1,0,0
779678731,-0.32783645,-0.30646536,0.3278878,0.0,0.0,0.0,0.0,0.0,0.0,0.0,0,3,0,0,0,0,0,3,0,0,0,0,1,0,0
779882766,-0.34379336,-0.38488144,0.30677325,0.0,0.0,0.0,0.0,0.0,0.0,0.0,0,3,0,0,0,0,0,3,0,0,0,0,1,0,0
780082786,-0.34558937,-0.4071236,0.2936868,0.0,0.0,0.0,0.0,0.0,0.0,0.0,0,3,0,0,0,0,0,3,0,0,0,0,1,0,0
780292343,-0.28574175,-0.3655399,0.29156455,0.0,0.0,0.0,0.0,0.0,0.0,0.0,0,3,0,0,0,0,0,3,0,0,0,0,1,0,0
780504403,-0.13142677,-0.2677171,0.28025284,0.0,0.0,0.0,0.0,0.0,0.0,0.0,0,3,0,0,0,0,0,3,0,0,0,0,1,0,0
780709150,0.00044243777,-0.11382014,0.28072324,0.0,0.0,0.0,0.0,0.0,0.0,0.0,0,3,0,0,0,0,0,3,0,0,0,0,1,0,0
780905142,4.7434452e-07,-0.00024038646,0.25595948,0.0,0.0,0.0,0.0,0.0,0.0,0.0,0,3,0,0,0,0,0,3,0,0,0,0,1,0,0
781101136,-6.011651e-10,1.6939904e-07,0.2554215,0.0,0.0,0.0,0.0,0.0,0.0,0.0,0,3,0,0,0,0,0,3,0,0,0,0,1,0,0
781305142,3.2376687e-13,-4.605859e-11,0.25517282,0.0,0.0,0.0,0.0,0.0,0.0,0.0,0,3,0,0,0,0,0,3,0,0,0,0,1,0,0
781522785,9.879882e-17,0.24457869,0.24299265,0.0,0.0,0.0,0.0,0.0,0.0,0.0,0,3,0,0,0,0,0,3,0,0,0,0,1,0,0
781719030,-7.160591e-20,0.383111,0.21421622,0.0,0.0,0.0,0.0,0.0,0.0,0.0,0,3,0,0,0,0,0,3,0,0,0,0,1,0,0
781915529,2.0660269e-23,0.38547,0.17652498,0.0,0.0,0.0,0.0,0.0,0.0,0.0,0,3,0,0,0,0,0,3,0,0,0,0,1,0,0
782111548,-0.05262359,0.19234765,0.16498928,0.0,0.0,0.0,0.0,0.0,0.0,0.0,0,3,0,0,0,0,0,3,0,0,0,0,1,0,0
782315555,-0.063897714,0.05787641,0.16046405,0.0,0.0,0.0,0.0,0.0,0.0,0.0,0,3,0,0,0,0,0,3,0,0,0,0,1,0,0
782531516,-0.18333536,0.0024512482,0.1298937,0.0,0.0,0.0,0.0,0.0,0.0,0.0,0,3,0,0,0,0,0,3,0,0,0,0,1,0,0
782725480,-0.21597555,0.0024390297,0.12770903,0.0,0.0,0.0,0.0,0.0,0.0,0.0,0,3,0,0,0,0,0,3,0,0,0,0,1,0,0
782929139,-0.23133364,0.007284829,0.12119688,0.0,0.0,0.0,0.0,0.0,0.0,0.0,0,3,0,0,0,0,0,3,0,0,0,0,1,0,0
783129940,-0.25515231,3.459125e-05,0.117821746,0.0,0.0,0.0,0.0,0.0,0.0,0.0,0,3,0,0,0,0,0,3,0,0,0,0,1,0,0
783326742,-0.25980848,-1.0265923e-08,0.11686682,0.0,0.0,0.0,0.0,0.0,0.0,0.0,0,3,0,0,0,0,0,3,0,0,0,0,1,0,0
783546748,-0.27980313,0.020147,0.11686746,0.0,0.0,0.0,0.0,0.0,0.0,0.0,0,3,0,0,0,0,0,3,0,0,0,0,1,0,0
783739542,-0.31389636,0.03167462,0.11686746,0.0,0.0,0.0,0.0,0.0,0.0,0.0,0,3,0,0,0,0,0,3,0,0,0,0,1,0,0
783931556,-0.32129234,0.020980507,0.11329504,0.0,0.0,0.0,0.0,0.0,0.0,0.0,0,3,0,0,0,0,0,3,0,0,0,0,1,0,0
784131812,-0.33422217,0.019493455,0.098245636,0.0,0.0,0.0,0.0,0.0,0.0,0.0,0,3,0,0,0,0,0,3,0,0,0,0,1,0,0
784349120,-0.32367736,0.011662321,0.08700634,0.0,0.0,0.0,0.0,0.0,0.0,0.0,0,3,0,0,0,0,0,3,0,0,0,0,1,0,0
784553148,-0.00443869,0.008057093,0.084035486,0.0,0.0,0.0,0.0,0.0,0.0,0.0,0,3,0,0,0,0,0,3,0,0,0,0,1,0,0
784745128,-5.5310234e-06,1.1501033e-05,0.07937368,0.0,0.0,0.0,0.0,0.0,0.0,0.0,0,3,0,0,0,0,0,3,0,0,0,0,1,0,0
784938754,6.7049126e-09,-2.4286073e-09,0.07951824,0.0,0.0,0.0,0.0,0.0,0.0,0.0,0,3,0,0,0,0,0,3,0,0,0,0,1,0,0
785158742,0.15086615,-2.3635354e-12,0.063101664,0.0,0.0,0.0,0.0,0.0,0.0,0.0,0,3,0,0,0,0,0,3,0,0,0,0,1,0,0
785362815,0.3335889,9.091801e-16,0.059052147,0.0,0.0,0.0,0.0,0.0,0.0,0.0,0,3,0,0,0,0,0,3,0,0,0,0,1,0,0
785552356,0.3425011,2.0713099e-19,0.059036132,0.0,0.0,0.0,0.0,0.0,0.0,0.0,0,3,0,0,0,0,0,3,0,0,0,0,1,0,0
785764350,0.27795398,-2.370191e-22,0.05903614,0.0,0.0,0.0,0.0,0.0,0.0,0.0,0,3,0,0,0,0,0,3,0,0,0,0,1,0,0
785961169,0.19473922,2.303773e-26,0.05903614,0.0,0.0,0.0,0.0,0.0,0.0,0.0,0,3,0,0,0,0,0,3,0,0,0,0,1,0,0
786165144,0.022679806,8.022386e-29,0.06267602,0.0,0.0,0.0,0.0,0.0,0.0,0.0,0,3,0,0,0,0,0,3,0,0,0,0,1,0,0
786369165,-1.0442622e-05,-7.9750856e-32,0.07680058,0.0,0.0,0.0,0.0,0.0,0.0,0.0,0,3,0,0,0,0,0,3,0,0,0,0,1,0,0
786573130,-4.881845e-10,-0.0025440196,0.0842965,0.0,0.0,0.0,0.0,0.0,0.0,0.0,0,3,0,0,0,0,0,3,0,0,0,0,1,0,0
786770736,4.846119e-12,-0.0048616836,0.091283575,0.0,0.0,0.0,0.0,0.0,0.0,0.0,0,3,0,0,0,0,0,3,0,0,0,0,1,0,0
786982776,-4.9596696e-16,-0.026098665,0.09769768,0.0,0.0,0.0,0.0,0.0,0.0,0.0,0,3,0,0,0,0,0,3,0,0,0,0,1,0,0
787184577,-0.041736044,-0.095867015,0.09962463,0.0,0.0,0.0,0.0,0.0,0.0,0.0,0,3,0,0,0,0,0,3,0,0,0,0,1,0,0
787380363,-0.16167441,-0.12702735,0.10000003,0.0,0.0,0.0,0.0,0.0,0.0,0.0,0,3,0,0,0,0,0,3,0,0,0,0,1,0,0
787584336,-0.20605913,-0.11254198,0.1,0.0,0.0,0.0,0.0,0.0,0.0,0.0,0,3,0,0,0,0,0,3,0,0,0,0,1,0,0
787785174,-0.20304038,-0.085403055,0.10179346,0.0,0.0,0.0,0.0,0.0,0.0,0.0,0,3,0,0,0,0,0,3,0,0,0,0,1,0,0
787997144,-0.24529226,-0.058353137,0.104842745,0.0,0.0,0.0,0.0,0.0,0.0,0.0,0,3,0,0,0,0,0,3,0,0,0,0,1,0,0
788193374,-0.22625194,-0.053672828,0.10481929,0.0,0.0,0.0,0.0,0.0,0.0,0.0,0,3,0,0,0,0,0,3,0,0,0,0,1,0,0
788394724,-0.17086206,-0.053658534,0.104819275,0.0,0.0,0.0,0.0,0.0,0.0,0.0,0,3,0,0,0,0,0,3,0,0,0,0,1,0,0
788606798,-0.20512863,-0.036278717,0.104819275,0.0,0.0,0.0,0.0,0.0,0.0,0.0,0,3,0,0,0,0,0,3,0,0,0,0,1,0,0
788806730,-0.24259587,-0.0036051017,0.104819275,0.0,0.0,0.0,0.0,0.0,0.0,0.0,0,3,0,0,0,0,0,3,0,0,0,0,1,0,0
788999544,-0.2565601,2.1761593e-06,0.104819275,0.0,0.0,0.0,0.0,0.0,0.0,0.0,0,3,0,0,0,0,0,3,0,0,0,0,1,0,0
789199878,-0.29025412,-3.7284345e-10,0.104819275,0.0,0.0,0.0,0.0,0.0,0.0,0.0,0,3,0,0,0,0,0,3,0,0,0,0,1,0,0
789403522,-0.29241273,-5.9579983e-13,0.104819275,0.0,0.0,0.0,0.0,0.0,0.0,0.0,0,3,0,0,0,0,0,3,0,0,0,0,1,0,0
789601145,-0.289218,6.776833e-16,0.104819275,0.0,0.0,0.0,0.0,0.0,0.0,0.0,0,3,0,0,0,0,0,3,0,0,0,0,1,0,0
789825144,-0.14928436,5.305954e-20,0.104819275,0.0,0.0,0.0,0.0,0.0,0.0,0.0,0,3,0,0,0,0,0,3,0,0,0,0,1,0,0
790013230,-0.008016299,-1.1462453e-22,0.104819275,0.0,0.0,0.0,0.0,0.0,0.0,0.0,0,3,0,0,0,0,0,3,0,0,0,0,1,0,0
790218743,2.7430283e-06,7.755676e-26,0.104819275,0.0,0.0,0.0,0.0,0.0,0.0,0.0,0,3,0,0,0,0,0,3,0,0,0,0,1,0,0
790418750,9.997064e-10,-0.02475681,0.10506816,0.0,0.0,0.0,0.0,0.0,0.0,0.0,0,3,0,0,0,0,0,3,0,0,0,0,1,0,0
790635543,-7.622128e-13,-0.09570718,0.11445127,0.0,0.0,0.0,0.0,0.0,0.0,0.0,0,3,0,0,0,0,0,3,0,0,0,0,1,0,0
790831531,2.3648123e-17,-0.12498407,0.11445783,0.0,0.0,0.0,0.0,0.0,0.0,0.0,0,3,0,0,0,0,0,3,0,0,0,0,1,0,0
791027544,3.0199532e-19,-0.12250996,0.11815516,0.0,0.0,0.0,0.0,0.0,0.0,0.0,0,3,0,0,0,0,0,3,0,0,0,0,1,0,0
791227504,-2.7351623e-22,-0.119530745,0.11927591,0.0,0.0,0.0,0.0,0.0,0.0,0.0,0,3,0,0,0,0,0,3,0,0,0,0,1,0,0
791441134,-3.5692816e-26,-0.14383347,0.13116114,0.0,0.0,0.0,0.0,0.0,0.0,0.0,0,3,0,0,0,0,0,3,0,0,0,0,1,0,0
791637134,4.953718e-29,-0.12686415,0.14393593,0.0,0.0,0.0,0.0,0.0,0.0,0.0,0,3,0,0,0,0,0,3,0,0,0,0,1,0,0
791841944,-2.8115685e-32,-0.102803566,0.15199648,0.0,0.0,0.0,0.0,0.0,0.0,0.0,0,3,0,0,0,0,0,3,0,0,0,0,1,0,0
792042768,3.5642798e-36,-0.056458745,0.15180716,0.0,0.0,0.0,0.0,0.0,0.0,0.0,0,3,0,0,0,0,0,3,0,0,0,0,1,0,0
792250784,8.790791e-39,-0.053674776,0.15699168,0.0,0.0,0.0,0.0,0.0,0.0,0.0,0,3,0,0,0,0,0,3,0,0,0,0,1,0,0
792443556,-9.179e-42,-0.03308425,0.18848115,0.0,0.0,0.0,0.0,0.0,0.0,0.0,0,3,0,0,0,0,0,3,0,0,0,0,1,0,0
792647543,-0.004075403,-0.040970445,0.21277557,0.0,0.0,0.0,0.0,0.0,0.0,0.0,0,3,0,0,0,0,0,3,0,0,0,0,1,0,0
792847532,-0.022297297,-0.0032196369,0.24974948,0.0,0.0,0.0,0.0,0.0,0.0,0.0,0,3,0,0,0,0,0,3,0,0,0,0,1,0,0
793047799,-0.019560099,1.036844e-06,0.2603153,0.0,0.0,0.0,0.0,0.0,0.0,0.0,0,3,0,0,0,0,0,3,0,0,0,0,1,0,0
793245180,-0.032446295,4.5810844e-10,0.2602409,0.0,0.0,0.0,0.0,0.0,0.0,0.0,0,3,0,0,0,0,0,3,0,0,0,0,1,0,0
793457121,-0.09685558,-2.9819677e-13,0.26024097,0.0,0.0,0.0,0.0,0.0,0.0,0.0,0,3,0,0,0,0,0,3,0,0,0,0,1,0,0
793669944,-0.11915148,-1.05636364e-16,0.26024097,0.0,0.0,0.0,0.0,0.0,0.0,0.0,0,3,0,0,0,0,0,3,0,0,0,0,1,0,0
793869944,-0.15571134,6.930802e-20,0.26353195,0.0,0.0,0.0,0.0,0.0,0.0,0.0,0,3,0,0,0,0,0,3,0,0,0,0,1,0,0
794069980,-0.16176909,-1.576105e-23,0.28492147,0.0,0.0,0.0,0.0,0.0,0.0,0.0,0,3,0,0,0,0,0,3,0,0,0,0,1,0,0
794270231,-0.16421333,-1.5584371e-26,0.3151169,0.0,0.0,0.0,0.0,0.0,0.0,0.0,0,3,0,0,0,0,0,3,0,0,0,0,1,0,0
794463587,-0.01110885,2.0269507e-29,0.34533122,0.0,0.0,0.0,0.0,0.0,0.0,0.0,0,3,0,0,0,0,0,3,0,0,0,0,1,0,0
794667497,-2.0111723e-07,-1.1089636e-32,0.37223515,0.0,0.0,0.0,0.0,0.0,0.0,0.0,0,3,0,0,0,0,0,3,0,0,0,0,1,0,0
794869144,4.8776405e-09,1.0965992e-36,0.37468982,0.0,0.0,0.0,0.0,0.0,0.0,0.0,0,3,0,0,0,0,0,3,0,0,0,0,1,0,0
795069143,-0.03512865,3.737183e-39,0.3727727,0.0,0.0,0.0,0.0,0.0,0.0,0.0,0,3,0,0,0,0,0,3,0,0,0,0,1,0,0
795273372,-0.064230025,-0.026470877,0.35424474,0.0,0.0,0.0,0.0,0.0,0.0,0.0,0,3,0,0,0,0,0,3,0,0,0,0,1,0,0
795494658,-0.14265452,-0.06988081,0.34457633,0.0,0.0,0.0,0.0,0.0,0.0,0.0,0,3,0,0,0,0,0,3,0,0,0,0,1,0,0
795678773,-0.15436128,-0.08220549,0.34457836,0.0,0.0,0.0,0.0,0.0,0.0,0.0,0,3,0,0,0,0,0,3,0,0,0,0,1,0,0
795896371,-0.15441176,-0.09441291,0.3445783,0.0,0.0,0.0,0.0,0.0,0.0,0.0,0,3,0,0,0,0,0,3,0,0,0,0,1,0,0
796088375,-0.15270576,-0.09411435,0.3445783,0.0,0.0,0.0,0.0,0.0,0.0,0.0,0,3,0,0,0,0,0,3,0,0,0,0,1,0,0
796292387,-0.11688048,-0.080404185,0.32289958,0.0,0.0,0.0,0.0,0.0,0.0,0.0,0,3,0,0,0,0,0,3,0,0,0,0,1,0,0
796493247,-0.11255904,-0.087852225,0.2891383,0.0,0.0,0.0,0.0,0.0,0.0,0.0,0,3,0,0,0,0,0,3,0,0,0,0,1,0,0
796709198,-0.10784416,-0.00019438996,0.16368468,0.0,0.0,0.0,0.0,0.0,0.0,0.0,0,3,0,0,0,0,0,3,0,0,0,0,1,0,0
796901126,-0.105394505,2.3197451e-08,0.0032044516,0.0,0.0,0.0,0.0,0.0,0.0,0.0,0,3,0,0,0,0,0,3,0,0,0,0,1,0,0
797102770,-0.105392165,6.204042e-11,5.5292303e-06,0.0,0.0,0.0,0.0,0.0,0.0,0.0,0,3,0,0,0,0,0,3,0,0,0,0,1,0,0
797310752,-0.105392165,-1.3182755e-14,0.0,0.0,0.0,0.0,0.0,0.0,0.0,0.0,0,3,0,0,0,0,0,3,0,0,0,0,1,0,0
797506988,-0.13307317,0.007053682,0.0,0.0,0.0,0.0,0.0,0.0,0.0,0.0,0,3,0,0,0,0,0,3,0,0,0,0,1,0,0
797700344,-0.20033069,0.11828272,1.0505142e-15,0.0,0.0,0.0,0.0,0.0,0.0,0.0,0,3,0,0,0,0,0,3,0,0,0,0,1,0,0
797904335,-0.23964268,0.067047045,0.0,0.0,0.0,0.0,0.0,0.0,0.0,0.0,0,3,0,0,0,0,0,3,0,0,0,0,1,0,0
798125965,-0.41926798,0.06850713,0.0,0.0,0.0,0.0,0.0,0.0,0.0,0.0,0,3,0,0,0,0,0,3,0,0,0,0,1,0,0
798309970,-0.5269622,0.058339138,1.5051872e-25,0.0,0.0,0.0,0.0,0.0,0.0,0.0,0,3,0,0,0,0,0,3,0,0,0,0,1,0,0
798517973,-0.72556317,0.053472765,0.0,0.0,0.0,0.0,0.0,0.0,0.0,0.0,0,3,0,0,0,0,0,3,0,0,0,0,1,0,0
798715528,-0.7538919,0.051221948,1.1302731e-31,0.0,0.0,0.0,0.0,0.0,0.0,0.0,0,3,0,0,0,0,0,3,0,0,0,0,1,0,0
798923545,-0.8752159,0.06805026,0.0,-0.025688613,0.0,0.0,0.0,0.0,0.0,0.0,0,3,0,0,0,0,0,3,0,0,0,0,1,0,0
799119514,-0.9997957,0.16089264,0.0,-0.33495227,0.0,0.0,0.0,0.0,0.0,0.0,0,3,0,0,0,0,0,3,0,0,0,0,1,0,0
799321144,-1.0,0.70221806,3.7388e-41,-0.6153597,0.0,0.0,0.0,0.0,0.0,0.0,0,3,0,0,0,0,0,3,0,0,0,0,1,0,0
799521488,-1.0,0.99918157,0.0,-0.852051,0.0,0.0,0.0,0.0,0.0,0.0,0,3,0,0,0,0,0,3,0,0,0,0,1,0,0
799726743,-1.0,1.0,0.0,-1.0,0.0,0.0,0.0,0.0,0.0,0.0,0,3,0,0,0,0,0,3,0,0,0,0,1,0,0
799938752,-1.0,1.0,0.0,-0.99999845,0.0,0.0,0.0,0.0,0.0,0.0,0,3,0,0,0,0,0,3,0,0,0,0,1,0,0
800138706,-1.0,1.0,0.0,-1.0,0.0,0.0,0.0,0.0,0.0,0.0,0,3,0,0,0,0,0,3,0,0,0,0,1,0,0
800348685,-1.0,1.0,0.0,-1.0,0.0,0.0,0.0,0.0,0.0,0.0,0,3,0,0,0,0,0,3,0,0,0,0,1,0,0
800536342,-1.0,1.0,0.0,-1.0,0.0,0.0,0.0,0.0,0.0,0.0,0,3,0,0,0,0,0,3,0,0,0,0,1,0,0
800749961,-1.0,1.0,0.0,-1.0,0.0,0.0,0.0,0.0,0.0,0.0,0,3,0,0,0,0,0,3,0,0,0,0,1,0,0
800945942,-1.0,1.0,0.0,-1.0,0.0,0.0,0.0,0.0,0.0,0.0,0,3,0,0,0,0,0,3,0,0,0,0,1,0,0
801145951,-1.0,1.0,0.0,-1.0,0.0,0.0,0.0,0.0,0.0,0.0,0,3,0,0,0,0,0,3,0,0,0,0,1,0,0
801362767,-1.0,1.0,0.0,-1.0,0.0,0.0,0.0,0.0,0.0,0.0,0,3,0,0,0,0,0,3,0,0,0,0,1,0,0
801562780,-1.0,1.0,0.0,-1.0,0.0,0.0,0.0,0.0,0.0,0.0,0,3,0,0,0,0,0,3,0,0,0,0,1,0,0
