timestamp,voltage_v,voltage_filtered_v,current_a,current_filtered_a,average_current_a,discharged_mah,remaining,scale,temperature,cell_count,capacity,cycle_count,run_time_to_empty,average_time_to_empty,serial_number,connected,system_source,priority,is_powering_off,warning
228860861,23.7554,23.790104,0.0372,0.15839145,0.0,9.198495,0.9293085,1.0096931,0.0,6,0,0,0,0,0,1,1,0,0,0
229365669,23.698,23.764658,0.248,0.15601413,0.0,9.220579,0.9152728,1.0116401,0.0,6,0,0,0,0,0,1,1,0,0,0
229858414,23.6078,23.719467,0.1488,0.14445655,0.0,9.23901,0.89751107,1.0141147,0.0,6,0,0,0,0,0,1,1,0,0,0
230362498,23.6734,23.699436,0.21079999,0.15188594,0.0,9.259779,0.8886948,1.0153475,0.0,6,0,0,0,0,0,1,1,0,0,0
230867272,23.657,23.679127,0.39679998,0.17327958,0.0,9.288191,0.88073975,1.0164624,0.0,6,0,0,0,0,0,1,1,0,0,0
231359214,23.5914,23.673126,0.3348,0.1570182,0.0,9.307231,0.8777638,1.0168802,0.0,6,0,0,0,0,0,1,1,0,0,0
231864901,23.575,23.660244,0.0,0.17688243,0.0,9.335682,0.87307745,1.0175388,0.0,6,0,0,0,0,0,1,1,0,0,0
232369648,23.6406,23.651863,0.0744,0.14421658,0.0,9.3529215,0.8700257,1.017968,0.0,6,0,0,0,0,0,1,1,0,0,0
232863285,23.6734,23.6527,0.2976,0.14372404,0.0,9.372291,0.8699494,1.0179788,0.0,6,0,0,0,0,0,1,1,0,0,0
233368864,23.5422,23.64791,0.372,0.14165968,0.0,9.390977,0.8682752,1.0182143,0.0,6,0,0,0,0,0,1,1,0,0,0
233873676,23.7144,23.647413,0.21079999,0.15073371,0.0,9.413596,0.86797863,1.0182562,0.0,6,0,0,0,0,0,1,1,0,0,0
234365673,23.6242,23.63947,0.024799999,0.14132623,0.0,9.431782,0.8654776,1.0186085,0.0,6,0,0,0,0,0,1,1,0,0,0
234871258,23.6242,23.638739,0.372,0.16305988,0.0,9.455883,0.86519295,1.0186485,0.0,6,0,0,0,0,0,1,1,0,0,0
235376821,22.9354,23.380558,0.1736,0.12227335,0.0,9.469423,0.8369923,1.022638,0.0,6,0,0,0,0,0,1,1,0,0,0
235870498,23.2962,23.128464,0.0744,0.1000096,0.0,9.4791,0.8046418,1.0272532,0.0,6,0,0,0,0,0,1,1,0,0,0
236376034,22.705801,23.041735,0.0,0.069036976,0.0,9.48576,0.7946449,1.0286877,0.0,6,0,0,0,0,0,1,1,0,0,0
236880031,23.0338,22.971714,0.0,0.07475707,0.0,9.4969845,0.7861381,1.0299118,0.0,6,0,0,0,0,0,1,1,0,0,0
237385711,22.9846,22.954338,0.0,0.08507618,0.0,9.5102,0.7896562,1.0294051,0.0,6,0,0,0,0,0,1,1,0,0,0
237879255,22.5992,22.915565,0.1364,0.06736062,0.0,9.518253,0.78258854,1.0304233,0.0,6,0,0,0,0,0,1,1,0,0,0
238384810,22.9026,22.871618,0.1488,0.07357256,0.0,9.529067,0.7730537,1.0317999,0.0,6,0,0,0,0,0,1,1,0,0,0
238890412,23.001,22.89119,0.099199995,0.10252139,0.0,9.546284,0.78009945,1.0307823,0.0,6,0,0,0,0,0,1,1,0,0,0
239384067,22.8206,22.856981,0.0,0.07882509,0.0,9.555082,0.7721887,1.0319251,0.0,6,0,0,0,0,0,1,1,0,0,0
239889655,22.878,22.876587,0.0,0.102629624,0.0,9.572243,0.77425104,1.0316268,0.0,6,0,0,0,0,0,1,1,0,0,0
240394464,22.837,22.853344,0.0,0.06486139,0.0,9.578066,0.7685686,1.0324488,0.0,6,0,0,0,0,0,1,1,0,0,0
240898468,22.8698,22.843248,0.0,0.08300429,0.0,9.591379,0.7660046,1.0328201,0.0,6,0,0,0,0,0,1,1,0,0,0
241392153,22.9682,22.840593,0.16119999,0.109022446,0.0,9.609455,0.76563364,1.0328739,0.0,6,0,0,0,0,0,1,1,0,0,0
241897614,22.8534,22.826223,0.0,0.09883623,0.0,9.621748,0.76053816,1.0336126,0.0,6,0,0,0,0,0,1,1,0,0,0
242402539,22.796,22.798216,0.0,0.06656628,0.0,9.627728,0.75231844,1.0348065,0.0,6,0,0,0,0,0,1,1,0,0,0
242894475,21.8038,22.777555,0.099199995,0.079835,0.0,9.639665,0.7475081,1.0355065,0.0,6,0,0,0,0,0,1,1,0,0,0
243399201,22.9764,22.709835,0.0,0.088540986,0.0,9.651813,0.72802836,1.0383509,0.0,6,0,0,0,0,0,1,1,0,0,0
243904899,22.9026,22.762794,0.31,0.123291254,0.0,9.672236,0.7329522,1.0376304,0.0,6,0,0,0,0,0,1,1,0,0,0
244398496,22.8944,22.75949,0.0,0.07236645,0.0,9.677359,0.7296029,1.0381204,0.0,6,0,0,0,0,0,1,1,0,0,0
244904043,22.705801,22.768848,0.0,0.09073267,0.0,9.6928425,0.73288685,1.03764,0.0,6,0,0,0,0,0,1,1,0,0,0
245408043,22.919,22.747736,0.434,0.07416352,0.0,9.701055,0.72764593,1.0384068,0.0,6,0,0,0,0,0,1,1,0,0,0
245901620,22.5582,22.751284,0.0,0.0769083,0.0,9.71271,0.7301026,1.0380473,0.0,6,0,0,0,0,0,1,1,0,0,0
246407335,22.705801,22.751917,0.0,0.08154008,0.0,9.724106,0.7320805,1.037758,0.0,6,0,0,0,0,0,1,1,0,0,0
246912850,22.4106,22.71801,0.0372,0.075093195,0.0,9.735137,0.72263247,1.0391415,0.0,6,0,0,0,0,0,1,1,0,0,0
247406417,22.8698,22.73353,0.012399999,0.10652608,0.0,9.752387,0.7279549,1.0383617,0.0,6,0,0,0,0,0,1,1,0,0,0
247912147,22.4434,22.702654,0.0,0.08748108,0.0,9.763407,0.71965176,1.0395788,0.0,6,0,0,0,0,0,1,1,0,0,0
248417603,22.6648,22.71312,0.0,0.07230185,0.0,9.773219,0.7232657,1.0390487,0.0,6,0,0,0,0,0,1,1,0,0,0
248911344,22.8042,22.695423,0.024799999,0.0685695,0.0,9.782726,0.71786314,1.0398414,0.0,6,0,0,0,0,0,1,1,0,0,0
249415280,22.591,22.710516,0.2232,0.100245975,0.0,9.800513,0.7219582,1.0392405,0.0,6,0,0,0,0,0,1,1,0,0,0
249920886,22.8698,22.692614,0.0,0.07756096,0.0,9.809437,0.717568,1.0398847,0.0,6,0,0,0,0,0,1,1,0,0,0
250414440,22.4106,22.685661,0.0,0.06712572,0.0,9.817872,0.71553665,1.0401831,0.0,6,0,0,0,0,0,1,1,0,0,0
250920044,23.0338,22.669382,0.32239997,0.073414296,0.0,9.829159,0.710692,1.0408955,0.0,6,0,0,0,0,0,1,1,0,0,0
251425618,22.7304,22.644924,0.0868,0.07371455,0.0,9.839797,0.70429045,1.0418383,0.0,6,0,0,0,0,0,1,1,0,0,0
251919243,22.4762,22.663454,0.248,0.08908327,0.0,9.854455,0.7104507,1.040931,0.0,6,0,0,0,0,0,1,1,0,0,0
252424113,22.5992,22.661833,0.0,0.077144265,0.0,9.863953,0.7112475,1.0408138,0.0,6,0,0,0,0,0,1,1,0,0,0
252928095,22.6484,22.670483,0.0372,0.07863319,0.0,9.876397,0.715396,1.0402038,0.0,6,0,0,0,0,0,1,1,0,0,0
253421644,22.7878,22.666769,0.2976,0.089646436,0.0,9.88988,0.7147499,1.0402987,0.0,6,0,0,0,0,0,1,1,0,0,0
253927290,22.7878,22.639526,0.35959998,0.07909245,0.0,9.8986025,0.7040811,1.0418692,0.0,6,0,0,0,0,0,1,1,0,0,0
254432837,22.3778,22.6426,0.0,0.06402707,0.0,9.9064045,0.7020746,1.042165,0.0,6,0,0,0,0,0,1,1,0,0,0
254926490,22.714,22.637861,0.19839999,0.07529148,0.0,9.916408,0.70093447,1.0423331,0.0,6,0,0,0,0,0,1,1,0,0,0
255432221,22.5746,22.623781,0.0,0.06473508,0.0,9.924097,0.6978236,1.0427923,0.0,6,0,0,0,0,0,1,1,0,0,0
255937747,22.9272,22.64385,0.049599998,0.08398678,0.0,9.93803,0.7042766,1.0418403,0.0,6,0,0,0,0,0,1,1,0,0,0
256429694,22.5746,22.637825,0.2232,0.089777365,0.0,9.950087,0.7026387,1.0420817,0.0,6,0,0,0,0,0,1,1,0,0,0
256935245,22.468,22.62628,0.0,0.09086589,0.0,9.9644375,0.69943243,1.0425549,0.0,6,0,0,0,0,0,1,1,0,0,0
257440854,22.6074,22.637827,0.0,0.095993154,0.0,9.977903,0.70372015,1.0419223,0.0,6,0,0,0,0,0,1,1,0,0,0
257934437,22.6648,22.616045,0.0,0.08201343,0.0,9.987651,0.69789463,1.0427818,0.0,6,0,0,0,0,0,1,1,0,0,0
258440109,22.4106,22.626831,0.0,0.08963148,0.0,10.000939,0.70127016,1.0422837,0.0,6,0,0,0,0,0,1,1,0,0,0
258945684,22.55,22.628698,0.024799999,0.087694064,0.0,10.013267,0.70239073,1.0421183,0.0,6,0,0,0,0,0,1,1,0,0,0
259439228,22.8288,22.620928,0.0,0.07895386,0.0,10.022676,0.7004557,1.0424038,0.0,6,0,0,0,0,0,1,1,0,0,0
259944861,22.6812,22.619516,0.16119999,0.08837686,0.0,10.037066,0.7004872,1.0423992,0.0,6,0,0,0,0,0,1,1,0,0,0
260449616,22.427,22.627245,0.19839999,0.09272924,0.0,10.049181,0.70302016,1.0420254,0.0,6,0,0,0,0,0,1,1,0,0,0
260941614,22.673,22.613235,0.0,0.07053838,0.0,10.056628,0.6987935,1.0426491,0.0,6,0,0,0,0,0,1,1,0,0,0
261446483,22.591,22.609184,0.0,0.07279439,0.0,10.068222,0.6971498,1.0428919,0.0,6,0,0,0,0,0,1,1,0,0,0
261952157,22.4762,22.629084,0.0868,0.086028464,0.0,10.08244,0.70315987,1.042005,0.0,6,0,0,0,0,0,1,1,0,0,0
262444069,22.3614,22.611727,0.0,0.08349712,0.0,10.092781,0.69837004,1.0427117,0.0,6,0,0,0,0,0,1,1,0,0,0
262949645,22.7304,22.608969,0.0,0.08722967,0.0,10.104597,0.6976543,1.0428174,0.0,6,0,0,0,0,0,1,1,0,0,0
263454484,22.7386,22.617271,0.0,0.10091096,0.0,10.120302,0.70116,1.0422999,0.0,6,0,0,0,0,0,1,1,0,0,0
263948010,22.5582,22.61041,0.024799999,0.09113909,0.0,10.131764,0.6989327,1.0426286,0.0,6,0,0,0,0,0,1,1,0,0,0
264453671,22.5418,22.608175,0.0,0.086323835,0.0,10.143512,0.69877297,1.0426521,0.0,6,0,0,0,0,0,1,1,0,0,0
264959217,22.7386,22.608425,0.099199995,0.07598423,0.0,10.152396,0.6981316,1.0427469,0.0,6,0,0,0,0,0,1,1,0,0,0
265451272,22.4762,22.599958,0.024799999,0.07184575,0.0,10.163067,0.69572836,1.0431019,0.0,6,0,0,0,0,0,1,1,0,0,0
265957022,22.5418,22.60034,0.0,0.07640149,0.0,10.17447,0.6957088,1.0431048,0.0,6,0,0,0,0,0,1,1,0,0,0
266462500,22.7222,22.602339,0.0,0.078296594,0.0,10.185223,0.6964088,1.0430013,0.0,6,0,0,0,0,0,1,1,0,0,0
266956041,22.427,22.587452,0.049599998,0.07935833,0.0,10.195685,0.6915179,1.0437244,0.0,6,0,0,0,0,0,1,1,0,0,0
267461668,22.6074,22.571833,0.1736,0.067290455,0.0,10.203246,0.68650633,1.0444664,0.0,6,0,0,0,0,0,1,1,0,0,0
267966402,22.5664,22.559023,0.19839999,0.09499054,0.0,10.219213,0.6828428,1.0450094,0.0,6,0,0,0,0,0,1,1,0,0,0
268458409,22.5418,22.575926,0.2728,0.108438216,0.0,10.236268,0.6876536,1.0442964,0.0,6,0,0,0,0,0,1,1,0,0,0
268963993,22.6484,22.586409,0.0,0.08490542,0.0,10.246378,0.691001,1.0438008,0.0,6,0,0,0,0,0,1,1,0,0,0
269469665,22.6238,22.586073,0.2232,0.100056514,0.0,10.260416,0.69100004,1.043801,0.0,6,0,0,0,0,0,1,1,0,0,0
269962523,22.673,22.573614,0.35959998,0.110538006,0.0,10.274806,0.68665034,1.0444449,0.0,6,0,0,0,0,0,1,1,0,0,0
270468096,22.5172,22.560251,0.2976,0.097495265,0.0,10.287352,0.68262964,1.045041,0.0,6,0,0,0,0,0,1,1,0,0,0
270972193,22.5746,22.548954,0.0,0.07195014,0.0,10.29535,0.67853075,1.0456492,0.0,6,0,0,0,0,0,1,1,0,0,0
271465641,22.058,22.543154,0.0,0.07736642,0.0,10.307678,0.67681414,1.0459042,0.0,6,0,0,0,0,0,1,1,0,0,0
271970453,22.6812,22.543695,0.0,0.11382663,0.0,10.325873,0.67714983,1.0458543,0.0,6,0,0,0,0,0,1,1,0,0,0
272476008,22.7304,22.530434,0.0,0.074982725,0.0,10.332041,0.6732512,1.0464337,0.0,6,0,0,0,0,0,1,1,0,0,0
272969636,22.7386,22.55202,0.0744,0.08343023,0.0,10.343833,0.67963034,1.045486,0.0,6,0,0,0,0,0,1,1,0,0,0
273475293,22.714,22.54684,0.0,0.07605112,0.0,10.353549,0.6781965,1.0456989,0.0,6,0,0,0,0,0,1,1,0,0,0
273979287,22.6484,22.528196,0.2728,0.0771442,0.0,10.364176,0.67273957,1.0465099,0.0,6,0,0,0,0,0,1,1,0,0,0
274484118,22.427,22.520292,0.0744,0.06179204,0.0,10.37193,0.6704965,1.0468435,0.0,6,0,0,0,0,0,1,1,0,0,0
274977639,22.5418,22.513145,0.099199995,0.06877276,0.0,10.382363,0.6683956,1.0471563,0.0,6,0,0,0,0,0,1,1,0,0,0
275483238,22.837,22.525314,0.2232,0.06961584,0.0,10.3922415,0.6720877,1.0466068,0.0,6,0,0,0,0,0,1,1,0,0,0
275988833,22.6648,22.533875,0.0,0.08236801,0.0,10.405144,0.67430216,1.0462775,0.0,6,0,0,0,0,0,1,1,0,0,0
276481651,22.5746,22.536217,0.0,0.07605096,0.0,10.4146805,0.6753517,1.0461215,0.0,6,0,0,0,0,0,1,1,0,0,0
276985617,22.6074,22.524837,0.1736,0.06803945,0.0,10.4235735,0.67206913,1.0466095,0.0,6,0,0,0,0,0,1,1,0,0,0
277491320,22.4106,22.52184,0.0,0.05751698,0.0,10.430148,0.6713076,1.0467229,0.0,6,0,0,0,0,0,1,1,0,0,0
277996905,22.6648,22.509668,0.0,0.0636026,0.0,10.439806,0.66763645,1.0472693,0.0,6,0,0,0,0,0,1,1,0,0,0
278993662,22.1892,22.50379,0.0,0.06547034,0.0,10.45849,0.6662217,1.0474801,0.0,6,0,0,0,0,0,1,1,0,0,0
279499234,22.4106,22.502857,0.0,0.06569302,0.0,10.468202,0.6656671,1.0475627,0.0,6,0,0,0,0,0,1,1,0,0,0
279992879,22.6402,22.513401,0.124,0.08085214,0.0,10.481744,0.6686812,1.0471138,0.0,6,0,0,0,0,0,1,1,0,0,0
280497634,22.345,22.51718,0.0372,0.0765828,0.0,10.492191,0.6701761,1.0468912,0.0,6,0,0,0,0,0,1,1,0,0,0
281002485,22.402401,22.511803,0.024799999,0.057996105,0.0,10.499163,0.6690164,1.0470638,0.0,6,0,0,0,0,0,1,1,0,0,0
281494450,22.6566,22.513107,0.049599998,0.07344448,0.0,10.51091,0.6694642,1.0469972,0.0,6,0,0,0,0,0,1,1,0,0,0
282000115,22.4106,22.492407,0.0,0.075616114,0.0,10.521969,0.66329676,1.0479162,0.0,6,0,0,0,0,0,1,1,0,0,0
282505671,22.4926,22.506807,0.0,0.06234198,0.0,10.528985,0.66772705,1.0472559,0.0,6,0,0,0,0,0,1,1,0,0,0
282999197,22.3122,22.494455,0.0,0.079997964,0.0,10.541343,0.6644898,1.0477382,0.0,6,0,0,0,0,0,1,1,0,0,0
283504952,22.6484,22.496687,0.049599998,0.06866712,0.0,10.549652,0.6653877,1.0476043,0.0,6,0,0,0,0,0,1,1,0,0,0
284010448,22.4926,22.494686,0.0,0.068020895,0.0,10.558628,0.66536146,1.0476083,0.0,6,0,0,0,0,0,1,1,0,0,0
284502550,22.55,22.49596,0.0,0.06253505,0.0,10.566544,0.6655012,1.0475875,0.0,6,0,0,0,0,0,1,1,0,0,0
285008057,22.6402,22.500177,0.0372,0.056258596,0.0,10.57375,0.66693836,1.0473733,0.0,6,0,0,0,0,0,1,1,0,0,0
285513677,22.2794,22.496033,0.049599998,0.0643031,0.0,10.582304,0.6659866,1.0475152,0.0,6,0,0,0,0,0,1,1,0,0,0
286007239,22.6074,22.48819,0.062,0.07122441,0.0,10.592901,0.66367394,1.0478599,0.0,6,0,0,0,0,0,1,1,0,0,0
286512811,22.6238,22.49094,0.0,0.093499444,0.0,10.607344,0.6643277,1.0477624,0.0,6,0,0,0,0,0,1,1,0,0,0
287017612,22.5746,22.479555,0.012399999,0.08086473,0.0,10.618004,0.660626,1.0483146,0.0,6,0,0,0,0,0,1,1,0,0,0
287511290,22.4598,22.47261,0.0,0.073936835,0.0,10.627139,0.65782887,1.0487322,0.0,6,0,0,0,0,0,1,1,0,0,0
288015322,22.3532,22.470722,0.0868,0.05620656,0.0,10.633051,0.6568733,1.0488749,0.0,6,0,0,0,0,0,1,1,0,0,0
288520889,22.3122,22.470013,0.0,0.07405356,0.0,10.644536,0.6570063,1.0488551,0.0,6,0,0,0,0,0,1,1,0,0,0
289013681,22.4434,22.480864,0.099199995,0.081080444,0.0,10.65487,0.6605297,1.0483289,0.0,6,0,0,0,0,0,1,1,0,0,0
289518451,22.4188,22.488426,0.0744,0.09492301,0.0,10.668794,0.6628004,1.0479902,0.0,6,0,0,0,0,0,1,1,0,0,0
290022505,22.5418,22.480463,0.1364,0.097158335,0.0,10.682481,0.65989214,1.0484241,0.0,6,0,0,0,0,0,1,1,0,0,0
290516005,22.509,22.473715,0.099199995,0.08902389,0.0,10.693194,0.65807253,1.0486958,0.0,6,0,0,0,0,0,1,1,0,0,0
291021671,22.4926,22.479727,0.062,0.07871686,0.0,10.702952,0.66027886,1.0483664,0.0,6,0,0,0,0,0,1,1,0,0,0
291526411,22.2794,22.460499,0.0,0.07738197,0.0,10.71366,0.6544805,1.0492325,0.0,6,0,0,0,0,0,1,1,0,0,0
292020040,22.4598,22.46922,0.0,0.0837165,0.0,10.725865,0.6569887,1.0488577,0.0,6,0,0,0,0,0,1,1,0,0,0
292524041,22.6566,22.47014,0.0744,0.07520919,0.0,10.735065,0.65712076,1.0488379,0.0,6,0,0,0,0,0,1,1,0,0,0
293029698,22.5664,22.483484,0.0,0.06679682,0.0,10.744503,0.6609879,1.0482606,0.0,6,0,0,0,0,0,1,1,0,0,0
293522487,22.3204,22.462582,0.1488,0.051056463,0.0,10.7498045,0.6549893,1.0491564,0.0,6,0,0,0,0,0,1,1,0,0,0
294028037,22.2958,22.46525,0.0,0.070466645,0.0,10.763066,0.65624624,1.0489687,0.0,6,0,0,0,0,0,1,1,0,0,0
294521632,22.55,22.450785,0.0,0.065207414,0.0,10.772473,0.652319,1.0495558,0.0,6,0,0,0,0,0,1,1,0,0,0
295026482,22.058,22.458729,0.0,0.077847324,0.0,10.783735,0.6548787,1.049173,0.0,6,0,0,0,0,0,1,1,0,0,0
295530440,22.4926,22.462337,0.024799999,0.082754344,0.0,10.796133,0.65538746,1.049097,0.0,6,0,0,0,0,0,1,1,0,0,0
296024078,22.5418,22.452168,0.062,0.08406717,0.0,10.808518,0.65191704,1.0496159,0.0,6,0,0,0,0,0,1,1,0,0,0
296529646,22.5746,22.45017,0.39679998,0.07915458,0.0,10.8190775,0.6514779,1.0496817,0.0,6,0,0,0,0,0,1,1,0,0,0
297034455,22.6566,22.449787,0.099199995,0.07902365,0.0,10.830192,0.65216976,1.0495781,0.0,6,0,0,0,0,0,1,1,0,0,0
297526519,22.4434,22.450144,0.124,0.07767412,0.0,10.84049,0.65218025,1.0495765,0.0,6,0,0,0,0,0,1,1,0,0,0
298032184,22.451601,22.454933,0.0,0.06957495,0.0,10.8490305,0.65326124,1.0494149,0.0,6,0,0,0,0,0,1,1,0,0,0
298537657,22.7304,22.454063,0.0868,0.07013738,0.0,10.858408,0.65361744,1.0493616,0.0,6,0,0,0,0,0,1,1,0,0,0
299031331,22.4106,22.445726,0.0,0.07160018,0.0,10.8683195,0.6508251,1.0497793,0.0,6,0,0,0,0,0,1,1,0,0,0
299536043,22.5254,22.448067,0.024799999,0.0766349,0.0,10.879479,0.65155274,1.0496705,0.0,6,0,0,0,0,0,1,1,0,0,0
300028948,22.3942,22.438187,0.024799999,0.069289036,0.0,10.887512,0.6482473,1.0501652,0.0,6,0,0,0,0,0,1,1,0,0,0
300533689,23.0584,22.443361,0.0,0.06970512,0.0,10.897062,0.6497603,1.0499387,0.0,6,0,0,0,0,0,1,1,0,0,0
301039280,22.4926,22.447554,0.2604,0.085997276,0.0,10.910366,0.6503077,1.0498568,0.0,6,0,0,0,0,0,1,1,0,0,0
301544073,22.3942,22.438347,0.099199995,0.06713832,0.0,10.91869,0.64820915,1.0501709,0.0,6,0,0,0,0,0,1,1,0,0,0
302037595,22.4106,22.448433,0.099199995,0.08396561,0.0,10.932946,0.6516319,1.0496585,0.0,6,0,0,0,0,0,1,1,0,0,0
302543275,22.2958,22.442123,0.1736,0.11043003,0.0,10.950357,0.65039545,1.0498437,0.0,6,0,0,0,0,0,1,1,0,0,0
303048046,22.4844,22.448284,0.2232,0.09805971,0.0,10.963001,0.65207344,1.0495925,0.0,6,0,0,0,0,0,1,1,0,0,0
303540064,22.5254,22.445168,0.049599998,0.07931588,0.0,10.971542,0.6506749,1.0498018,0.0,6,0,0,0,0,0,1,1,0,0,0
304045685,22.4106,22.436365,0.024799999,0.07733627,0.0,10.981853,0.64802605,1.0501983,0.0,6,0,0,0,0,0,1,1,0,0,0
304551250,22.5418,22.445358,0.31,0.09322773,0.0,10.996301,0.6506706,1.0498024,0.0,6,0,0,0,0,0,1,1,0,0,0
305044061,22.5254,22.453316,0.19839999,0.100852065,0.0,11.009852,0.6530877,1.0494409,0.0,6,0,0,0,0,0,1,1,0,0,0
305548031,22.5828,22.441856,0.0,0.098801754,0.0,11.022684,0.6490641,1.050043,0.0,6,0,0,0,0,0,1,1,0,0,0
306052872,22.5336,22.443426,0.0,0.07126402,0.0,11.030103,0.64867646,1.0501009,0.0,6,0,0,0,0,0,1,1,0,0,0
306545625,22.3204,22.44913,0.186,0.07463777,0.0,11.040303,0.64871794,1.0500947,0.0,6,0,0,0,0,0,1,1,0,0,0
307049626,22.509,22.451982,0.21079999,0.07458485,0.0,11.050504,0.65166146,1.0496541,0.0,6,0,0,0,0,0,1,1,0,0,0
307554476,22.468,22.448957,0.0744,0.06742872,0.0,11.060077,0.65157944,1.0496664,0.0,6,0,0,0,0,0,1,1,0,0,0
308048009,22.5664,22.436874,0.0,0.06792427,0.0,11.069405,0.64840466,1.0501417,0.0,6,0,0,0,0,0,1,1,0,0,0
308553712,22.2548,22.41597,0.19839999,0.06619079,0.0,11.078645,0.63899904,1.0515522,0.0,6,0,0,0,0,0,1,1,0,0,0
309058445,22.4106,22.42242,0.0,0.06616392,0.0,11.088071,0.6388007,1.051582,0.0,6,0,0,0,0,0,1,1,0,0,0
309550479,22.345,22.42144,0.0744,0.06888589,0.0,11.098127,0.6390534,1.051544,0.0,6,0,0,0,0,0,1,1,0,0,0
310056089,22.263,22.423735,0.0,0.07342968,0.0,11.109317,0.64144665,1.0511848,0.0,6,0,0,0,0,0,1,1,0,0,0
310561632,22.468,22.425278,0.0,0.08685417,0.0,11.123678,0.6429067,1.0509657,0.0,6,0,0,0,0,0,1,1,0,0,0
311066468,22.6566,22.445751,0.39679998,0.09637137,0.0,11.137327,0.64974266,1.0499413,0.0,6,0,0,0,0,0,1,1,0,0,0
311558435,22.3614,22.436567,0.0,0.07971264,0.0,11.145976,0.64702755,1.0503479,0.0,6,0,0,0,0,0,1,1,0,0,0
312064061,22.3778,22.441189,0.0,0.0724354,0.0,11.155941,0.64865977,1.0501035,0.0,6,0,0,0,0,0,1,1,0,0,0
312569666,22.509,22.44616,0.1116,0.0742773,0.0,11.166054,0.6505447,1.0498213,0.0,6,0,0,0,0,0,1,1,0,0,0
313062500,22.3778,22.444103,0.0,0.08524767,0.0,11.178915,0.65026575,1.049863,0.0,6,0,0,0,0,0,1,1,0,0,0
313568042,22.0416,22.434391,0.0,0.076402776,0.0,11.188768,0.6477633,1.0502378,0.0,6,0,0,0,0,0,1,1,0,0,0
314073717,22.4434,22.436247,0.0,0.068333894,0.0,11.197492,0.64836127,1.0501481,0.0,6,0,0,0,0,0,1,1,0,0,0
314566445,22.427,22.422895,0.0,0.06514109,0.0,11.2063875,0.64453083,1.0507221,0.0,6,0,0,0,0,0,1,1,0,0,0
315070461,22.5582,22.422316,0.0,0.065206766,0.0,11.216872,0.6447578,1.0506881,0.0,6,0,0,0,0,0,1,1,0,0,0
315576068,22.5254,22.427168,0.0372,0.07850968,0.0,11.2292,0.64626557,1.0504621,0.0,6,0,0,0,0,0,1,1,0,0,0
316069632,22.1318,22.430937,0.0,0.082989626,0.0,11.241496,0.6471291,1.0503328,0.0,6,0,0,0,0,0,1,1,0,0,0
316575282,22.4926,22.434332,0.124,0.085976295,0.0,11.253245,0.6476489,1.050255,0.0,6,0,0,0,0,0,1,1,0,0,0
317068842,22.3368,22.430721,0.0,0.0710054,0.0,11.260906,0.6461559,1.0504786,0.0,6,0,0,0,0,0,1,1,0,0,0
317574464,22.3696,22.43236,0.0,0.065364875,0.0,11.270433,0.6466103,1.0504104,0.0,6,0,0,0,0,0,1,1,0,0,0
318079282,22.5254,22.417435,0.23560001,0.06631524,0.0,11.28015,0.64333016,1.0509021,0.0,6,0,0,0,0,0,1,1,0,0,0
318572047,22.5172,22.440495,0.0,0.08703351,0.0,11.294349,0.6499501,1.0499103,0.0,6,0,0,0,0,0,1,1,0,0,0
319076869,22.2794,22.431686,0.0,0.08858752,0.0,11.307033,0.6479011,1.0502172,0.0,6,0,0,0,0,0,1,1,0,0,0
319581675,22.5418,22.432129,0.124,0.08791991,0.0,11.319526,0.64819247,1.0501735,0.0,6,0,0,0,0,0,1,1,0,0,0
320073640,22.6402,22.435574,0.0372,0.07450723,0.0,11.328653,0.6489096,1.050066,0.0,6,0,0,0,0,0,1,1,0,0,0
320579310,22.2466,22.430065,0.0,0.06530899,0.0,11.336501,0.64731413,1.050305,0.0,6,0,0,0,0,0,1,1,0,0,0
321084872,22.345,22.426596,0.1736,0.08739106,0.0,11.350746,0.6470099,1.0503507,0.0,6,0,0,0,0,0,1,1,0,0,0
321577687,22.017,22.422028,0.0,0.106990755,0.0,11.36708,0.64619976,1.0504719,0.0,6,0,0,0,0,0,1,1,0,0,0
322083258,22.3942,22.421383,0.049599998,0.105319574,0.0,11.381547,0.6452561,1.0506134,0.0,6,0,0,0,0,0,1,1,0,0,0
322588053,22.3122,22.42281,0.0,0.09240615,0.0,11.393614,0.6454192,1.050589,0.0,6,0,0,0,0,0,1,1,0,0,0
323080005,22.345,22.402954,0.024799999,0.08142974,0.0,11.404092,0.6396652,1.0514522,0.0,6,0,0,0,0,0,1,1,0,0,0
323585621,22.4434,22.408152,0.0,0.08255307,0.0,11.416201,0.6415482,1.0511695,0.0,6,0,0,0,0,0,1,1,0,0,0
324091216,22.4106,22.352797,0.024799999,0.067306735,0.0,11.424741,0.62906414,1.0530461,0.0,6,0,0,0,0,0,1,1,0,0,0
324584893,22.451601,22.37842,0.0744,0.073515944,0.0,11.435886,0.6353045,1.0521072,0.0,6,0,0,0,0,0,1,1,0,0,0
325090466,21.9022,22.33747,0.0,0.076096006,0.0,11.447651,0.6217037,1.0541558,0.0,6,0,0,0,0,0,1,1,0,0,0
325596072,22.402401,22.358217,0.024799999,0.06481982,0.0,11.456095,0.6187597,1.0546002,0.0,6,0,0,0,0,0,1,1,0,0,0
326089661,22.3942,22.346909,0.124,0.07032778,0.0,11.466206,0.6187354,1.0546039,0.0,6,0,0,0,0,0,1,1,0,0,0
326595275,22.5746,22.373072,0.16119999,0.08806057,0.0,11.479681,0.62528855,1.0536151,0.0,6,0,0,0,0,0,1,1,0,0,0
327099212,22.3286,22.367468,0.099199995,0.07940509,0.0,11.489514,0.62641054,1.0534459,0.0,6,0,0,0,0,0,1,1,0,0,0
327604908,22.6074,22.363308,0.0,0.07839133,0.0,11.500301,0.6275111,1.0532801,0.0,6,0,0,0,0,0,1,1,0,0,0
328098468,22.591,22.360466,0.099199995,0.07131365,0.0,11.510095,0.6216865,1.0541583,0.0,6,0,0,0,0,0,1,1,0,0,0
328604031,22.509,22.385838,0.1116,0.06614424,0.0,11.519204,0.62741524,1.0532945,0.0,6,0,0,0,0,0,1,1,0,0,0
329109624,22.451601,22.381798,0.0,0.06737985,0.0,11.528662,0.6282845,1.0531636,0.0,6,0,0,0,0,0,1,1,0,0,0
329603285,22.263,22.380241,0.19839999,0.07286731,0.0,11.539851,0.6306911,1.0528013,0.0,6,0,0,0,0,0,1,1,0,0,0
330108091,22.1564,22.334766,0.0744,0.06314934,0.0,11.547877,0.621018,1.0542592,0.0,6,0,0,0,0,0,1,1,0,0,0
330612173,22.5582,22.304941,0.0,0.06402038,0.0,11.5577755,0.6048861,1.0566999,0.0,6,0,0,0,0,0,1,1,0,0,0
331117687,22.2712,22.330437,0.2232,0.06997956,0.0,11.568022,0.6087275,1.0561177,0.0,6,0,0,0,0,0,1,1,0,0,0
331611271,22.55,22.338543,0.1488,0.077534534,0.0,11.580016,0.61393934,1.0553287,0.0,6,0,0,0,0,0,1,1,0,0,0
332116038,22.4762,22.344885,0.32239997,0.0781998,0.0,11.589907,0.61765915,1.0547665,0.0,6,0,0,0,0,0,1,1,0,0,0
332621649,22.4844,22.344467,0.0,0.06416539,0.0,11.598175,0.6193524,1.0545107,0.0,6,0,0,0,0,0,1,1,0,0,0
333115260,22.2466,22.317429,0.0,0.06048065,0.0,11.606437,0.6143318,1.0552695,0.0,6,0,0,0,0,0,1,1,0,0,0
333620862,22.345,22.338812,0.049599998,0.08211533,0.0,11.619287,0.61908966,1.0545504,0.0,6,0,0,0,0,0,1,1,0,0,0
334124834,22.4926,22.337296,0.0,0.074930415,0.0,11.629257,0.6152769,1.0551265,0.0,6,0,0,0,0,0,1,1,0,0,0
334617718,22.6074,22.351135,0.42159998,0.08782211,0.0,11.64219,0.61920935,1.0545323,0.0,6,0,0,0,0,0,1,1,0,0,0
335122469,22.402401,22.33707,0.31,0.09373451,0.0,11.655016,0.615542,1.0550865,0.0,6,0,0,0,0,0,1,1,0,0,0
335627249,22.2466,22.319506,0.0,0.08636521,0.0,11.666396,0.6132117,1.0554389,0.0,6,0,0,0,0,0,1,1,0,0,0
336120028,22.5172,22.301867,0.049599998,0.07630347,0.0,11.675841,0.60997254,1.0559291,0.0,6,0,0,0,0,0,1,1,0,0,0
336625646,22.5418,22.324457,0.024799999,0.07918167,0.0,11.687544,0.6156965,1.055063,0.0,6,0,0,0,0,0,1,1,0,0,0
337119207,22.3778,22.340258,0.0,0.06831769,0.0,11.696422,0.6178575,1.0547365,0.0,6,0,0,0,0,0,1,1,0,0,0
337624895,22.2958,22.342306,0.0,0.065451555,0.0,11.705472,0.61630636,1.054971,0.0,6,0,0,0,0,0,1,1,0,0,0
338130455,22.3614,22.345352,0.0,0.06262621,0.0,11.7148485,0.6188012,1.0545939,0.0,6,0,0,0,0,0,1,1,0,0,0
338624055,22.5418,22.333212,0.19839999,0.08861604,0.0,11.728342,0.6166354,1.0549212,0.0,6,0,0,0,0,0,1,1,0,0,0
339129665,21.9842,22.338858,0.0,0.08897178,0.0,11.739891,0.6190029,1.0545635,0.0,6,0,0,0,0,0,1,1,0,0,0
339635234,22.222,22.365377,0.35959998,0.08967174,0.0,11.751829,0.6244469,1.0537419,0.0,6,0,0,0,0,0,1,1,0,0,0
340128865,22.5336,22.36137,0.0372,0.074691735,0.0,11.75976,0.62251097,1.0540339,0.0,6,0,0,0,0,0,1,1,0,0,0
340633649,22.427,22.34887,0.0,0.07617792,0.0,11.77001,0.6192809,1.0545216,0.0,6,0,0,0,0,0,1,1,0,0,0
341137652,22.345,22.344532,0.062,0.09237149,0.0,11.78448,0.6183463,1.0546627,0.0,6,0,0,0,0,0,1,1,0,0,0
341642500,22.1072,22.351244,0.0,0.08745745,0.0,11.796252,0.62067896,1.0543104,0.0,6,0,0,0,0,0,1,1,0,0,0
342136069,22.345,22.356804,0.049599998,0.0943132,0.0,11.808829,0.6223908,1.0540521,0.0,6,0,0,0,0,0,1,1,0,0,0
342641609,22.0826,22.347206,0.0,0.07910996,0.0,11.819359,0.61992365,1.0544244,0.0,6,0,0,0,0,0,1,1,0,0,0
343145684,22.4434,22.373178,0.0,0.07268911,0.0,11.8290415,0.6259456,1.053516,0.0,6,0,0,0,0,0,1,1,0,0,0
343638457,22.4188,22.359436,0.0,0.065432265,0.0,11.836842,0.6232696,1.0539194,0.0,6,0,0,0,0,0,1,1,0,0,0
344144019,22.5746,22.357622,0.248,0.07415099,0.0,11.848135,0.6230646,1.0539504,0.0,6,0,0,0,0,0,1,1,0,0,0
344649701,22.2384,22.358515,0.0,0.06690431,0.0,11.8573,0.6229401,1.0539691,0.0,6,0,0,0,0,0,1,1,0,0,0
345143270,22.2958,22.342339,0.0,0.07433776,0.0,11.868319,0.6191359,1.0545434,0.0,6,0,0,0,0,0,1,1,0,0,0
345648910,22.3778,22.344557,0.2728,0.08283354,0.0,11.880392,0.6199108,1.0544264,0.0,6,0,0,0,0,0,1,1,0,0,0
346142493,22.304,22.347637,0.099199995,0.083461575,0.0,11.8925085,0.619031,1.0545592,0.0,6,0,0,0,0,0,1,1,0,0,0
346646475,22.3204,22.380114,0.0,0.08698033,0.0,11.905025,0.6255966,1.0535686,0.0,6,0,0,0,0,0,1,1,0,0,0
347152043,22.2712,22.400303,0.0372,0.08725914,0.0,11.917714,0.62867266,1.0531051,0.0,6,0,0,0,0,0,1,1,0,0,0
347657698,22.2794,22.38402,0.19839999,0.08620528,0.0,11.929862,0.6201115,1.0543962,0.0,6,0,0,0,0,0,1,1,0,0,0
348150472,22.4762,22.355595,0.0,0.08731575,0.0,11.9427395,0.6100803,1.0559127,0.0,6,0,0,0,0,0,1,1,0,0,0
348656074,22.3368,22.387798,0.0,0.09046385,0.0,11.956477,0.61545473,1.0550996,0.0,6,0,0,0,0,0,1,1,0,0,0
349161647,22.3122,22.37833,0.0,0.07400642,0.0,11.965471,0.6123534,1.0555687,0.0,6,0,0,0,0,0,1,1,0,0,0
349654405,22.3614,22.385254,0.3472,0.083716564,0.0,11.978192,0.6142879,1.055276,0.0,6,0,0,0,0,0,1,1,0,0,0
350158416,22.5418,22.400375,0.0,0.07277963,0.0,11.98806,0.6189433,1.0545726,0.0,6,0,0,0,0,0,1,1,0,0,0
350664034,22.5746,22.392912,0.1364,0.08329376,0.0,12.001204,0.6164022,1.0549564,0.0,6,0,0,0,0,0,1,1,0,0,0
351157648,22.5418,22.380264,0.16119999,0.079937406,0.0,12.012071,0.6120549,1.0556139,0.0,6,0,0,0,0,0,1,1,0,0,0
351662531,22.3614,22.400711,0.0,0.10158911,0.0,12.028071,0.6163526,1.054964,0.0,6,0,0,0,0,0,1,1,0,0,0
352166500,22.3368,22.409088,0.024799999,0.08839621,0.0,12.038919,0.61850744,1.0546384,0.0,6,0,0,0,0,0,1,1,0,0,0
352672221,22.4762,22.414644,0.0,0.10318717,0.0,12.05425,0.6216646,1.0541617,0.0,6,0,0,0,0,0,1,1,0,0,0
353165646,22.3778,22.40975,0.024799999,0.09547788,0.0,12.06577,0.6220446,1.0541043,0.0,6,0,0,0,0,0,1,1,0,0,0
353671240,22.2138,22.402164,0.012399999,0.100042306,0.0,12.079011,0.6223975,1.054051,0.0,6,0,0,0,0,0,1,1,0,0,0
354176106,22.3532,22.370491,0.099199995,0.09660676,0.0,12.091624,0.6184121,1.0546527,0.0,6,0,0,0,0,0,1,1,0,0,0
354669704,22.345,22.331419,0.0,0.081504636,0.0,12.101145,0.6127296,1.0555118,0.0,6,0,0,0,0,0,1,1,0,0,0
355175267,22.181,22.287426,0.0,0.06551968,0.0,12.108962,0.6022487,1.0570999,0.0,6,0,0,0,0,0,1,1,0,0,0
355680890,22.4844,22.273396,0.0,0.07769243,0.0,12.120795,0.59899193,1.0575944,0.0,6,0,0,0,0,0,1,1,0,0,0
356184911,22.5418,22.284111,0.012399999,0.064020105,0.0,12.128927,0.6012674,1.0572488,0.0,6,0,0,0,0,0,1,1,0,0,0
356677642,22.3286,22.287622,0.0372,0.07382346,0.0,12.140118,0.6012483,1.0572517,0.0,6,0,0,0,0,0,1,1,0,0,0
357183282,22.509,22.315083,0.35959998,0.063732654,0.0,12.14711,0.60794455,1.0562363,0.0,6,0,0,0,0,0,1,1,0,0,0
357688003,22.1236,22.312883,0.0,0.09403191,0.0,12.162237,0.6058355,1.0565559,0.0,6,0,0,0,0,0,1,1,0,0,0
358180060,22.5418,22.307919,0.049599998,0.077321924,0.0,12.170983,0.6029735,1.0569899,0.0,6,0,0,0,0,0,1,1,0,0,0
358685662,22.1318,22.327965,0.0,0.0913229,0.0,12.185872,0.60780483,1.0562574,0.0,6,0,0,0,0,0,1,1,0,0,0
359191244,22.2138,22.324244,0.0,0.08429402,0.0,12.197225,0.6063157,1.0564831,0.0,6,0,0,0,0,0,1,1,0,0,0
359684947,22.345,22.325289,0.0,0.10023061,0.0,12.212641,0.6064363,1.0564648,0.0,6,0,0,0,0,0,1,1,0,0,0
360190478,22.3368,22.328062,0.23560001,0.111142196,0.0,12.230029,0.6074677,1.0563085,0.0,6,0,0,0,0,0,1,1,0,0,0
360696032,22.5418,22.323898,0.0,0.09256706,0.0,12.23976,0.6040855,1.0568212,0.0,6,0,0,0,0,0,1,1,0,0,0
361189638,22.3778,22.324493,0.19839999,0.10065508,0.0,12.254605,0.6062637,1.056491,0.0,6,0,0,0,0,0,1,1,0,0,0
361695316,22.3368,22.33447,0.049599998,0.09123648,0.0,12.266455,0.6093922,1.056017,0.0,6,0,0,0,0,0,1,1,0,0,0
362200991,22.1728,22.328474,0.0,0.062049713,0.0,12.272701,0.60737234,1.0563229,0.0,6,0,0,0,0,0,1,1,0,0,0
362694488,22.5336,22.331615,0.32239997,0.088977456,0.0,12.287168,0.60753495,1.0562983,0.0,6,0,0,0,0,0,1,1,0,0,0
363200013,22.1646,22.304075,0.049599998,0.083515614,0.0,12.299414,0.60118586,1.0572612,0.0,6,0,0,0,0,0,1,1,0,0,0
363704049,22.181,22.28459,0.0,0.07578383,0.0,12.309306,0.59620816,1.0580174,0.0,6,0,0,0,0,0,1,1,0,0,0
364209644,22.3778,22.287384,0.0,0.06690782,0.0,12.317742,0.5971857,1.0578687,0.0,6,0,0,0,0,0,1,1,0,0,0
364703322,22.181,22.273932,0.1364,0.06341107,0.0,12.326158,0.5940667,1.058343,0.0,6,0,0,0,0,0,1,1,0,0,0
365208849,22.197401,22.24917,0.0,0.08688385,0.0,12.341539,0.5890036,1.0591137,0.0,6,0,0,0,0,0,1,1,0,0,0
365701661,22.0826,22.250134,0.0,0.07739316,0.0,12.3515835,0.58825976,1.059227,0.0,6,0,0,0,0,0,1,1,0,0,0
366207258,22.3942,22.262102,0.0,0.08687601,0.0,12.365063,0.59207875,1.0586455,0.0,6,0,0,0,0,0,1,1,0,0,0
366712203,22.0908,22.260098,0.0,0.08302587,0.0,12.377601,0.59207445,1.0586461,0.0,6,0,0,0,0,0,1,1,0,0,0
367204053,22.4926,22.281342,0.0,0.08590141,0.0,12.3899765,0.5986429,1.0576473,0.0,6,0,0,0,0,0,1,1,0,0,0
367709646,22.3204,22.265518,0.0,0.0783534,0.0,12.401538,0.5935703,1.0584185,0.0,6,0,0,0,0,0,1,1,0,0,0
368215243,22.058,22.276499,0.0,0.08492422,0.0,12.414405,0.5960389,1.0580431,0.0,6,0,0,0,0,0,1,1,0,0,0
368708843,22.3942,22.28971,0.248,0.092383586,0.0,12.426927,0.60017544,1.0574147,0.0,6,0,0,0,0,0,1,1,0,0,0
369214471,22.1728,22.276897,0.434,0.08013866,0.0,12.436407,0.59648997,1.0579746,0.0,6,0,0,0,0,0,1,1,0,0,0
369720044,22.181,22.268156,0.0,0.064403266,0.0,12.443703,0.593936,1.0583628,0.0,6,0,0,0,0,0,1,1,0,0,0
370213692,22.1728,22.291386,0.21079999,0.081420004,0.0,12.456171,0.59933907,1.0575416,0.0,6,0,0,0,0,0,1,1,0,0,0
370719212,22.3614,22.273912,0.2604,0.080116205,0.0,12.467721,0.59571224,1.0580927,0.0,6,0,0,0,0,0,1,1,0,0,0
371212866,22.2712,22.291578,0.099199995,0.08917018,0.0,12.481618,0.6002713,1.0574001,0.0,6,0,0,0,0,0,1,1,0,0,0
371716850,22.099,22.278149,0.012399999,0.0606804,0.0,12.486844,0.59611565,1.0580314,0.0,6,0,0,0,0,0,1,1,0,0,0
372222556,22.0334,22.277527,0.1488,0.059248026,0.0,12.494416,0.5946942,1.0582476,0.0,6,0,0,0,0,0,1,1,0,0,0
372728047,22.181,22.281864,0.0,0.055574056,0.0,12.501688,0.5956803,1.0580976,0.0,6,0,0,0,0,0,1,1,0,0,0
373221600,22.2466,22.29065,0.0,0.07410618,0.0,12.513156,0.59805876,1.0577362,0.0,6,0,0,0,0,0,1,1,0,0,0
373726407,22.0826,22.289932,0.0,0.07015738,0.0,12.522549,0.59773594,1.0577852,0.0,6,0,0,0,0,0,1,1,0,0,0
374232182,22.4106,22.31483,0.1736,0.07333849,0.0,12.532945,0.60293823,1.0569953,0.0,6,0,0,0,0,0,1,1,0,0,0
374725723,22.55,22.347738,0.099199995,0.07138894,0.0,12.542002,0.59869057,1.0576402,0.0,6,0,0,0,0,0,1,1,0,0,0
375231233,22.9436,22.495895,0.1736,0.10842127,0.0,12.560258,0.6120396,1.0556161,0.0,6,0,0,0,0,0,1,1,0,0,0
375735287,22.8534,22.630781,0.186,0.12490338,0.0,12.580042,0.6207929,1.0542933,0.0,6,0,0,0,0,0,1,1,0,0,0
376228824,22.837,22.721422,0.0,0.13141453,0.0,12.598571,0.62760407,1.053266,0.0,6,0,0,0,0,0,1,1,0,0,0
376733631,23.0174,22.789299,0.1736,0.13426799,0.0,12.616955,0.63422495,1.0522696,0.0,6,0,0,0,0,0,1,1,0,0,0
377238417,23.009201,22.831795,0.012399999,0.13327159,0.0,12.63482,0.63795716,1.0517087,0.0,6,0,0,0,0,0,1,1,0,0,0
377730388,22.9272,22.868433,0.1736,0.14456998,0.0,12.656259,0.6431785,1.0509249,0.0,6,0,0,0,0,0,1,1,0,0,0
378236005,22.9518,22.889908,0.2604,0.14478414,0.0,12.676364,0.6457148,1.0505446,0.0,6,0,0,0,0,0,1,1,0,0,0
378741634,22.9026,22.909994,0.0,0.13610496,0.0,12.694789,0.6491986,1.0500228,0.0,6,0,0,0,0,0,1,1,0,0,0
379234508,22.919,22.917366,0.024799999,0.1307633,0.0,12.713241,0.6497579,1.049939,0.0,6,0,0,0,0,0,1,1,0,0,0
379740091,22.9026,22.925077,0.0,0.12741826,0.0,12.731386,0.65096384,1.0497586,0.0,6,0,0,0,0,0,1,1,0,0,0
380245687,23.001,22.942041,0.1488,0.12766846,0.0,12.748818,0.65536314,1.0491006,0.0,6,0,0,0,0,0,1,1,0,0,0
380738422,22.9682,22.9454,0.099199995,0.15253356,0.0,12.771637,0.65590435,1.0490197,0.0,6,0,0,0,0,0,1,1,0,0,0
381242471,22.9108,22.954561,0.2976,0.17532697,0.0,12.79744,0.65835863,1.0486531,0.0,6,0,0,0,0,0,1,1,0,0,0
381748024,22.9928,22.959965,0.4464,0.1545978,0.0,12.816348,0.65978485,1.0484401,0.0,6,0,0,0,0,0,1,1,0,0,0
382241686,22.8698,22.967817,0.0,0.14989221,0.0,12.836788,0.66202885,1.0481052,0.0,6,0,0,0,0,0,1,1,0,0,0
382747240,23.0502,23.00425,0.0,0.1479299,0.0,12.857092,0.6729775,1.0464745,0.0,6,0,0,0,0,0,1,1,0,0,0
383240820,23.124,23.04944,0.23560001,0.14508668,0.0,12.87711,0.68661267,1.0444505,0.0,6,0,0,0,0,0,1,1,0,0,0
