timestamp,timestamp_last_signal,channel_count,rssi,rc_lost_frame_count,rc_total_frame_count,rc_ppm_frame_length,values[0],values[1],values[2],values[3],values[4],values[5],values[6],values[7],values[8],values[9],values[10],values[11],values[12],values[13],values[14],values[15],values[16],values[17],rc_failsafe,rc_lost,input_source
228853954,228853954,18,255,0,0,0,1094,1934,1094,1934,1094,1094,1094,1094,1514,1514,1514,1514,944,944,1514,1514,998,998,0,0,4
229057931,229057931,18,255,0,0,0,1106,1934,1094,1934,1094,1094,1094,1094,1514,1514,1514,1514,944,944,1514,1514,998,998,0,0,4
229262768,229262768,18,255,0,0,0,1140,1934,1094,1934,1094,1094,1094,1094,1514,1514,1514,1514,944,944,1514,1514,998,998,0,0,4
229462811,229462811,18,255,0,0,0,1197,1934,1094,1919,1094,1094,1094,1094,1514,1514,1514,1514,944,944,1514,1514,998,998,0,0,4
229663101,229663101,18,255,0,0,0,1216,1934,1094,1919,1094,1094,1094,1094,1514,1514,1514,1514,944,944,1514,1514,998,998,0,0,4
229875614,229875614,18,255,0,0,0,1275,1934,1094,1873,1094,1094,1094,1094,1514,1514,1514,1514,944,944,1514,1514,998,998,0,0,4
230063545,230063545,18,255,0,0,0,1429,1934,1094,1682,1094,1094,1094,1094,1514,1514,1514,1514,944,944,1514,1514,998,998,0,0,4
230263544,230263544,18,255,0,0,0,1525,1915,1094,1520,1094,1094,1094,1094,1514,1514,1514,1514,944,944,1514,1514,998,998,0,0,4
230467521,230467521,18,255,0,0,0,1514,1542,1094,1519,1094,1094,1094,1094,1514,1514,1514,1514,944,944,1514,1514,998,998,0,0,4
230680349,230680349,18,255,0,0,0,1514,1516,1094,1518,1094,1094,1094,1094,1514,1514,1514,1514,944,944,1514,1514,998,998,0,0,4
230880355,230880355,18,255,0,0,0,1514,1516,1094,1518,1094,1094,1094,1094,1514,1514,1514,1514,944,944,1514,1514,998,998,0,0,4
231080401,231080401,18,255,0,0,0,1514,1516,1148,1518,1094,1094,1094,1094,1514,1514,1514,1514,944,944,1514,1514,998,998,0,0,4
231292325,231292325,18,255,0,0,0,1514,1516,1151,1518,1094,1094,1094,1094,1514,1514,1514,1514,944,944,1514,1514,998,998,0,0,4
231493932,231493932,18,255,0,0,0,1514,1516,1195,1518,1094,1094,1094,1094,1514,1514,1514,1514,944,944,1514,1514,998,998,0,0,4
231689942,231689942,18,255,0,0,0,1514,1516,1234,1518,1094,1094,1094,1094,1514,1514,1514,1514,944,944,1514,1514,998,998,0,0,4
231889936,231889936,18,255,0,0,0,1514,1516,1295,1518,1094,1094,1094,1094,1514,1514,1514,1514,944,944,1514,1514,998,998,0,0,4
232102775,232102775,18,255,0,0,0,1514,1516,1361,1518,1094,1094,1094,1094,1514,1514,1514,1514,944,944,1514,1514,998,998,0,0,4
232302783,232302783,18,255,0,0,0,1514,1516,1413,1518,1094,1094,1094,1094,1514,1514,1514,1514,944,944,1514,1514,998,998,0,0,4
232510722,232510722,18,255,0,0,0,1514,1516,1416,1518,1094,1094,1094,1094,1514,1514,1514,1514,944,944,1514,1514,998,998,0,0,4
232711465,232711465,18,255,0,0,0,1514,1516,1416,1518,1094,1094,1094,1094,1514,1514,1514,1514,944,944,1514,1514,998,998,0,0,4
232916346,232916346,18,255,0,0,0,1514,1516,1417,1518,1094,1094,1094,1094,1514,1514,1514,1514,944,944,1514,1514,998,998,0,0,4
233116630,233116630,18,255,0,0,0,1514,1516,1417,1518,1094,1094,1094,1094,1514,1514,1514,1514,944,944,1514,1514,998,998,0,0,4
233309987,233309987,18,255,0,0,0,1514,1516,1466,1518,1094,1094,1094,1094,1514,1514,1514,1514,944,944,1514,1514,998,998,0,0,4
233513954,233513954,18,255,0,0,0,1514,1516,1499,1518,1094,1094,1094,1094,1514,1514,1514,1514,944,944,1514,1514,998,998,0,0,4
233709904,233709904,18,255,0,0,0,1514,1516,1543,1518,1094,1094,1094,1094,1514,1514,1514,1514,944,944,1514,1514,998,998,0,0,4
233934820,233934820,18,255,0,0,0,1514,1516,1572,1518,1094,1094,1094,1094,1514,1514,1514,1514,944,944,1514,1514,998,998,0,0,4
234123129,234123129,18,255,0,0,0,1514,1516,1603,1518,1094,1094,1094,1094,1514,1514,1514,1514,944,944,1514,1514,998,998,0,0,4
234322766,234322766,18,255,0,0,0,1514,1516,1609,1518,1094,1094,1094,1094,1514,1514,1514,1514,944,944,1514,1514,998,998,0,0,4
234522794,234522794,18,255,0,0,0,1514,1516,1609,1518,1094,1094,1094,1094,1514,1514,1514,1514,944,944,1514,1514,998,998,0,0,4
234748373,234748373,18,255,0,0,0,1514,1516,1609,1518,1094,1094,1094,1094,1514,1514,1514,1514,944,944,1514,1514,998,998,0,0,4
234944407,234944407,18,255,0,0,0,1514,1516,1633,1518,1094,1094,1094,1094,1514,1514,1514,1514,944,944,1514,1514,998,998,0,0,4
235148327,235148327,18,255,0,0,0,1514,1516,1676,1518,1094,1094,1094,1094,1514,1514,1514,1514,944,944,1514,1514,998,998,0,0,4
235341943,235341943,18,255,0,0,0,1514,1516,1683,1518,1094,1094,1094,1094,1514,1514,1514,1514,944,944,1514,1514,998,998,0,0,4
235545943,235545943,18,255,0,0,0,1514,1516,1683,1518,1094,1094,1094,1094,1514,1514,1514,1514,944,944,1514,1514,998,998,0,0,4
235745946,235745946,18,255,0,0,0,1514,1516,1686,1518,1094,1094,1094,1094,1514,1514,1514,1514,944,944,1514,1514,998,998,0,0,4
235963544,235963544,18,255,0,0,0,1514,1516,1686,1518,1094,1094,1094,1094,1514,1514,1514,1514,944,944,1514,1514,998,998,0,0,4
236163550,236163550,18,255,0,0,0,1514,1516,1682,1518,1094,1094,1094,1094,1514,1514,1514,1514,944,944,1514,1514,998,998,0,0,4
236365145,236365145,18,255,0,0,0,1514,1516,1678,1518,1094,1094,1094,1094,1514,1514,1514,1514,944,944,1514,1514,998,998,0,0,4
236561143,236561143,18,255,0,0,0,1514,1516,1676,1518,1094,1094,1094,1094,1514,1514,1514,1514,944,944,1514,1514,998,998,0,0,4
236769158,236769158,18,255,0,0,0,1514,1516,1676,1518,1094,1094,1094,1094,1514,1514,1514,1514,944,944,1514,1514,998,998,0,0,4
236962837,236962837,18,255,0,0,0,1514,1516,1676,1518,1094,1094,1094,1094,1514,1514,1514,1514,944,944,1514,1514,998,998,0,0,4
237162772,237162772,18,255,0,0,0,1514,1516,1676,1518,1094,1094,1094,1094,1514,1514,1514,1514,944,944,1514,1514,998,998,0,0,4
237370761,237370761,18,255,0,0,0,1514,1516,1674,1518,1094,1094,1094,1094,1514,1514,1514,1514,944,944,1514,1514,998,998,0,0,4
237572573,237572573,18,255,0,0,0,1514,1516,1668,1518,1094,1094,1094,1094,1514,1514,1514,1514,944,944,1514,1514,998,998,0,0,4
237772327,237772327,18,255,0,0,0,1514,1516,1668,1518,1094,1094,1094,1094,1514,1514,1514,1514,944,944,1514,1514,998,998,0,0,4
237972333,237972333,18,255,0,0,0,1514,1516,1668,1518,1094,1094,1094,1094,1514,1514,1514,1514,944,944,1514,1514,998,998,0,0,4
238165960,238165960,18,255,0,0,0,1514,1516,1668,1518,1094,1094,1094,1094,1514,1514,1514,1514,944,944,1514,1514,998,998,0,0,4
238366192,238366192,18,255,0,0,0,1514,1516,1668,1518,1514,1094,1094,1094,1514,1514,1514,1514,944,944,1514,1514,998,998,0,0,4
238573941,238573941,18,255,0,0,0,1514,1516,1668,1518,1514,1094,1094,1094,1514,1514,1514,1514,944,944,1514,1514,998,998,0,0,4
238775542,238775542,18,255,0,0,0,1514,1516,1668,1518,1514,1094,1094,1094,1514,1514,1514,1514,944,944,1514,1514,998,998,0,0,4
238979771,238979771,18,255,0,0,0,1514,1516,1668,1518,1514,1094,1094,1094,1514,1514,1514,1514,944,944,1514,1514,998,998,0,0,4
239197213,239197213,18,255,0,0,0,1514,1516,1667,1518,1514,1094,1094,1094,1514,1514,1514,1514,944,944,1514,1514,998,998,0,0,4
239393162,239393162,18,255,0,0,0,1514,1516,1662,1518,1514,1094,1094,1094,1514,1514,1514,1514,944,944,1514,1514,998,998,0,0,4
239589372,239589372,18,255,0,0,0,1514,1516,1628,1518,1514,1094,1094,1094,1514,1514,1514,1514,944,944,1514,1514,998,998,0,0,4
239790731,239790731,18,255,0,0,0,1514,1516,1612,1518,1514,1094,1094,1094,1514,1514,1514,1514,944,944,1514,1514,998,998,0,0,4
240010784,240010784,18,255,0,0,0,1514,1516,1612,1518,1514,1094,1094,1094,1514,1514,1514,1514,944,944,1514,1514,998,998,0,0,4
240206826,240206826,18,255,0,0,0,1514,1516,1612,1518,1514,1094,1094,1094,1514,1514,1514,1514,944,944,1514,1514,998,998,0,0,4
240411577,240411577,18,255,0,0,0,1514,1516,1612,1518,1514,1094,1094,1094,1514,1514,1514,1514,944,944,1514,1514,998,998,0,0,4
240615553,240615553,18,255,0,0,0,1514,1516,1612,1518,1514,1094,1094,1094,1514,1514,1514,1514,944,944,1514,1514,998,998,0,0,4
240815747,240815747,18,255,0,0,0,1514,1516,1612,1518,1514,1094,1094,1094,1514,1514,1514,1514,944,944,1514,1514,998,998,0,0,4
241015522,241015522,18,255,0,0,0,1514,1516,1612,1518,1514,1094,1094,1094,1514,1514,1514,1514,944,944,1514,1514,998,998,0,0,4
241225167,241225167,18,255,0,0,0,1514,1516,1612,1518,1514,1094,1094,1094,1514,1514,1514,1514,944,944,1514,1514,998,998,0,0,4
241417172,241417172,18,255,0,0,0,1514,1516,1612,1518,1514,1094,1094,1094,1514,1514,1514,1514,944,944,1514,1514,998,998,0,0,4
241609158,241609158,18,255,0,0,0,1514,1516,1611,1518,1514,1094,1094,1094,1514,1514,1514,1514,944,944,1514,1514,998,998,0,0,4
241826741,241826741,18,255,0,0,0,1514,1516,1603,1518,1514,1094,1094,1094,1514,1514,1514,1514,944,944,1514,1514,998,998,0,0,4
242026721,242026721,18,255,0,0,0,1514,1516,1603,1518,1514,1094,1094,1094,1514,1514,1514,1514,944,944,1514,1514,998,998,0,0,4
242227527,242227527,18,255,0,0,0,1514,1516,1603,1518,1514,1094,1094,1094,1514,1514,1514,1514,944,944,1514,1514,998,998,0,0,4
242427617,242427617,18,255,0,0,0,1514,1516,1603,1518,1514,1094,1094,1094,1514,1514,1514,1514,944,944,1514,1514,998,998,0,0,4
242623568,242623568,18,255,0,0,0,1514,1516,1603,1518,1514,1094,1094,1094,1514,1514,1514,1514,944,944,1514,1514,998,998,0,0,4
242827769,242827769,18,255,0,0,0,1514,1516,1603,1518,1934,1094,1094,1094,1514,1514,1514,1514,944,944,1514,1514,998,998,0,0,4
243028342,243028342,18,255,0,0,0,1514,1516,1603,1518,1934,1094,1094,1094,1514,1514,1514,1514,944,944,1514,1514,998,998,0,0,4
243240399,243240399,18,255,0,0,0,1514,1516,1603,1518,1934,1094,1094,1094,1514,1514,1514,1514,944,944,1514,1514,998,998,0,0,4
243440550,243440550,18,255,0,0,0,1514,1516,1603,1518,1934,1094,1094,1094,1514,1514,1514,1514,944,944,1514,1514,998,998,0,0,4
243656571,243656571,18,255,0,0,0,1514,1516,1603,1518,1934,1094,1094,1094,1514,1514,1514,1514,944,944,1514,1514,998,998,0,0,4
243845945,243845945,18,255,0,0,0,1514,1516,1603,1518,1934,1094,1094,1094,1514,1514,1514,1514,944,944,1514,1514,998,998,0,0,4
244042157,244042157,18,255,0,0,0,1514,1516,1603,1518,1934,1094,1094,1094,1514,1514,1514,1514,944,944,1514,1514,998,998,0,0,4
244241950,244241950,18,255,0,0,0,1514,1516,1603,1518,1934,1094,1094,1094,1514,1514,1514,1514,944,944,1514,1514,998,998,0,0,4
244459623,244459623,18,255,0,0,0,1514,1516,1603,1518,1934,1094,1094,1094,1514,1514,1514,1514,944,944,1514,1514,998,998,0,0,4
244651526,244651526,18,255,0,0,0,1514,1516,1603,1518,1934,1094,1094,1094,1514,1514,1514,1514,944,944,1514,1514,998,998,0,0,4
244863617,244863617,18,255,0,0,0,1514,1516,1603,1518,1934,1094,1094,1094,1514,1514,1514,1514,944,944,1514,1514,998,998,0,0,4
245073177,245073177,18,255,0,0,0,1514,1516,1603,1518,1934,1094,1094,1094,1514,1514,1514,1514,944,944,1514,1514,998,998,0,0,4
245273472,245273472,18,255,0,0,0,1514,1516,1603,1518,1934,1094,1094,1094,1514,1514,1514,1514,944,944,1514,1514,998,998,0,0,4
245462780,245462780,18,255,0,0,0,1514,1516,1603,1518,1934,1094,1094,1094,1514,1514,1514,1514,944,944,1514,1514,998,998,0,0,4
245682777,245682777,18,255,0,0,0,1514,1516,1603,1518,1934,1094,1094,1094,1514,1514,1514,1514,944,944,1514,1514,998,998,0,0,4
245882797,245882797,18,255,0,0,0,1514,1516,1603,1518,1934,1094,1094,1094,1514,1514,1514,1514,944,944,1514,1514,998,998,0,0,4
246084357,246084357,18,255,0,0,0,1514,1516,1603,1518,1934,1094,1094,1094,1514,1514,1514,1514,944,944,1514,1514,998,998,0,0,4
246284549,246284549,18,255,0,0,0,1514,1516,1603,1518,1934,1094,1094,1094,1514,1514,1514,1514,944,944,1514,1514,998,998,0,0,4
246484369,246484369,18,255,0,0,0,1514,1516,1603,1518,1934,1094,1094,1094,1514,1514,1514,1514,944,944,1514,1514,998,998,0,0,4
246686002,246686002,18,255,0,0,0,1514,1516,1603,1518,1934,1094,1094,1094,1514,1514,1514,1514,944,944,1514,1514,998,998,0,0,4
246894228,246894228,18,255,0,0,0,1514,1516,1603,1518,1934,1094,1094,1094,1514,1514,1514,1514,944,944,1514,1514,998,998,0,0,4
247093926,247093926,18,255,0,0,0,1514,1516,1603,1518,1934,1094,1094,1094,1514,1514,1514,1514,944,944,1514,1514,998,998,0,0,4
247295548,247295548,18,255,0,0,0,1514,1516,1603,1518,1934,1094,1094,1094,1514,1514,1514,1514,944,944,1514,1514,998,998,0,0,4
247503873,247503873,18,255,0,0,0,1514,1516,1603,1518,1934,1094,1094,1094,1514,1514,1514,1514,944,944,1514,1514,998,998,0,0,4
247695618,247695618,18,255,0,0,0,1514,1516,1603,1518,1934,1094,1094,1094,1514,1514,1514,1514,944,944,1514,1514,998,998,0,0,4
247893144,247893144,18,255,0,0,0,1514,1516,1603,1518,1934,1094,1094,1094,1514,1514,1514,1514,944,944,1514,1514,998,998,0,0,4
248097160,248097160,18,255,0,0,0,1514,1516,1603,1518,1934,1094,1094,1094,1514,1514,1514,1514,944,944,1514,1514,998,998,0,0,4
248302021,248302021,18,255,0,0,0,1514,1516,1603,1518,1934,1094,1094,1094,1514,1514,1514,1514,944,944,1514,1514,998,998,0,0,4
248498735,248498735,18,255,0,0,0,1514,1516,1603,1518,1934,1094,1094,1094,1514,1514,1514,1514,944,944,1514,1514,998,998,0,0,4
248706751,248706751,18,255,0,0,0,1514,1516,1603,1518,1934,1094,1094,1094,1514,1514,1514,1514,944,944,1514,1514,998,998,0,0,4
248908353,248908353,18,255,0,0,0,1514,1516,1603,1518,1934,1094,1094,1094,1514,1514,1514,1514,944,944,1514,1514,998,998,0,0,4
249124346,249124346,18,255,0,0,0,1514,1516,1603,1518,1934,1094,1094,1094,1514,1514,1514,1514,944,944,1514,1514,998,998,0,0,4
249316330,249316330,18,255,0,0,0,1514,1516,1603,1518,1934,1094,1094,1094,1514,1514,1514,1514,944,944,1514,1514,998,998,0,0,4
249517935,249517935,18,255,0,0,0,1514,1516,1603,1518,1934,1094,1094,1094,1514,1514,1514,1514,944,944,1514,1514,998,998,0,0,4
249721994,249721994,18,255,0,0,0,1514,1516,1603,1518,1934,1094,1094,1094,1514,1514,1514,1514,944,944,1514,1514,998,998,0,0,4
249921901,249921901,18,255,0,0,0,1514,1516,1603,1518,1934,1094,1094,1094,1514,1514,1514,1514,944,944,1514,1514,998,998,0,0,4
250127546,250127546,18,255,0,0,0,1514,1516,1603,1518,1934,1094,1094,1094,1514,1514,1514,1514,944,944,1514,1514,998,998,0,0,4
250331542,250331542,18,255,0,0,0,1514,1516,1603,1518,1934,1094,1094,1094,1514,1514,1514,1514,944,944,1514,1514,998,998,0,0,4
250523537,250523537,18,255,0,0,0,1514,1516,1603,1518,1934,1094,1094,1094,1514,1514,1514,1514,944,944,1514,1514,998,998,0,0,4
250721168,250721168,18,255,0,0,0,1514,1516,1603,1518,1934,1094,1094,1094,1514,1514,1514,1514,944,944,1514,1514,998,998,0,0,4
250925147,250925147,18,255,0,0,0,1514,1516,1603,1518,1934,1094,1094,1094,1514,1514,1514,1514,944,944,1514,1514,998,998,0,0,4
251129488,251129488,18,255,0,0,0,1514,1516,1603,1518,1934,1094,1094,1094,1514,1514,1514,1514,944,944,1514,1514,998,998,0,0,4
251318743,251318743,18,255,0,0,0,1514,1516,1603,1518,1934,1094,1094,1094,1514,1514,1514,1514,944,944,1514,1514,998,998,0,0,4
251542749,251542749,18,255,0,0,0,1514,1516,1603,1518,1934,1094,1094,1094,1514,1514,1514,1514,944,944,1514,1514,998,998,0,0,4
251732328,251732328,18,255,0,0,0,1514,1516,1603,1518,1934,1094,1094,1094,1514,1514,1514,1514,944,944,1514,1514,998,998,0,0,4
251932344,251932344,18,255,0,0,0,1514,1516,1603,1518,1934,1094,1094,1094,1514,1514,1514,1514,944,944,1514,1514,998,998,0,0,4
252128311,252128311,18,255,0,0,0,1514,1516,1603,1518,1934,1094,1094,1094,1514,1514,1514,1514,944,944,1514,1514,998,998,0,0,4
252345150,252345150,18,255,0,0,0,1514,1516,1603,1518,1934,1094,1094,1094,1514,1514,1514,1514,944,944,1514,1514,998,998,0,0,4
252537175,252537175,18,255,0,0,0,1514,1516,1603,1518,1934,1094,1094,1094,1514,1514,1514,1514,944,944,1514,1514,998,998,0,0,4
252753185,252753185,18,255,0,0,0,1514,1516,1603,1518,1934,1094,1094,1094,1514,1514,1514,1514,944,944,1514,1514,998,998,0,0,4
252953151,252953151,18,255,0,0,0,1514,1516,1603,1518,1934,1094,1094,1094,1514,1514,1514,1514,944,944,1514,1514,998,998,0,0,4
253143073,253143073,18,255,0,0,0,1514,1516,1603,1518,1934,1094,1094,1094,1514,1514,1514,1514,944,944,1514,1514,998,998,0,0,4
253342803,253342803,18,255,0,0,0,1514,1516,1603,1518,1934,1094,1094,1094,1514,1514,1514,1514,944,944,1514,1514,998,998,0,0,4
253558742,253558742,18,255,0,0,0,1514,1516,1603,1518,1934,1094,1094,1094,1514,1514,1514,1514,944,944,1514,1514,998,998,0,0,4
253752487,253752487,18,255,0,0,0,1514,1516,1603,1518,1934,1094,1094,1094,1514,1514,1514,1514,944,944,1514,1514,998,998,0,0,4
253968408,253968408,18,255,0,0,0,1514,1516,1603,1518,1934,1094,1094,1094,1514,1514,1514,1514,944,944,1514,1514,998,998,0,0,4
254160276,254160276,18,255,0,0,0,1514,1516,1603,1518,1934,1094,1094,1094,1514,1514,1514,1514,944,944,1514,1514,998,998,0,0,4
254357981,254357981,18,255,0,0,0,1514,1516,1603,1518,1934,1094,1094,1094,1514,1514,1514,1514,944,944,1514,1514,998,998,0,0,4
254554008,254554008,18,255,0,0,0,1514,1516,1603,1518,1934,1094,1094,1094,1514,1514,1514,1514,944,944,1514,1514,998,998,0,0,4
254771542,254771542,18,255,0,0,0,1514,1516,1603,1518,1934,1094,1094,1094,1514,1514,1514,1514,944,944,1514,1514,998,998,0,0,4
254963584,254963584,18,255,0,0,0,1514,1516,1603,1518,1934,1094,1094,1094,1514,1514,1514,1514,944,944,1514,1514,998,998,0,0,4
255159597,255159597,18,255,0,0,0,1514,1516,1607,1518,1934,1094,1094,1094,1514,1514,1514,1514,944,944,1514,1514,998,998,0,0,4
255361207,255361207,18,255,0,0,0,1514,1516,1613,1518,1934,1094,1094,1094,1514,1514,1514,1514,944,944,1514,1514,998,998,0,0,4
255565130,255565130,18,255,0,0,0,1514,1516,1615,1518,1934,1094,1094,1094,1514,1514,1514,1514,944,944,1514,1514,998,998,0,0,4
255781122,255781122,18,255,0,0,0,1514,1516,1615,1518,1934,1094,1094,1094,1514,1514,1514,1514,944,944,1514,1514,998,998,0,0,4
255974736,255974736,18,255,0,0,0,1514,1516,1615,1518,1934,1094,1094,1094,1514,1514,1514,1514,944,944,1514,1514,998,998,0,0,4
256166743,256166743,18,255,0,0,0,1514,1516,1615,1518,1934,1094,1094,1094,1514,1514,1514,1514,944,944,1514,1514,998,998,0,0,4
256366725,256366725,18,255,0,0,0,1514,1516,1615,1518,1934,1094,1094,1094,1514,1514,1514,1514,944,944,1514,1514,998,998,0,0,4
256588326,256588326,18,255,0,0,0,1514,1516,1615,1518,1934,1094,1094,1094,1514,1514,1514,1514,944,944,1514,1514,998,998,0,0,4
256780384,256780384,18,255,0,0,0,1514,1516,1615,1518,1934,1094,1094,1094,1514,1514,1514,1514,944,944,1514,1514,998,998,0,0,4
256984337,256984337,18,255,0,0,0,1514,1516,1615,1518,1934,1094,1094,1094,1514,1514,1514,1514,944,944,1514,1514,998,998,0,0,4
257201922,257201922,18,255,0,0,0,1514,1516,1615,1518,1934,1094,1094,1094,1514,1514,1514,1514,944,944,1514,1514,998,998,0,0,4
257397907,257397907,18,255,0,0,0,1514,1516,1615,1518,1934,1094,1094,1094,1514,1514,1514,1514,944,944,1514,1514,998,998,0,0,4
257599772,257599772,18,255,0,0,0,1514,1516,1615,1518,1934,1094,1094,1094,1514,1514,1514,1514,944,944,1514,1514,998,998,0,0,4
257791544,257791544,18,255,0,0,0,1514,1516,1615,1518,1934,1094,1094,1094,1514,1514,1514,1514,944,944,1514,1514,998,998,0,0,4
258007520,258007520,18,255,0,0,0,1514,1516,1615,1518,1934,1094,1094,1094,1514,1514,1514,1514,944,944,1514,1514,998,998,0,0,4
258209372,258209372,18,255,0,0,0,1514,1516,1615,1518,1934,1094,1094,1094,1514,1514,1514,1514,944,944,1514,1514,998,998,0,0,4
258397151,258397151,18,255,0,0,0,1514,1516,1615,1518,1934,1094,1094,1094,1514,1514,1514,1514,944,944,1514,1514,998,998,0,0,4
258609138,258609138,18,255,0,0,0,1514,1516,1615,1518,1934,1094,1094,1094,1514,1514,1514,1514,944,944,1514,1514,998,998,0,0,4
258802766,258802766,18,255,0,0,0,1514,1516,1615,1518,1934,1094,1094,1094,1514,1514,1514,1514,944,944,1514,1514,998,998,0,0,4
259002766,259002766,18,255,0,0,0,1514,1516,1615,1518,1934,1094,1094,1094,1514,1514,1514,1514,944,944,1514,1514,998,998,0,0,4
259218745,259218745,18,255,0,0,0,1514,1516,1615,1518,1934,1094,1094,1094,1514,1514,1514,1514,944,944,1514,1514,998,998,0,0,4
259412432,259412432,18,255,0,0,0,1514,1516,1615,1518,1934,1094,1094,1094,1514,1514,1514,1514,944,944,1514,1514,998,998,0,0,4
259608315,259608315,18,255,0,0,0,1514,1516,1615,1518,1934,1094,1094,1094,1514,1514,1514,1514,944,944,1514,1514,998,998,0,0,4
259808381,259808381,18,255,0,0,0,1514,1516,1615,1518,1934,1094,1094,1094,1514,1514,1514,1514,944,944,1514,1514,998,998,0,0,4
260021965,260021965,18,255,0,0,0,1514,1516,1615,1518,1934,1094,1094,1094,1514,1514,1514,1514,944,944,1514,1514,998,998,0,0,4
260217948,260217948,18,255,0,0,0,1514,1516,1615,1518,1934,1094,1094,1094,1514,1514,1514,1514,944,944,1514,1514,998,998,0,0,4
260414847,260414847,18,255,0,0,0,1514,1516,1615,1518,1934,1094,1094,1094,1514,1514,1514,1514,944,944,1514,1514,998,998,0,0,4
260634759,260634759,18,255,0,0,0,1514,1516,1615,1518,1934,1094,1094,1094,1514,1514,1514,1514,944,944,1514,1514,998,998,0,0,4
260834776,260834776,18,255,0,0,0,1514,1516,1615,1518,1934,1094,1094,1094,1514,1514,1514,1514,944,944,1514,1514,998,998,0,0,4
261034766,261034766,18,255,0,0,0,1514,1516,1615,1518,1934,1094,1094,1094,1514,1514,1514,1514,944,944,1514,1514,998,998,0,0,4
261239544,261239544,18,255,0,0,0,1514,1516,1615,1518,1934,1094,1094,1094,1514,1514,1514,1514,944,944,1514,1514,998,998,0,0,4
261431584,261431584,18,255,0,0,0,1514,1516,1615,1518,1934,1094,1094,1094,1514,1514,1514,1514,944,944,1514,1514,998,998,0,0,4
261631777,261631777,18,255,0,0,0,1514,1516,1615,1518,1934,1094,1094,1094,1514,1514,1514,1514,944,944,1514,1514,998,998,0,0,4
261855550,261855550,18,255,0,0,0,1514,1516,1615,1518,1934,1094,1094,1094,1514,1514,1514,1514,944,944,1514,1514,998,998,0,0,4
262053165,262053165,18,255,0,0,0,1514,1516,1615,1518,1934,1094,1094,1094,1514,1514,1514,1514,944,944,1514,1514,998,998,0,0,4
262253153,262253153,18,255,0,0,0,1514,1516,1615,1518,1934,1094,1094,1094,1514,1514,1514,1514,944,944,1514,1514,998,998,0,0,4
262453198,262453198,18,255,0,0,0,1514,1516,1615,1518,1934,1094,1094,1094,1514,1514,1514,1514,944,944,1514,1514,998,998,0,0,4
262658743,262658743,18,255,0,0,0,1514,1516,1615,1518,1934,1094,1094,1094,1514,1514,1514,1514,944,944,1514,1514,998,998,0,0,4
262858743,262858743,18,255,0,0,0,1514,1516,1615,1518,1934,1094,1094,1094,1514,1514,1514,1514,944,944,1514,1514,998,998,0,0,4
263054726,263054726,18,255,0,0,0,1514,1516,1615,1518,1934,1094,1094,1094,1514,1514,1514,1514,944,944,1514,1514,998,998,0,0,4
263259569,263259569,18,255,0,0,0,1514,1516,1615,1518,1934,1094,1094,1094,1514,1514,1514,1514,944,944,1514,1514,998,998,0,0,4
263475572,263475572,18,255,0,0,0,1514,1516,1615,1518,1934,1094,1094,1094,1514,1514,1514,1514,944,944,1514,1514,998,998,0,0,4
263671554,263671554,18,255,0,0,0,1514,1516,1615,1518,1934,1094,1094,1094,1514,1514,1514,1514,944,944,1514,1514,998,998,0,0,4
263865133,263865133,18,255,0,0,0,1514,1516,1615,1518,1934,1094,1094,1094,1514,1514,1514,1514,944,944,1514,1514,998,998,0,0,4
264081144,264081144,18,255,0,0,0,1514,1516,1615,1518,1934,1094,1094,1094,1514,1514,1514,1514,944,944,1514,1514,998,998,0,0,4
264281122,264281122,18,255,0,0,0,1514,1516,1615,1518,1934,1094,1094,1094,1514,1514,1514,1514,944,944,1514,1514,998,998,0,0,4
264478787,264478787,18,255,0,0,0,1514,1516,1615,1518,1934,1094,1094,1094,1514,1514,1514,1514,944,944,1514,1514,998,998,0,0,4
264678769,264678769,18,255,0,0,0,1514,1516,1615,1518,1934,1094,1094,1094,1514,1514,1514,1514,944,944,1514,1514,998,998,0,0,4
264886719,264886719,18,255,0,0,0,1514,1516,1615,1518,1934,1094,1094,1094,1514,1514,1514,1514,944,944,1514,1514,998,998,0,0,4
265088332,265088332,18,255,0,0,0,1514,1516,1615,1518,1934,1094,1094,1094,1514,1514,1514,1514,944,944,1514,1514,998,998,0,0,4
265296590,265296590,18,255,0,0,0,1514,1516,1615,1518,1934,1094,1094,1094,1514,1514,1514,1514,944,944,1514,1514,998,998,0,0,4
265496356,265496356,18,255,0,0,0,1514,1516,1615,1518,1934,1094,1094,1094,1514,1514,1514,1514,944,944,1514,1514,998,998,0,0,4
265697986,265697986,18,255,0,0,0,1514,1516,1615,1518,1934,1094,1094,1094,1514,1514,1514,1514,944,944,1514,1514,998,998,0,0,4
265910195,265910195,18,255,0,0,0,1514,1516,1615,1518,1934,1094,1094,1094,1514,1514,1514,1514,944,944,1514,1514,998,998,0,0,4
266103590,266103590,18,255,0,0,0,1514,1516,1615,1518,1934,1094,1094,1094,1514,1514,1514,1514,944,944,1514,1514,998,998,0,0,4
266311540,266311540,18,255,0,0,0,1514,1516,1615,1518,1934,1094,1094,1094,1514,1514,1514,1514,944,944,1514,1514,998,998,0,0,4
266495535,266495535,18,255,0,0,0,1514,1516,1615,1518,1934,1094,1094,1094,1514,1514,1514,1514,944,944,1514,1514,998,998,0,0,4
266713183,266713183,18,255,0,0,0,1514,1516,1615,1518,1934,1094,1094,1094,1514,1514,1514,1514,944,944,1514,1514,998,998,0,0,4
266913159,266913159,18,255,0,0,0,1514,1516,1615,1518,1934,1094,1094,1094,1514,1514,1514,1514,944,944,1514,1514,998,998,0,0,4
267109132,267109132,18,255,0,0,0,1514,1516,1615,1518,1934,1094,1094,1094,1514,1514,1514,1514,944,944,1514,1514,998,998,0,0,4
267306736,267306736,18,255,0,0,0,1514,1516,1615,1518,1934,1094,1094,1094,1514,1514,1514,1514,944,944,1514,1514,998,998,0,0,4
267514801,267514801,18,255,0,0,0,1514,1516,1615,1518,1934,1094,1094,1094,1514,1514,1514,1514,944,944,1514,1514,998,998,0,0,4
267718711,267718711,18,255,0,0,0,1514,1516,1615,1518,1934,1094,1094,1094,1514,1514,1514,1514,944,944,1514,1514,998,998,0,0,4
267919534,267919534,18,255,0,0,0,1514,1516,1615,1518,1934,1094,1094,1094,1514,1514,1514,1514,944,944,1514,1514,998,998,0,0,4
268131572,268131572,18,255,0,0,0,1514,1516,1615,1518,1934,1094,1094,1094,1514,1514,1514,1514,944,944,1514,1514,998,998,0,0,4
268327565,268327565,18,255,0,0,0,1514,1516,1615,1518,1934,1094,1094,1094,1514,1514,1514,1514,944,944,1514,1514,998,998,0,0,4
268531531,268531531,18,255,0,0,0,1514,1516,1615,1518,1934,1094,1094,1094,1514,1514,1514,1514,944,944,1514,1514,998,998,0,0,4
268737131,268737131,18,255,0,0,0,1514,1516,1615,1518,1934,1094,1094,1094,1514,1514,1514,1514,944,944,1514,1514,998,998,0,0,4
268933447,268933447,18,255,0,0,0,1514,1516,1615,1518,1934,1094,1094,1094,1514,1514,1514,1514,944,944,1514,1514,998,998,0,0,4
269150774,269150774,18,255,0,0,0,1514,1516,1615,1518,1934,1094,1094,1094,1514,1514,1514,1514,944,944,1514,1514,998,998,0,0,4
269350770,269350770,18,255,0,0,0,1514,1516,1615,1518,1934,1094,1094,1094,1514,1514,1514,1514,944,944,1514,1514,998,998,0,0,4
269538826,269538826,18,255,0,0,0,1514,1516,1615,1518,1934,1094,1094,1094,1514,1514,1514,1514,944,944,1514,1514,998,998,0,0,4
269755604,269755604,18,255,0,0,0,1514,1516,1615,1518,1934,1094,1094,1094,1514,1514,1514,1514,944,944,1514,1514,998,998,0,0,4
269959547,269959547,18,255,0,0,0,1514,1516,1615,1518,1934,1094,1094,1094,1514,1514,1514,1514,944,944,1514,1514,998,998,0,0,4
270159570,270159570,18,255,0,0,0,1514,1516,1615,1518,1934,1094,1094,1094,1514,1514,1514,1514,944,944,1514,1514,998,998,0,0,4
270351523,270351523,18,255,0,0,0,1514,1516,1615,1518,1934,1094,1094,1094,1514,1514,1514,1514,944,944,1514,1514,998,998,0,0,4
270553144,270553144,18,255,0,0,0,1514,1516,1615,1518,1934,1094,1094,1094,1514,1514,1514,1514,944,944,1514,1514,998,998,0,0,4
270765527,270765527,18,255,0,0,0,1514,1516,1615,1518,1934,1094,1094,1094,1514,1514,1514,1514,944,944,1514,1514,998,998,0,0,4
270957131,270957131,18,255,0,0,0,1514,1516,1615,1518,1934,1094,1094,1094,1514,1514,1514,1514,944,944,1514,1514,998,998,0,0,4
271154773,271154773,18,255,0,0,0,1514,1516,1615,1518,1934,1094,1094,1094,1514,1514,1514,1514,944,944,1514,1514,998,998,0,0,4
271370826,271370826,18,255,0,0,0,1514,1516,1615,1518,1934,1094,1094,1094,1514,1514,1514,1514,944,944,1514,1514,998,998,0,0,4
271575564,271575564,18,255,0,0,0,1514,1516,1615,1518,1934,1094,1094,1094,1514,1514,1514,1514,944,944,1514,1514,998,998,0,0,4
271759545,271759545,18,255,0,0,0,1514,1516,1615,1518,1934,1094,1094,1094,1514,1514,1514,1514,944,944,1514,1514,998,998,0,0,4
271963556,271963556,18,255,0,0,0,1514,1516,1615,1518,1934,1094,1094,1094,1514,1514,1514,1514,944,944,1514,1514,998,998,0,0,4
272167523,272167523,18,255,0,0,0,1514,1516,1615,1518,1934,1094,1094,1094,1514,1514,1514,1514,944,944,1514,1514,998,998,0,0,4
272373211,272373211,18,255,0,0,0,1514,1516,1615,1518,1934,1094,1094,1094,1514,1514,1514,1514,944,944,1514,1514,998,998,0,0,4
272573151,272573151,18,255,0,0,0,1514,1516,1615,1518,1934,1094,1094,1094,1514,1514,1514,1514,944,944,1514,1514,998,998,0,0,4
272781127,272781127,18,255,0,0,0,1514,1516,1615,1518,1934,1094,1094,1094,1514,1514,1514,1514,944,944,1514,1514,998,998,0,0,4
272974781,272974781,18,255,0,0,0,1514,1516,1615,1518,1934,1094,1094,1094,1514,1514,1514,1514,944,944,1514,1514,998,998,0,0,4
273174777,273174777,18,255,0,0,0,1514,1516,1615,1518,1934,1094,1094,1094,1514,1514,1514,1514,944,944,1514,1514,998,998,0,0,4
273374722,273374722,18,255,0,0,0,1514,1516,1615,1518,1934,1094,1094,1094,1514,1514,1514,1514,944,944,1514,1514,998,998,0,0,4
273576343,273576343,18,255,0,0,0,1514,1516,1615,1518,1934,1094,1094,1094,1514,1514,1514,1514,944,944,1514,1514,998,998,0,0,4
273792425,273792425,18,255,0,0,0,1514,1516,1615,1518,1934,1094,1094,1094,1514,1514,1514,1514,944,944,1514,1514,998,998,0,0,4
273988402,273988402,18,255,0,0,0,1514,1516,1615,1518,1934,1094,1094,1094,1514,1514,1514,1514,944,944,1514,1514,998,998,0,0,4
274189188,274189188,18,255,0,0,0,1514,1516,1615,1518,1934,1094,1094,1094,1514,1514,1514,1514,944,944,1514,1514,998,998,0,0,4
274405181,274405181,18,255,0,0,0,1514,1516,1615,1518,1934,1094,1094,1094,1514,1514,1514,1514,944,944,1514,1514,998,998,0,0,4
274609121,274609121,18,255,0,0,0,1514,1516,1615,1518,1934,1094,1094,1094,1514,1514,1514,1514,944,944,1514,1514,998,998,0,0,4
274802982,274802982,18,255,0,0,0,1514,1516,1615,1518,1934,1094,1094,1094,1514,1514,1514,1514,944,944,1514,1514,998,998,0,0,4
274998744,274998744,18,255,0,0,0,1514,1516,1615,1518,1934,1094,1094,1094,1514,1514,1514,1514,944,944,1514,1514,998,998,0,0,4
275214721,275214721,18,255,0,0,0,1514,1516,1615,1518,1934,1094,1094,1094,1514,1514,1514,1514,944,944,1514,1514,998,998,0,0,4
275408385,275408385,18,255,0,0,0,1514,1516,1615,1518,1934,1094,1094,1094,1514,1514,1514,1514,944,944,1514,1514,998,998,0,0,4
275612415,275612415,18,255,0,0,0,1514,1516,1615,1518,1934,1094,1094,1094,1514,1514,1514,1514,944,944,1514,1514,998,998,0,0,4
275812582,275812582,18,255,0,0,0,1514,1516,1615,1518,1934,1094,1094,1094,1514,1514,1514,1514,944,944,1514,1514,998,998,0,0,4
276013948,276013948,18,255,0,0,0,1514,1516,1615,1518,1934,1094,1094,1094,1514,1514,1514,1514,944,944,1514,1514,998,998,0,0,4
276217947,276217947,18,255,0,0,0,1514,1516,1615,1518,1934,1094,1094,1094,1514,1514,1514,1514,944,944,1514,1514,998,998,0,0,4
276425949,276425949,18,255,0,0,0,1514,1516,1615,1518,1934,1094,1094,1094,1514,1514,1514,1514,944,944,1514,1514,998,998,0,0,4
276626666,276626666,18,255,0,0,0,1514,1516,1615,1518,1934,1094,1094,1094,1514,1514,1514,1514,944,944,1514,1514,998,998,0,0,4
276806741,276806741,18,255,0,0,0,1514,1516,1615,1518,1934,1094,1094,1094,1514,1514,1514,1514,944,944,1514,1514,998,998,0,0,4
277026755,277026755,18,255,0,0,0,1514,1516,1615,1518,1934,1094,1094,1094,1514,1514,1514,1514,944,944,1514,1514,998,998,0,0,4
277228361,277228361,18,255,0,0,0,1514,1516,1615,1518,1934,1094,1094,1094,1514,1514,1514,1514,944,944,1514,1514,998,998,0,0,4
277424346,277424346,18,255,0,0,0,1514,1516,1615,1518,1934,1094,1094,1094,1514,1514,1514,1514,944,944,1514,1514,998,998,0,0,4
277636340,277636340,18,255,0,0,0,1514,1516,1615,1518,1934,1094,1094,1094,1514,1514,1514,1514,944,944,1514,1514,998,998,0,0,4
277826171,277826171,18,255,0,0,0,1514,1516,1615,1518,1934,1094,1094,1094,1514,1514,1514,1514,944,944,1514,1514,998,998,0,0,4
278029941,278029941,18,255,0,0,0,1514,1516,1615,1518,1934,1094,1094,1094,1514,1514,1514,1514,944,944,1514,1514,998,998,0,0,4
278634738,278634738,18,255,0,0,0,1514,1516,1615,1518,1934,1094,1094,1094,1514,1514,1514,1514,944,944,1514,1514,998,998,0,0,4
278834980,278834980,18,255,0,0,0,1514,1516,1615,1518,1934,1094,1094,1094,1514,1514,1514,1514,944,944,1514,1514,998,998,0,0,4
279058722,279058722,18,255,0,0,0,1514,1516,1615,1518,1934,1094,1094,1094,1514,1514,1514,1514,944,944,1514,1514,998,998,0,0,4
279252345,279252345,18,255,0,0,0,1514,1516,1615,1518,1934,1094,1094,1094,1514,1514,1514,1514,944,944,1514,1514,998,998,0,0,4
279456323,279456323,18,255,0,0,0,1514,1516,1615,1518,1934,1094,1094,1094,1514,1514,1514,1514,944,944,1514,1514,998,998,0,0,4
279657943,279657943,18,255,0,0,0,1514,1516,1615,1518,1934,1094,1094,1094,1514,1514,1514,1514,944,944,1514,1514,998,998,0,0,4
279853950,279853950,18,255,0,0,0,1514,1516,1615,1518,1934,1094,1094,1094,1514,1514,1514,1514,944,944,1514,1514,998,998,0,0,4
280053953,280053953,18,255,0,0,0,1514,1516,1615,1518,1934,1094,1094,1094,1514,1514,1514,1514,944,944,1514,1514,998,998,0,0,4
280258743,280258743,18,255,0,0,0,1514,1516,1615,1518,1934,1094,1094,1094,1514,1514,1514,1514,944,944,1514,1514,998,998,0,0,4
280478761,280478761,18,255,0,0,0,1514,1516,1615,1518,1934,1094,1094,1094,1514,1514,1514,1514,944,944,1514,1514,998,998,0,0,4
280678740,280678740,18,255,0,0,0,1514,1516,1615,1518,1934,1094,1094,1094,1514,1514,1514,1514,944,944,1514,1514,998,998,0,0,4
280878758,280878758,18,255,0,0,0,1514,1516,1615,1518,1934,1094,1094,1094,1514,1514,1514,1514,944,944,1514,1514,998,998,0,0,4
281075557,281075557,18,255,0,0,0,1514,1516,1615,1518,1934,1094,1094,1094,1514,1514,1514,1514,944,944,1514,1514,998,998,0,0,4
281271549,281271549,18,255,0,0,0,1514,1516,1615,1518,1934,1094,1094,1094,1514,1514,1514,1514,944,944,1514,1514,998,998,0,0,4
281491618,281491618,18,255,0,0,0,1514,1516,1615,1518,1934,1094,1094,1094,1514,1514,1514,1514,944,944,1514,1514,998,998,0,0,4
281683524,281683524,18,255,0,0,0,1514,1516,1615,1518,1934,1094,1094,1094,1514,1514,1514,1514,944,944,1514,1514,998,998,0,0,4
281885146,281885146,18,255,0,0,0,1514,1516,1615,1518,1934,1094,1094,1094,1514,1514,1514,1514,944,944,1514,1514,998,998,0,0,4
282089123,282089123,18,255,0,0,0,1514,1516,1615,1518,1934,1094,1094,1094,1514,1514,1514,1514,944,944,1514,1514,998,998,0,0,4
282282779,282282779,18,255,0,0,0,1514,1516,1615,1518,1934,1094,1094,1094,1514,1514,1514,1514,944,944,1514,1514,998,998,0,0,4
282503113,282503113,18,255,0,0,0,1514,1516,1615,1518,1934,1094,1094,1094,1514,1514,1514,1514,944,944,1514,1514,998,998,0,0,4
282706722,282706722,18,255,0,0,0,1514,1516,1615,1518,1934,1094,1094,1094,1514,1514,1514,1514,944,944,1514,1514,998,998,0,0,4
282900569,282900569,18,255,0,0,0,1514,1516,1615,1518,1934,1094,1094,1094,1514,1514,1514,1514,944,944,1514,1514,998,998,0,0,4
283096343,283096343,18,255,0,0,0,1514,1516,1615,1518,1934,1094,1094,1094,1514,1514,1514,1514,944,944,1514,1514,998,998,0,0,4
283316325,283316325,18,255,0,0,0,1514,1516,1615,1518,1934,1094,1094,1094,1514,1514,1514,1514,944,944,1514,1514,998,998,0,0,4
283517934,283517934,18,255,0,0,0,1514,1516,1615,1518,1934,1094,1094,1094,1514,1514,1514,1514,944,944,1514,1514,998,998,0,0,4
283717953,283717953,18,255,0,0,0,1514,1516,1615,1518,1934,1094,1094,1094,1514,1514,1514,1514,944,944,1514,1514,998,998,0,0,4
283917924,283917924,18,255,0,0,0,1514,1516,1615,1518,1934,1094,1094,1094,1514,1514,1514,1514,944,944,1514,1514,998,998,0,0,4
284111531,284111531,18,255,0,0,0,1514,1516,1615,1518,1934,1094,1094,1094,1514,1514,1514,1514,944,944,1514,1514,998,998,0,0,4
284311567,284311567,18,255,0,0,0,1514,1516,1615,1518,1934,1094,1094,1094,1514,1514,1514,1514,944,944,1514,1514,998,998,0,0,4
284533234,284533234,18,255,0,0,0,1514,1516,1615,1518,1934,1094,1094,1094,1514,1514,1514,1514,944,944,1514,1514,998,998,0,0,4
284733443,284733443,18,255,0,0,0,1514,1516,1615,1518,1934,1094,1094,1094,1514,1514,1514,1514,944,944,1514,1514,998,998,0,0,4
284929130,284929130,18,255,0,0,0,1514,1516,1615,1518,1934,1094,1094,1094,1514,1514,1514,1514,944,944,1514,1514,998,998,0,0,4
285127046,285127046,18,255,0,0,0,1514,1516,1615,1518,1934,1094,1094,1094,1514,1514,1514,1514,944,944,1514,1514,998,998,0,0,4
285322794,285322794,18,255,0,0,0,1514,1516,1615,1518,1934,1094,1094,1094,1514,1514,1514,1514,944,944,1514,1514,998,998,0,0,4
285523087,285523087,18,255,0,0,0,1514,1516,1615,1518,1934,1094,1094,1094,1514,1514,1514,1514,944,944,1514,1514,998,998,0,0,4
285736615,285736615,18,255,0,0,0,1514,1516,1615,1518,1934,1094,1094,1094,1514,1514,1514,1514,944,944,1514,1514,998,998,0,0,4
285944352,285944352,18,255,0,0,0,1514,1516,1615,1518,1934,1094,1094,1094,1514,1514,1514,1514,944,944,1514,1514,998,998,0,0,4
286140394,286140394,18,255,0,0,0,1514,1516,1615,1518,1934,1094,1094,1094,1514,1514,1514,1514,944,944,1514,1514,998,998,0,0,4
286337950,286337950,18,255,0,0,0,1514,1516,1615,1518,1934,1094,1094,1094,1514,1514,1514,1514,944,944,1514,1514,998,998,0,0,4
286533920,286533920,18,255,0,0,0,1514,1516,1615,1518,1934,1094,1094,1094,1514,1514,1514,1514,944,944,1514,1514,998,998,0,0,4
286749927,286749927,18,255,0,0,0,1514,1516,1615,1518,1934,1094,1094,1094,1514,1514,1514,1514,944,944,1514,1514,998,998,0,0,4
286950738,286950738,18,255,0,0,0,1514,1516,1615,1518,1934,1094,1094,1094,1514,1514,1514,1514,944,944,1514,1514,998,998,0,0,4
287154747,287154747,18,255,0,0,0,1514,1516,1615,1518,1934,1094,1094,1094,1514,1514,1514,1514,944,944,1514,1514,998,998,0,0,4
287350712,287350712,18,255,0,0,0,1514,1516,1615,1518,1934,1094,1094,1094,1514,1514,1514,1514,944,944,1514,1514,998,998,0,0,4
287552373,287552373,18,255,0,0,0,1514,1516,1615,1518,1934,1094,1094,1094,1514,1514,1514,1514,944,944,1514,1514,998,998,0,0,4
287744329,287744329,18,255,0,0,0,1514,1516,1615,1518,1934,1094,1094,1094,1514,1514,1514,1514,944,944,1514,1514,998,998,0,0,4
287956267,287956267,18,255,0,0,0,1514,1516,1615,1518,1934,1094,1094,1094,1514,1514,1514,1514,944,944,1514,1514,998,998,0,0,4
288169947,288169947,18,255,0,0,0,1514,1516,1615,1518,1934,1094,1094,1094,1514,1514,1514,1514,944,944,1514,1514,998,998,0,0,4
288369955,288369955,18,255,0,0,0,1514,1516,1615,1518,1934,1094,1094,1094,1514,1514,1514,1514,944,944,1514,1514,998,998,0,0,4
288570005,288570005,18,255,0,0,0,1514,1516,1615,1518,1934,1094,1094,1094,1514,1514,1514,1514,944,944,1514,1514,998,998,0,0,4
288770735,288770735,18,255,0,0,0,1514,1516,1615,1518,1934,1094,1094,1094,1514,1514,1514,1514,944,944,1514,1514,998,998,0,0,4
288975002,288975002,18,255,0,0,0,1514,1516,1615,1518,1934,1094,1094,1094,1514,1514,1514,1514,944,944,1514,1514,998,998,0,0,4
289158746,289158746,18,255,0,0,0,1514,1516,1615,1518,1934,1094,1094,1094,1514,1514,1514,1514,944,944,1514,1514,998,998,0,0,4
289362774,289362774,18,255,0,0,0,1514,1516,1615,1518,1934,1094,1094,1094,1514,1514,1514,1514,944,944,1514,1514,998,998,0,0,4
289579595,289579595,18,255,0,0,0,1514,1516,1615,1518,1934,1094,1094,1094,1514,1514,1514,1514,944,944,1514,1514,998,998,0,0,4
289783545,289783545,18,255,0,0,0,1514,1516,1615,1518,1934,1094,1094,1094,1514,1514,1514,1514,944,944,1514,1514,998,998,0,0,4
289967523,289967523,18,255,0,0,0,1514,1516,1615,1518,1934,1094,1094,1094,1514,1514,1514,1514,944,944,1514,1514,998,998,0,0,4
290169157,290169157,18,255,0,0,0,1514,1516,1615,1518,1934,1094,1094,1094,1514,1514,1514,1514,944,944,1514,1514,998,998,0,0,4
290389135,290389135,18,255,0,0,0,1514,1516,1615,1518,1934,1094,1094,1094,1514,1514,1514,1514,944,944,1514,1514,998,998,0,0,4
290585124,290585124,18,255,0,0,0,1514,1516,1615,1518,1934,1094,1094,1094,1514,1514,1514,1514,944,944,1514,1514,998,998,0,0,4
290782805,290782805,18,255,0,0,0,1514,1516,1615,1518,1934,1094,1094,1094,1514,1514,1514,1514,944,944,1514,1514,998,998,0,0,4
290978749,290978749,18,255,0,0,0,1514,1516,1615,1518,1934,1094,1094,1094,1514,1514,1514,1514,944,944,1514,1514,998,998,0,0,4
291194746,291194746,18,255,0,0,0,1514,1516,1615,1518,1934,1094,1094,1094,1514,1514,1514,1514,944,944,1514,1514,998,998,0,0,4
291387770,291387770,18,255,0,0,0,1514,1516,1615,1518,1934,1094,1094,1094,1514,1514,1514,1514,944,944,1514,1514,998,998,0,0,4
291607525,291607525,18,255,0,0,0,1514,1516,1615,1518,1934,1094,1094,1094,1514,1514,1514,1514,944,944,1514,1514,998,998,0,0,4
291807625,291807625,18,255,0,0,0,1514,1516,1615,1518,1934,1094,1094,1094,1514,1514,1514,1514,944,944,1514,1514,998,998,0,0,4
292009253,292009253,18,255,0,0,0,1514,1516,1615,1518,1934,1094,1094,1094,1514,1514,1514,1514,944,944,1514,1514,998,998,0,0,4
292213160,292213160,18,255,0,0,0,1514,1516,1615,1518,1934,1094,1094,1094,1514,1514,1514,1514,944,944,1514,1514,998,998,0,0,4
292413242,292413242,18,255,0,0,0,1514,1516,1615,1518,1934,1094,1094,1094,1514,1514,1514,1514,944,944,1514,1514,998,998,0,0,4
292594776,292594776,18,255,0,0,0,1514,1516,1615,1518,1934,1094,1094,1094,1514,1514,1514,1514,944,944,1514,1514,998,998,0,0,4
292818763,292818763,18,255,0,0,0,1514,1516,1615,1518,1934,1094,1094,1094,1514,1514,1514,1514,944,944,1514,1514,998,998,0,0,4
293002749,293002749,18,255,0,0,0,1514,1516,1615,1518,1934,1094,1094,1094,1514,1514,1514,1514,944,944,1514,1514,998,998,0,0,4
293219547,293219547,18,255,0,0,0,1514,1516,1615,1518,1934,1094,1094,1094,1514,1514,1514,1514,944,944,1514,1514,998,998,0,0,4
293411544,293411544,18,255,0,0,0,1514,1516,1615,1518,1934,1094,1094,1094,1514,1514,1514,1514,944,944,1514,1514,998,998,0,0,4
293607538,293607538,18,255,0,0,0,1514,1516,1615,1518,1934,1094,1094,1094,1514,1514,1514,1514,944,944,1514,1514,998,998,0,0,4
293827522,293827522,18,255,0,0,0,1514,1516,1615,1518,1934,1094,1094,1094,1514,1514,1514,1514,944,944,1514,1514,998,998,0,0,4
294025156,294025156,18,255,0,0,0,1514,1516,1615,1518,1934,1094,1094,1094,1514,1514,1514,1514,944,944,1514,1514,998,998,0,0,4
294229224,294229224,18,255,0,0,0,1514,1516,1615,1518,1934,1094,1094,1094,1514,1514,1514,1514,944,944,1514,1514,998,998,0,0,4
294429936,294429936,18,255,0,0,0,1514,1516,1615,1518,1934,1094,1094,1094,1514,1514,1514,1514,944,944,1514,1514,998,998,0,0,4
294622785,294622785,18,255,0,0,0,1514,1516,1615,1518,1934,1094,1094,1094,1514,1514,1514,1514,944,944,1514,1514,998,998,0,0,4
294826773,294826773,18,255,0,0,0,1514,1516,1615,1518,1934,1094,1094,1094,1514,1514,1514,1514,944,944,1514,1514,998,998,0,0,4
295035523,295035523,18,255,0,0,0,1514,1516,1615,1518,1934,1094,1094,1094,1514,1514,1514,1514,944,944,1514,1514,998,998,0,0,4
295235549,295235549,18,255,0,0,0,1514,1516,1615,1518,1934,1094,1094,1094,1514,1514,1514,1514,944,944,1514,1514,998,998,0,0,4
295439557,295439557,18,255,0,0,0,1514,1516,1615,1518,1934,1094,1094,1094,1514,1514,1514,1514,944,944,1514,1514,998,998,0,0,4
295639526,295639526,18,255,0,0,0,1514,1516,1615,1518,1934,1094,1094,1094,1514,1514,1514,1514,944,944,1514,1514,998,998,0,0,4
295857149,295857149,18,255,0,0,0,1514,1516,1615,1518,1934,1094,1094,1094,1514,1514,1514,1514,944,944,1514,1514,998,998,0,0,4
296041189,296041189,18,255,0,0,0,1514,1516,1615,1518,1934,1094,1094,1094,1514,1514,1514,1514,944,944,1514,1514,998,998,0,0,4
296245124,296245124,18,255,0,0,0,1514,1516,1615,1518,1934,1094,1094,1094,1514,1514,1514,1514,944,944,1514,1514,998,998,0,0,4
296446756,296446756,18,255,0,0,0,1514,1516,1615,1518,1934,1094,1094,1094,1514,1514,1514,1514,944,944,1514,1514,998,998,0,0,4
296646761,296646761,18,255,0,0,0,1514,1516,1615,1518,1934,1094,1094,1094,1514,1514,1514,1514,944,944,1514,1514,998,998,0,0,4
296871544,296871544,18,255,0,0,0,1514,1516,1615,1518,1934,1094,1094,1094,1514,1514,1514,1514,944,944,1514,1514,998,998,0,0,4
297051539,297051539,18,255,0,0,0,1514,1516,1615,1518,1934,1094,1094,1094,1514,1514,1514,1514,944,944,1514,1514,998,998,0,0,4
297275546,297275546,18,255,0,0,0,1514,1516,1615,1518,1934,1094,1094,1094,1514,1514,1514,1514,944,944,1514,1514,998,998,0,0,4
297467526,297467526,18,255,0,0,0,1514,1516,1615,1518,1934,1094,1094,1094,1514,1514,1514,1514,944,944,1514,1514,998,998,0,0,4
297665149,297665149,18,255,0,0,0,1514,1516,1615,1518,1934,1094,1094,1094,1514,1514,1514,1514,944,944,1514,1514,998,998,0,0,4
297877185,297877185,18,255,0,0,0,1514,1516,1615,1518,1934,1094,1094,1094,1514,1514,1514,1514,944,944,1514,1514,998,998,0,0,4
298073127,298073127,18,255,0,0,0,1514,1516,1615,1518,1934,1094,1094,1094,1514,1514,1514,1514,944,944,1514,1514,998,998,0,0,4
298286802,298286802,18,255,0,0,0,1514,1516,1615,1518,1934,1094,1094,1094,1514,1514,1514,1514,944,944,1514,1514,998,998,0,0,4
298482798,298482798,18,255,0,0,0,1514,1516,1615,1518,1934,1094,1094,1094,1514,1514,1514,1514,944,944,1514,1514,998,998,0,0,4
298678791,298678791,18,255,0,0,0,1514,1516,1615,1518,1934,1094,1094,1094,1514,1514,1514,1514,944,944,1514,1514,998,998,0,0,4
298896349,298896349,18,255,0,0,0,1514,1516,1615,1518,1934,1094,1094,1094,1514,1514,1514,1514,944,944,1514,1514,998,998,0,0,4
299096360,299096360,18,255,0,0,0,1514,1516,1615,1518,1934,1094,1094,1094,1514,1514,1514,1514,944,944,1514,1514,998,998,0,0,4
299289147,299289147,18,255,0,0,0,1514,1516,1615,1518,1934,1094,1094,1094,1514,1514,1514,1514,944,944,1514,1514,998,998,0,0,4
299493278,299493278,18,255,0,0,0,1514,1516,1615,1518,1934,1094,1094,1094,1514,1514,1514,1514,944,944,1514,1514,998,998,0,0,4
299701472,299701472,18,255,0,0,0,1514,1516,1615,1518,1934,1094,1094,1094,1514,1514,1514,1514,944,944,1514,1514,998,998,0,0,4
299913175,299913175,18,255,0,0,0,1514,1516,1615,1518,1934,1094,1094,1094,1514,1514,1514,1514,944,944,1514,1514,998,998,0,0,4
300114742,300114742,18,255,0,0,0,1514,1516,1615,1518,1934,1094,1094,1094,1514,1514,1514,1514,944,944,1514,1514,998,998,0,0,4
300310977,300310977,18,255,0,0,0,1513,1516,1615,1518,1934,1094,1094,1094,1514,1514,1514,1514,944,944,1514,1514,998,998,0,0,4
300514783,300514783,18,255,0,0,0,1513,1516,1615,1518,1934,1094,1094,1094,1514,1514,1514,1514,944,944,1514,1514,998,998,0,0,4
300712349,300712349,18,255,0,0,0,1513,1516,1615,1518,1934,1094,1094,1094,1514,1514,1514,1514,944,944,1514,1514,998,998,0,0,4
300900343,300900343,18,255,0,0,0,1513,1516,1615,1518,1934,1094,1094,1094,1514,1514,1514,1514,944,944,1514,1514,998,998,0,0,4
301120371,301120371,18,255,0,0,0,1513,1516,1615,1518,1934,1094,1094,1094,1514,1514,1514,1514,944,944,1514,1514,998,998,0,0,4
301305173,301305173,18,255,0,0,0,1513,1516,1615,1518,1934,1094,1094,1094,1514,1514,1514,1514,944,944,1514,1514,998,998,0,0,4
301525217,301525217,18,255,0,0,0,1513,1516,1615,1518,1934,1094,1094,1094,1514,1514,1514,1514,944,944,1514,1514,998,998,0,0,4
301721164,301721164,18,255,0,0,0,1513,1516,1615,1518,1934,1094,1094,1094,1514,1514,1514,1514,944,944,1514,1514,998,998,0,0,4
301934821,301934821,18,255,0,0,0,1513,1516,1615,1518,1934,1094,1094,1094,1514,1514,1514,1514,944,944,1514,1514,998,998,0,0,4
302130809,302130809,18,255,0,0,0,1513,1516,1615,1518,1934,1094,1094,1094,1514,1514,1514,1514,944,944,1514,1514,998,998,0,0,4
302338748,302338748,18,255,0,0,0,1513,1516,1615,1518,1934,1094,1094,1094,1514,1514,1514,1514,944,944,1514,1514,998,998,0,0,4
302528361,302528361,18,255,0,0,0,1513,1516,1615,1518,1934,1094,1094,1094,1514,1514,1514,1514,944,944,1514,1514,998,998,0,0,4
302724331,302724331,18,255,0,0,0,1513,1516,1615,1518,1934,1094,1094,1094,1514,1514,1514,1514,944,944,1514,1514,998,998,0,0,4
302932341,302932341,18,255,0,0,0,1513,1516,1615,1518,1934,1094,1094,1094,1514,1514,1514,1514,944,944,1514,1514,998,998,0,0,4
303129119,303129119,18,255,0,0,0,1513,1516,1615,1518,1934,1094,1094,1094,1514,1514,1514,1514,944,944,1514,1514,998,998,0,0,4
303345149,303345149,18,255,0,0,0,1513,1516,1615,1518,1934,1094,1094,1094,1514,1514,1514,1514,944,944,1514,1514,998,998,0,0,4
303549385,303549385,18,255,0,0,0,1513,1516,1615,1518,1934,1094,1094,1094,1514,1514,1514,1514,944,944,1514,1514,998,998,0,0,4
303745165,303745165,18,255,0,0,0,1513,1516,1615,1518,1934,1094,1094,1094,1514,1514,1514,1514,944,944,1514,1514,998,998,0,0,4
303947018,303947018,18,255,0,0,0,1513,1516,1615,1518,1934,1094,1094,1094,1514,1514,1514,1514,944,944,1514,1514,998,998,0,0,4
304158741,304158741,18,255,0,0,0,1513,1516,1615,1518,1934,1094,1094,1094,1514,1514,1514,1514,944,944,1514,1514,998,998,0,0,4
304360347,304360347,18,255,0,0,0,1513,1516,1615,1518,1934,1094,1094,1094,1514,1514,1514,1514,944,944,1514,1514,998,998,0,0,4
304556573,304556573,18,255,0,0,0,1513,1516,1615,1518,1934,1094,1094,1094,1514,1514,1514,1514,944,944,1514,1514,998,998,0,0,4
304756279,304756279,18,255,0,0,0,1513,1516,1615,1518,1934,1094,1094,1094,1514,1514,1514,1514,944,944,1514,1514,998,998,0,0,4
304953616,304953616,18,255,0,0,0,1513,1516,1615,1518,1934,1094,1094,1094,1514,1514,1514,1514,944,944,1514,1514,998,998,0,0,4
305161144,305161144,18,255,0,0,0,1513,1516,1615,1518,1934,1094,1094,1094,1514,1514,1514,1514,944,944,1514,1514,998,998,0,0,4
305369136,305369136,18,255,0,0,0,1513,1516,1615,1518,1934,1094,1094,1094,1514,1514,1514,1514,944,944,1514,1514,998,998,0,0,4
305565369,305565369,18,255,0,0,0,1513,1516,1615,1518,1934,1094,1094,1094,1514,1514,1514,1514,944,944,1514,1514,998,998,0,0,4
305765946,305765946,18,255,0,0,0,1513,1516,1615,1518,1934,1094,1094,1094,1514,1514,1514,1514,944,944,1514,1514,998,998,0,0,4
305962202,305962202,18,255,0,0,0,1513,1516,1615,1518,1934,1094,1094,1094,1514,1514,1514,1514,944,944,1514,1514,998,998,0,0,4
306178174,306178174,18,255,0,0,0,1513,1516,1615,1518,1934,1094,1094,1094,1514,1514,1514,1514,944,944,1514,1514,998,998,0,0,4
306378743,306378743,18,255,0,0,0,1513,1516,1615,1518,1934,1094,1094,1094,1514,1514,1514,1514,944,944,1514,1514,998,998,0,0,4
306570743,306570743,18,255,0,0,0,1513,1516,1615,1518,1934,1094,1094,1094,1514,1514,1514,1514,944,944,1514,1514,998,998,0,0,4
306770743,306770743,18,255,0,0,0,1513,1516,1615,1518,1934,1094,1094,1094,1514,1514,1514,1514,944,944,1514,1514,998,998,0,0,4
306970971,306970971,18,255,0,0,0,1513,1516,1615,1518,1934,1094,1094,1094,1514,1514,1514,1514,944,944,1514,1514,998,998,0,0,4
307187774,307187774,18,255,0,0,0,1513,1516,1615,1518,1934,1094,1094,1094,1514,1514,1514,1514,944,944,1514,1514,998,998,0,0,4
307383546,307383546,18,255,0,0,0,1513,1516,1615,1518,1934,1094,1094,1094,1514,1514,1514,1514,944,944,1514,1514,998,998,0,0,4
307579539,307579539,18,255,0,0,0,1513,1516,1615,1518,1934,1094,1094,1094,1514,1514,1514,1514,944,944,1514,1514,998,998,0,0,4
307775599,307775599,18,255,0,0,0,1513,1516,1615,1518,1934,1094,1094,1094,1514,1514,1514,1514,944,944,1514,1514,998,998,0,0,4
307993150,307993150,18,255,0,0,0,1513,1516,1615,1518,1934,1094,1094,1094,1514,1514,1514,1514,944,944,1514,1514,998,998,0,0,4
308189118,308189118,18,255,0,0,0,1513,1516,1615,1518,1934,1094,1094,1094,1514,1514,1514,1514,944,944,1514,1514,998,998,0,0,4
308397166,308397166,18,255,0,0,0,1513,1516,1615,1518,1934,1094,1094,1094,1514,1514,1514,1514,944,944,1514,1514,998,998,0,0,4
308598749,308598749,18,255,0,0,0,1513,1516,1615,1518,1934,1094,1094,1094,1514,1514,1514,1514,944,944,1514,1514,998,998,0,0,4
308790725,308790725,18,255,0,0,0,1513,1516,1615,1518,1934,1094,1094,1094,1514,1514,1514,1514,944,944,1514,1514,998,998,0,0,4
308991546,308991546,18,255,0,0,0,1513,1516,1615,1518,1934,1094,1094,1094,1514,1514,1514,1514,944,944,1514,1514,998,998,0,0,4
309191524,309191524,18,255,0,0,0,1513,1516,1615,1518,1934,1094,1094,1094,1514,1514,1514,1514,944,944,1514,1514,998,998,0,0,4
309391636,309391636,18,255,0,0,0,1513,1516,1615,1518,1934,1094,1094,1094,1514,1514,1514,1514,944,944,1514,1514,998,998,0,0,4
309603530,309603530,18,255,0,0,0,1513,1516,1615,1518,1934,1094,1094,1094,1514,1514,1514,1514,944,944,1514,1514,998,998,0,0,4
309809229,309809229,18,255,0,0,0,1513,1516,1615,1518,1934,1094,1094,1094,1514,1514,1514,1514,944,944,1514,1514,998,998,0,0,4
310009149,310009149,18,255,0,0,0,1513,1516,1615,1518,1934,1094,1094,1094,1514,1514,1514,1514,944,944,1514,1514,998,998,0,0,4
310209444,310209444,18,255,0,0,0,1513,1516,1615,1518,1934,1094,1094,1094,1514,1514,1514,1514,944,944,1514,1514,998,998,0,0,4
310410743,310410743,18,255,0,0,0,1513,1516,1615,1518,1934,1094,1094,1094,1514,1514,1514,1514,944,944,1514,1514,998,998,0,0,4
310610742,310610742,18,255,0,0,0,1513,1516,1615,1518,1934,1094,1094,1094,1514,1514,1514,1514,944,944,1514,1514,998,998,0,0,4
310810721,310810721,18,255,0,0,0,1513,1516,1615,1518,1934,1094,1094,1094,1514,1514,1514,1514,944,944,1514,1514,998,998,0,0,4
311011530,311011530,18,255,0,0,0,1513,1516,1615,1518,1934,1094,1094,1094,1514,1514,1514,1514,944,944,1514,1514,998,998,0,0,4
311219550,311219550,18,255,0,0,0,1513,1516,1615,1518,1934,1094,1094,1094,1514,1514,1514,1514,944,944,1514,1514,998,998,0,0,4
311407535,311407535,18,255,0,0,0,1513,1516,1615,1518,1934,1094,1094,1094,1514,1514,1514,1514,944,944,1514,1514,998,998,0,0,4
311625182,311625182,18,255,0,0,0,1513,1516,1615,1518,1934,1094,1094,1094,1514,1514,1514,1514,944,944,1514,1514,998,998,0,0,4
311821203,311821203,18,255,0,0,0,1513,1516,1615,1518,1934,1094,1094,1094,1514,1514,1514,1514,944,944,1514,1514,998,998,0,0,4
312033121,312033121,18,255,0,0,0,1513,1516,1615,1518,1934,1094,1094,1094,1514,1514,1514,1514,944,944,1514,1514,998,998,0,0,4
312218783,312218783,18,255,0,0,0,1513,1516,1615,1518,1934,1094,1094,1094,1514,1514,1514,1514,944,944,1514,1514,998,998,0,0,4
312422807,312422807,18,255,0,0,0,1513,1516,1615,1518,1934,1094,1094,1094,1514,1514,1514,1514,944,944,1514,1514,998,998,0,0,4
312642792,312642792,18,255,0,0,0,1513,1516,1615,1518,1934,1094,1094,1094,1514,1514,1514,1514,944,944,1514,1514,998,998,0,0,4
312843633,312843633,18,255,0,0,0,1513,1516,1615,1518,1934,1094,1094,1094,1514,1514,1514,1514,944,944,1514,1514,998,998,0,0,4
313047520,313047520,18,255,0,0,0,1513,1516,1615,1518,1934,1094,1094,1094,1514,1514,1514,1514,944,944,1514,1514,998,998,0,0,4
313239551,313239551,18,255,0,0,0,1513,1516,1615,1518,1934,1094,1094,1094,1514,1514,1514,1514,944,944,1514,1514,998,998,0,0,4
313453143,313453143,18,255,0,0,0,1513,1516,1615,1518,1934,1094,1094,1094,1514,1514,1514,1514,944,944,1514,1514,998,998,0,0,4
313657171,313657171,18,255,0,0,0,1513,1516,1615,1518,1934,1094,1094,1094,1514,1514,1514,1514,944,944,1514,1514,998,998,0,0,4
313857141,313857141,18,255,0,0,0,1513,1516,1615,1518,1934,1094,1094,1094,1514,1514,1514,1514,944,944,1514,1514,998,998,0,0,4
314058998,314058998,18,255,0,0,0,1513,1516,1615,1518,1934,1094,1094,1094,1514,1514,1514,1514,944,944,1514,1514,998,998,0,0,4
314250743,314250743,18,255,0,0,0,1513,1516,1615,1518,1934,1094,1094,1094,1514,1514,1514,1514,944,944,1514,1514,998,998,0,0,4
314450722,314450722,18,255,0,0,0,1513,1516,1615,1518,1934,1094,1094,1094,1514,1514,1514,1514,944,944,1514,1514,998,998,0,0,4
314667483,314667483,18,255,0,0,0,1513,1516,1615,1518,1934,1094,1094,1094,1514,1514,1514,1514,944,944,1514,1514,998,998,0,0,4
314863573,314863573,18,255,0,0,0,1513,1516,1615,1518,1934,1094,1094,1094,1514,1514,1514,1514,944,944,1514,1514,998,998,0,0,4
315063598,315063598,18,255,0,0,0,1513,1516,1615,1518,1934,1094,1094,1094,1514,1514,1514,1514,944,944,1514,1514,998,998,0,0,4
315263542,315263542,18,255,0,0,0,1513,1516,1615,1518,1934,1094,1094,1094,1514,1514,1514,1514,944,944,1514,1514,998,998,0,0,4
315461415,315461415,18,255,0,0,0,1513,1516,1615,1518,1934,1094,1094,1094,1514,1514,1514,1514,944,944,1514,1514,998,998,0,0,4
315661126,315661126,18,255,0,0,0,1513,1516,1615,1518,1934,1094,1094,1094,1514,1514,1514,1514,944,944,1514,1514,998,998,0,0,4
315862784,315862784,18,255,0,0,0,1513,1516,1615,1518,1934,1094,1094,1094,1514,1514,1514,1514,944,944,1514,1514,998,998,0,0,4
316074771,316074771,18,255,0,0,0,1513,1516,1615,1518,1934,1094,1094,1094,1514,1514,1514,1514,944,944,1514,1514,998,998,0,0,4
316270723,316270723,18,255,0,0,0,1513,1516,1615,1518,1934,1094,1094,1094,1514,1514,1514,1514,944,944,1514,1514,998,998,0,0,4
316488322,316488322,18,255,0,0,0,1513,1516,1615,1518,1934,1094,1094,1094,1514,1514,1514,1514,944,944,1514,1514,998,998,0,0,4
316684551,316684551,18,255,0,0,0,1513,1516,1615,1518,1934,1094,1094,1094,1514,1514,1514,1514,944,944,1514,1514,998,998,0,0,4
316884337,316884337,18,255,0,0,0,1513,1516,1615,1518,1934,1094,1094,1094,1514,1514,1514,1514,944,944,1514,1514,998,998,0,0,4
317081943,317081943,18,255,0,0,0,1513,1516,1615,1518,1934,1094,1094,1094,1514,1514,1514,1514,944,944,1514,1514,998,998,0,0,4
317289927,317289927,18,255,0,0,0,1513,1516,1615,1518,1934,1094,1094,1094,1514,1514,1514,1514,944,944,1514,1514,998,998,0,0,4
317485983,317485983,18,255,0,0,0,1513,1516,1615,1518,1934,1094,1094,1094,1514,1514,1514,1514,944,944,1514,1514,998,998,0,0,4
317679558,317679558,18,255,0,0,0,1513,1516,1615,1518,1934,1094,1094,1094,1514,1514,1514,1514,944,944,1514,1514,998,998,0,0,4
317879527,317879527,18,255,0,0,0,1513,1516,1615,1518,1934,1094,1094,1094,1514,1514,1514,1514,944,944,1514,1514,998,998,0,0,4
318089171,318089171,18,255,0,0,0,1513,1516,1615,1518,1934,1094,1094,1094,1514,1514,1514,1514,944,944,1514,1514,998,998,0,0,4
318289145,318289145,18,255,0,0,0,1513,1516,1615,1518,1934,1094,1094,1094,1514,1514,1514,1514,944,944,1514,1514,998,998,0,0,4
318497132,318497132,18,255,0,0,0,1513,1516,1615,1518,1934,1094,1094,1094,1514,1514,1514,1514,944,944,1514,1514,998,998,0,0,4
318693957,318693957,18,255,0,0,0,1513,1516,1615,1518,1934,1094,1094,1094,1514,1514,1514,1514,944,944,1514,1514,998,998,0,0,4
318914336,318914336,18,255,0,0,0,1513,1516,1615,1518,1934,1094,1094,1094,1514,1514,1514,1514,944,944,1514,1514,998,998,0,0,4
319113961,319113961,18,255,0,0,0,1513,1516,1615,1518,1934,1094,1094,1094,1514,1514,1514,1514,944,944,1514,1514,998,998,0,0,4
319313915,319313915,18,255,0,0,0,1513,1516,1615,1518,1934,1094,1094,1094,1514,1514,1514,1514,944,944,1514,1514,998,998,0,0,4
319506762,319506762,18,255,0,0,0,1513,1516,1615,1518,1934,1094,1094,1094,1514,1514,1514,1514,944,944,1514,1514,998,998,0,0,4
319710743,319710743,18,255,0,0,0,1513,1516,1615,1518,1934,1094,1094,1094,1514,1514,1514,1514,944,944,1514,1514,998,998,0,0,4
319910746,319910746,18,255,0,0,0,1513,1516,1615,1518,1934,1094,1094,1094,1514,1514,1514,1514,944,944,1514,1514,998,998,0,0,4
320111546,320111546,18,255,0,0,0,1513,1516,1615,1518,1934,1094,1094,1094,1514,1514,1514,1514,944,944,1514,1514,998,998,0,0,4
320320424,320320424,18,255,0,0,0,1513,1516,1615,1518,1934,1094,1094,1094,1514,1514,1514,1514,944,944,1514,1514,998,998,0,0,4
320508440,320508440,18,255,0,0,0,1513,1516,1615,1518,1934,1094,1094,1094,1514,1514,1514,1514,944,944,1514,1514,998,998,0,0,4
320725944,320725944,18,255,0,0,0,1513,1516,1615,1518,1934,1094,1094,1094,1514,1514,1514,1514,944,944,1514,1514,998,998,0,0,4
320921983,320921983,18,255,0,0,0,1513,1516,1615,1518,1934,1094,1094,1094,1514,1514,1514,1514,944,944,1514,1514,998,998,0,0,4
321121935,321121935,18,255,0,0,0,1513,1516,1615,1518,1934,1094,1094,1094,1514,1514,1514,1514,944,944,1514,1514,998,998,0,0,4
321342843,321342843,18,255,0,0,0,1513,1516,1615,1518,1934,1094,1094,1094,1514,1514,1514,1514,944,944,1514,1514,998,998,0,0,4
321543100,321543100,18,255,0,0,0,1513,1516,1615,1518,1934,1094,1094,1094,1514,1514,1514,1514,944,944,1514,1514,998,998,0,0,4
321738752,321738752,18,255,0,0,0,1513,1516,1615,1518,1934,1094,1094,1094,1514,1514,1514,1514,944,944,1514,1514,998,998,0,0,4
321939032,321939032,18,255,0,0,0,1513,1516,1615,1518,1934,1094,1094,1094,1514,1514,1514,1514,944,944,1514,1514,998,998,0,0,4
322140346,322140346,18,255,0,0,0,1513,1516,1615,1518,1934,1094,1094,1094,1514,1514,1514,1514,944,944,1514,1514,998,998,0,0,4
322340358,322340358,18,255,0,0,0,1513,1516,1615,1518,1934,1094,1094,1094,1514,1514,1514,1514,944,944,1514,1514,998,998,0,0,4
322561208,322561208,18,255,0,0,0,1513,1516,1615,1518,1934,1094,1094,1094,1514,1514,1514,1514,944,944,1514,1514,998,998,0,0,4
322757157,322757157,18,255,0,0,0,1513,1516,1615,1518,1934,1094,1094,1094,1514,1514,1514,1514,944,944,1514,1514,998,998,0,0,4
322965195,322965195,18,255,0,0,0,1513,1516,1615,1518,1934,1094,1094,1094,1514,1514,1514,1514,944,944,1514,1514,998,998,0,0,4
323161372,323161372,18,255,0,0,0,1513,1516,1615,1518,1934,1094,1094,1094,1514,1514,1514,1514,944,944,1514,1514,998,998,0,0,4
323362768,323362768,18,255,0,0,0,1513,1516,1615,1518,1934,1094,1094,1094,1514,1514,1514,1514,944,944,1514,1514,998,998,0,0,4
323566747,323566747,18,255,0,0,0,1513,1516,1615,1518,1934,1094,1094,1094,1514,1514,1514,1514,944,944,1514,1514,998,998,0,0,4
323770997,323770997,18,255,0,0,0,1513,1516,1615,1518,1934,1094,1094,1094,1514,1514,1514,1514,944,944,1514,1514,998,998,0,0,4
323960385,323960385,18,255,0,0,0,1513,1516,1615,1518,1514,1094,1094,1094,1514,1514,1514,1514,944,944,1514,1514,998,998,0,0,4
324176419,324176419,18,255,0,0,0,1513,1516,1615,1518,1514,1094,1094,1094,1514,1514,1514,1514,944,944,1514,1514,998,998,0,0,4
324381372,324381372,18,255,0,0,0,1513,1516,1615,1518,1514,1094,1094,1094,1514,1514,1514,1514,944,944,1514,1514,998,998,0,0,4
324581947,324581947,18,255,0,0,0,1513,1516,1615,1518,1514,1094,1094,1094,1514,1514,1514,1514,944,944,1514,1514,998,998,0,0,4
324781934,324781934,18,255,0,0,0,1513,1516,1615,1504,1514,1094,1094,1094,1514,1514,1514,1514,944,944,1514,1514,998,998,0,0,4
324991548,324991548,18,255,0,0,0,1513,1516,1615,1407,1514,1094,1094,1094,1514,1514,1514,1514,944,944,1514,1514,998,998,0,0,4
325191585,325191585,18,255,0,0,0,1513,1516,1615,1367,1514,1094,1094,1094,1514,1514,1514,1514,944,944,1514,1514,998,998,0,0,4
325391841,325391841,18,255,0,0,0,1513,1516,1615,1442,1514,1094,1094,1094,1514,1514,1514,1514,944,944,1514,1514,998,998,0,0,4
325597143,325597143,18,255,0,0,0,1513,1516,1615,1517,1514,1094,1094,1094,1514,1514,1514,1514,944,944,1514,1514,998,998,0,0,4
325797183,325797183,18,255,0,0,0,1513,1516,1615,1517,1514,1094,1094,1094,1514,1514,1514,1514,944,944,1514,1514,998,998,0,0,4
325993209,325993209,18,255,0,0,0,1513,1516,1615,1489,1514,1094,1094,1094,1514,1514,1514,1514,944,944,1514,1514,998,998,0,0,4
326202768,326202768,18,255,0,0,0,1513,1516,1615,1379,1514,1094,1094,1094,1514,1514,1514,1514,944,944,1514,1514,998,998,0,0,4
326406721,326406721,18,255,0,0,0,1513,1516,1615,1517,1514,1094,1094,1094,1514,1514,1514,1514,944,944,1514,1514,998,998,0,0,4
326604348,326604348,18,255,0,0,0,1513,1518,1615,1517,1514,1094,1094,1094,1514,1514,1514,1514,944,944,1514,1514,998,998,0,0,4
326816389,326816389,18,255,0,0,0,1513,1542,1615,1517,1514,1094,1094,1094,1514,1514,1514,1514,944,944,1514,1514,998,998,0,0,4
327016371,327016371,18,255,0,0,0,1513,1661,1615,1517,1514,1094,1094,1094,1514,1514,1514,1514,944,944,1514,1514,998,998,0,0,4
327217945,327217945,18,255,0,0,0,1513,1710,1615,1517,1514,1094,1094,1094,1514,1514,1514,1514,944,944,1514,1514,998,998,0,0,4
327417945,327417945,18,255,0,0,0,1513,1702,1606,1517,1514,1094,1094,1094,1514,1514,1514,1514,944,944,1514,1514,998,998,0,0,4
327625920,327625920,18,255,0,0,0,1513,1585,1599,1517,1514,1094,1094,1094,1514,1514,1514,1514,944,944,1514,1514,998,998,0,0,4
327827543,327827543,18,255,0,0,0,1490,1517,1599,1517,1514,1094,1094,1094,1514,1514,1514,1514,944,944,1514,1514,998,998,0,0,4
328019543,328019543,18,255,0,0,0,1455,1517,1592,1517,1514,1094,1094,1094,1514,1514,1514,1514,944,944,1514,1514,998,998,0,0,4
328235527,328235527,18,255,0,0,0,1455,1517,1588,1517,1514,1094,1094,1094,1514,1514,1514,1514,944,944,1514,1514,998,998,0,0,4
328433146,328433146,18,255,0,0,0,1457,1517,1584,1517,1514,1094,1094,1094,1514,1514,1514,1514,944,944,1514,1514,998,998,0,0,4
328625375,328625375,18,255,0,0,0,1475,1517,1584,1517,1514,1094,1094,1094,1514,1514,1514,1514,944,944,1514,1514,998,998,0,0,4
328830723,328830723,18,255,0,0,0,1512,1517,1584,1517,1514,1094,1094,1094,1514,1514,1514,1514,944,944,1514,1514,998,998,0,0,4
329042828,329042828,18,255,0,0,0,1513,1517,1584,1517,1514,1094,1094,1094,1514,1514,1514,1514,944,944,1514,1514,998,998,0,0,4
329239012,329239012,18,255,0,0,0,1513,1628,1584,1517,1514,1094,1094,1094,1514,1514,1514,1514,944,944,1514,1514,998,998,0,0,4
329444382,329444382,18,255,0,0,0,1513,1745,1584,1517,1514,1094,1094,1094,1514,1514,1514,1514,944,944,1514,1514,998,998,0,0,4
329632710,329632710,18,255,0,0,0,1513,1749,1584,1517,1514,1094,1094,1094,1514,1514,1514,1514,944,944,1514,1514,998,998,0,0,4
329856349,329856349,18,255,0,0,0,1513,1747,1584,1517,1514,1094,1094,1094,1514,1514,1514,1514,944,944,1514,1514,998,998,0,0,4
330057181,330057181,18,255,0,0,0,1513,1707,1584,1517,1514,1094,1094,1094,1514,1514,1514,1514,944,944,1514,1514,998,998,0,0,4
330257149,330257149,18,255,0,0,0,1513,1522,1584,1517,1514,1094,1094,1094,1514,1514,1514,1514,944,944,1514,1514,998,998,0,0,4
330457139,330457139,18,255,0,0,0,1513,1517,1584,1517,1514,1094,1094,1094,1514,1514,1514,1514,944,944,1514,1514,998,998,0,0,4
330658729,330658729,18,255,0,0,0,1513,1517,1584,1517,1514,1094,1094,1094,1514,1514,1514,1514,944,944,1514,1514,998,998,0,0,4
330858795,330858795,18,255,0,0,0,1513,1517,1584,1517,1514,1094,1094,1094,1514,1514,1514,1514,944,944,1514,1514,998,998,0,0,4
331058751,331058751,18,255,0,0,0,1513,1517,1584,1517,1514,1094,1094,1094,1514,1514,1514,1514,944,944,1514,1514,998,998,0,0,4
331256352,331256352,18,255,0,0,0,1513,1517,1584,1517,1514,1094,1094,1094,1514,1514,1514,1514,944,944,1514,1514,998,998,0,0,4
331460349,331460349,18,255,0,0,0,1513,1517,1584,1517,1514,1094,1094,1094,1514,1514,1514,1514,944,944,1514,1514,998,998,0,0,4
331656309,331656309,18,255,0,0,0,1513,1517,1584,1517,1514,1094,1094,1094,1514,1514,1514,1514,944,944,1514,1514,998,998,0,0,4
331857144,331857144,18,255,0,0,0,1513,1517,1584,1517,1514,1094,1094,1094,1514,1514,1514,1514,944,944,1514,1514,998,998,0,0,4
332061143,332061143,18,255,0,0,0,1513,1517,1584,1517,1514,1094,1094,1094,1514,1514,1514,1514,944,944,1514,1514,998,998,0,0,4
332277143,332277143,18,255,0,0,0,1513,1609,1584,1517,1514,1094,1094,1094,1514,1514,1514,1514,944,944,1514,1514,998,998,0,0,4
332477124,332477124,18,255,0,0,0,1513,1704,1584,1517,1514,1094,1094,1094,1514,1514,1514,1514,944,944,1514,1514,998,998,0,0,4
332674798,332674798,18,255,0,0,0,1513,1752,1584,1517,1514,1094,1094,1094,1514,1514,1514,1514,944,944,1514,1514,998,998,0,0,4
332870799,332870799,18,255,0,0,0,1513,1760,1584,1517,1514,1094,1094,1094,1514,1514,1514,1514,944,944,1514,1514,998,998,0,0,4
333088353,333088353,18,255,0,0,0,1513,1757,1584,1517,1514,1094,1094,1094,1514,1514,1514,1514,944,944,1514,1514,998,998,0,0,4
333284346,333284346,18,255,0,0,0,1513,1709,1584,1517,1514,1094,1094,1094,1514,1514,1514,1514,944,944,1514,1514,998,998,0,0,4
333484274,333484274,18,255,0,0,0,1513,1526,1584,1517,1514,1094,1094,1094,1514,1514,1514,1514,944,944,1514,1514,998,998,0,0,4
333673945,333673945,18,255,0,0,0,1513,1517,1584,1517,1514,1094,1094,1094,1514,1514,1514,1514,944,944,1514,1514,998,998,0,0,4
333885973,333885973,18,255,0,0,0,1513,1517,1584,1517,1514,1094,1094,1094,1514,1514,1514,1514,944,944,1514,1514,998,998,0,0,4
334085906,334085906,18,255,0,0,0,1513,1517,1584,1517,1514,1094,1094,1094,1514,1514,1514,1514,944,944,1514,1514,998,998,0,0,4
334302825,334302825,18,255,0,0,0,1513,1517,1584,1517,1514,1094,1094,1094,1514,1514,1514,1514,944,944,1514,1514,998,998,0,0,4
334506745,334506745,18,255,0,0,0,1513,1517,1584,1517,1514,1094,1094,1094,1514,1514,1514,1514,944,944,1514,1514,998,998,0,0,4
334703112,334703112,18,255,0,0,0,1513,1517,1584,1517,1514,1094,1094,1094,1514,1514,1514,1514,944,944,1514,1514,998,998,0,0,4
334895572,334895572,18,255,0,0,0,1513,1572,1584,1517,1514,1094,1094,1094,1514,1514,1514,1514,944,944,1514,1514,998,998,0,0,4
335095545,335095545,18,255,0,0,0,1513,1682,1584,1517,1514,1094,1094,1094,1514,1514,1514,1514,944,944,1514,1514,998,998,0,0,4
335307544,335307544,18,255,0,0,0,1513,1703,1584,1517,1514,1094,1094,1094,1514,1514,1514,1514,944,944,1514,1514,998,998,0,0,4
335511520,335511520,18,255,0,0,0,1513,1713,1584,1517,1514,1094,1094,1094,1514,1514,1514,1514,944,944,1514,1514,998,998,0,0,4
335701123,335701123,18,255,0,0,0,1513,1722,1584,1517,1514,1094,1094,1094,1514,1514,1514,1514,944,944,1514,1514,998,998,0,0,4
335901120,335901120,18,255,0,0,0,1513,1725,1584,1517,1514,1094,1094,1094,1514,1514,1514,1514,944,944,1514,1514,998,998,0,0,4
336105103,336105103,18,255,0,0,0,1513,1725,1584,1517,1514,1094,1094,1094,1514,1514,1514,1514,944,944,1514,1514,998,998,0,0,4
336302850,336302850,18,255,0,0,0,1513,1721,1584,1517,1514,1094,1094,1094,1514,1514,1514,1514,944,944,1514,1514,998,998,0,0,4
336518774,336518774,18,255,0,0,0,1513,1705,1584,1517,1514,1094,1094,1094,1514,1514,1514,1514,944,944,1514,1514,998,998,0,0,4
336710707,336710707,18,255,0,0,0,1513,1586,1584,1517,1514,1094,1094,1094,1514,1514,1514,1514,944,944,1514,1514,998,998,0,0,4
336928421,336928421,18,255,0,0,0,1513,1517,1584,1517,1514,1094,1094,1094,1514,1514,1514,1514,944,944,1514,1514,998,998,0,0,4
337124372,337124372,18,255,0,0,0,1513,1517,1584,1517,1514,1094,1094,1094,1514,1514,1514,1514,944,944,1514,1514,998,998,0,0,4
337317982,337317982,18,255,0,0,0,1513,1517,1584,1517,1514,1094,1094,1094,1514,1514,1514,1514,944,944,1514,1514,998,998,0,0,4
337517950,337517950,18,255,0,0,0,1513,1517,1584,1517,1514,1094,1094,1094,1514,1514,1514,1514,944,944,1514,1514,998,998,0,0,4
337737898,337737898,18,255,0,0,0,1513,1517,1584,1517,1514,1094,1094,1094,1514,1514,1514,1514,944,944,1514,1514,998,998,0,0,4
337915542,337915542,18,255,0,0,0,1513,1517,1584,1517,1514,1094,1094,1094,1514,1514,1514,1514,944,944,1514,1514,998,998,0,0,4
338135548,338135548,18,255,0,0,0,1513,1537,1584,1517,1514,1094,1094,1094,1514,1514,1514,1514,944,944,1514,1514,998,998,0,0,4
338339506,338339506,18,255,0,0,0,1513,1531,1584,1517,1514,1094,1094,1094,1514,1514,1514,1514,944,944,1514,1514,998,998,0,0,4
338537144,338537144,18,255,0,0,0,1513,1517,1584,1517,1514,1094,1094,1094,1514,1514,1514,1514,944,944,1514,1514,998,998,0,0,4
338737144,338737144,18,255,0,0,0,1509,1517,1584,1517,1514,1094,1094,1094,1514,1514,1514,1514,944,944,1514,1514,998,998,0,0,4
338941130,338941130,18,255,0,0,0,1495,1517,1584,1517,1514,1094,1094,1094,1514,1514,1514,1514,944,944,1514,1514,998,998,0,0,4
339142823,339142823,18,255,0,0,0,1511,1517,1584,1517,1514,1094,1094,1094,1514,1514,1514,1514,944,944,1514,1514,998,998,0,0,4
339342747,339342747,18,255,0,0,0,1512,1517,1570,1517,1514,1094,1094,1094,1514,1514,1514,1514,944,944,1514,1514,998,998,0,0,4
339560377,339560377,18,255,0,0,0,1513,1517,1494,1517,1514,1094,1094,1094,1514,1514,1514,1514,944,944,1514,1514,998,998,0,0,4
339748373,339748373,18,255,0,0,0,1513,1517,1476,1517,1514,1094,1094,1094,1514,1514,1514,1514,944,944,1514,1514,998,998,0,0,4
339952267,339952267,18,255,0,0,0,1513,1517,1437,1517,1514,1094,1094,1094,1514,1514,1514,1514,944,944,1514,1514,998,998,0,0,4
340145952,340145952,18,255,0,0,0,1513,1517,1391,1517,1514,1094,1094,1094,1514,1514,1514,1514,944,944,1514,1514,998,998,0,0,4
340366012,340366012,18,255,0,0,0,1513,1517,1388,1517,1514,1094,1094,1094,1514,1514,1514,1514,944,944,1514,1514,998,998,0,0,4
340565924,340565924,18,255,0,0,0,1513,1517,1388,1517,1514,1094,1094,1094,1514,1514,1514,1514,944,944,1514,1514,998,998,0,0,4
340766765,340766765,18,255,0,0,0,1513,1517,1388,1517,1514,1094,1094,1094,1514,1514,1514,1514,944,944,1514,1514,998,998,0,0,4
340970797,340970797,18,255,0,0,0,1513,1517,1388,1517,1514,1094,1094,1094,1514,1514,1514,1514,944,944,1514,1514,998,998,0,0,4
341154802,341154802,18,255,0,0,0,1513,1517,1388,1517,1514,1094,1094,1094,1514,1514,1514,1514,944,944,1514,1514,998,998,0,0,4
341379577,341379577,18,255,0,0,0,1513,1517,1388,1517,1514,1094,1094,1094,1514,1514,1514,1514,944,944,1514,1514,998,998,0,0,4
341571881,341571881,18,255,0,0,0,1513,1517,1388,1517,1514,1094,1094,1094,1514,1514,1514,1514,944,944,1514,1514,998,998,0,0,4
341783545,341783545,18,255,0,0,0,1513,1517,1388,1517,1514,1094,1094,1094,1514,1514,1514,1514,944,944,1514,1514,998,998,0,0,4
341987526,341987526,18,255,0,0,0,1513,1517,1388,1517,1094,1094,1094,1094,1514,1514,1514,1514,944,944,1514,1514,998,998,0,0,4
342181136,342181136,18,255,0,0,0,1513,1517,1388,1517,1094,1094,1094,1094,1514,1514,1514,1514,944,944,1514,1514,998,998,0,0,4
342385171,342385171,18,255,0,0,0,1513,1517,1388,1517,1094,1094,1094,1094,1514,1514,1514,1514,944,944,1514,1514,998,998,0,0,4
342585157,342585157,18,255,0,0,0,1513,1517,1388,1517,1094,1094,1094,1094,1514,1514,1514,1514,944,944,1514,1514,998,998,0,0,4
342786744,342786744,18,255,0,0,0,1513,1521,1352,1517,1094,1094,1094,1094,1514,1514,1514,1514,944,944,1514,1514,998,998,0,0,4
342982769,342982769,18,255,0,0,0,1513,1521,1319,1517,1094,1094,1094,1094,1514,1514,1514,1514,944,944,1514,1514,998,998,0,0,4
343187547,343187547,18,255,0,0,0,1513,1530,1318,1517,1094,1094,1094,1094,1514,1514,1514,1514,944,944,1514,1514,998,998,0,0,4
343399521,343399521,18,255,0,0,0,1513,1517,1318,1517,1094,1094,1094,1094,1514,1514,1514,1514,944,944,1514,1514,998,998,0,0,4
343591536,343591536,18,255,0,0,0,1513,1517,1318,1517,1094,1094,1094,1094,1514,1514,1514,1514,944,944,1514,1514,998,998,0,0,4
343811525,343811525,18,255,0,0,0,1513,1517,1318,1517,1094,1094,1094,1094,1514,1514,1514,1514,944,944,1514,1514,998,998,0,0,4
344005159,344005159,18,255,0,0,0,1513,1563,1318,1517,1094,1094,1094,1094,1514,1514,1514,1514,944,944,1514,1514,998,998,0,0,4
344209186,344209186,18,255,0,0,0,1513,1656,1318,1517,1094,1094,1094,1094,1514,1514,1514,1514,944,944,1514,1514,998,998,0,0,4
344409120,344409120,18,255,0,0,0,1513,1698,1318,1517,1094,1094,1094,1094,1514,1514,1514,1514,944,944,1514,1514,998,998,0,0,4
344614743,344614743,18,255,0,0,0,1512,1714,1318,1517,1094,1094,1094,1094,1514,1514,1514,1514,944,944,1514,1514,998,998,0,0,4
344814776,344814776,18,255,0,0,0,1513,1716,1319,1517,1094,1094,1094,1094,1514,1514,1514,1514,944,944,1514,1514,998,998,0,0,4
345019457,345019457,18,255,0,0,0,1513,1718,1319,1517,1094,1094,1094,1094,1514,1514,1514,1514,944,944,1514,1514,998,998,0,0,4
345220348,345220348,18,255,0,0,0,1513,1717,1319,1517,1094,1094,1094,1094,1514,1514,1514,1514,944,944,1514,1514,998,998,0,0,4
345420600,345420600,18,255,0,0,0,1513,1708,1319,1517,1094,1094,1094,1094,1514,1514,1514,1514,944,944,1514,1514,998,998,0,0,4
345617969,345617969,18,255,0,0,0,1513,1706,1319,1517,1094,1094,1094,1094,1514,1514,1514,1514,944,944,1514,1514,998,998,0,0,4
345821924,345821924,18,255,0,0,0,1513,1694,1319,1512,1094,1094,1094,1094,1514,1514,1514,1514,944,944,1514,1514,998,998,0,0,4
346021926,346021926,18,255,0,0,0,1455,1680,1328,1503,1094,1094,1094,1094,1514,1514,1514,1514,944,944,1514,1514,998,998,0,0,4
346243574,346243574,18,255,0,0,0,1375,1632,1333,1511,1094,1094,1094,1094,1514,1514,1514,1514,944,944,1514,1514,998,998,0,0,4
346423629,346423629,18,255,0,0,0,1356,1608,1333,1514,1094,1094,1094,1094,1514,1514,1514,1514,944,944,1514,1514,998,998,0,0,4
346631556,346631556,18,255,0,0,0,1343,1608,1321,1515,1094,1094,1094,1094,1514,1514,1514,1514,944,944,1514,1514,998,998,0,0,4
346845142,346845142,18,255,0,0,0,1340,1608,1320,1515,1094,1094,1094,1094,1514,1514,1514,1514,944,944,1514,1514,998,998,0,0,4
347033143,347033143,18,255,0,0,0,1339,1616,1320,1515,1094,1094,1094,1094,1514,1514,1514,1514,944,944,1514,1514,998,998,0,0,4
347246723,347246723,18,255,0,0,0,1335,1626,1318,1515,1094,1094,1094,1094,1514,1514,1514,1514,944,944,1514,1514,998,998,0,0,4
347446777,347446777,18,255,0,0,0,1332,1631,1317,1515,1094,1094,1094,1094,1514,1514,1514,1514,944,944,1514,1514,998,998,0,0,4
347650753,347650753,18,255,0,0,0,1332,1631,1310,1515,1094,1094,1094,1094,1514,1514,1514,1514,944,944,1514,1514,998,998,0,0,4
347855572,347855572,18,255,0,0,0,1337,1632,1303,1515,1094,1094,1094,1094,1514,1514,1514,1514,944,944,1514,1514,998,998,0,0,4
348059549,348059549,18,255,0,0,0,1395,1637,1299,1515,1094,1094,1094,1094,1514,1514,1514,1514,944,944,1514,1514,998,998,0,0,4
348263544,348263544,18,255,0,0,0,1461,1638,1284,1515,1094,1094,1094,1094,1514,1514,1514,1514,944,944,1514,1514,998,998,0,0,4
348455565,348455565,18,255,0,0,0,1509,1643,1242,1515,1094,1094,1094,1094,1514,1514,1514,1514,944,944,1514,1514,998,998,0,0,4
348669119,348669119,18,255,0,0,0,1513,1643,1203,1515,1094,1094,1094,1094,1514,1514,1514,1514,944,944,1514,1514,998,998,0,0,4
348869143,348869143,18,255,0,0,0,1513,1643,1180,1515,1094,1094,1094,1094,1514,1514,1514,1514,944,944,1514,1514,998,998,0,0,4
349069963,349069963,18,255,0,0,0,1513,1644,1151,1515,1094,1094,1094,1094,1514,1514,1514,1514,944,944,1514,1514,998,998,0,0,4
349270763,349270763,18,255,0,0,0,1513,1636,1133,1515,1094,1094,1094,1094,1514,1514,1514,1514,944,944,1514,1514,998,998,0,0,4
349466712,349466712,18,255,0,0,0,1514,1631,1122,1515,1094,1094,1094,1094,1514,1514,1514,1514,944,944,1514,1514,998,998,0,0,4
349683588,349683588,18,255,0,0,0,1547,1619,1101,1515,1094,1094,1094,1094,1514,1514,1514,1514,944,944,1514,1514,998,998,0,0,4
349887544,349887544,18,255,0,0,0,1591,1622,1098,1515,1094,1094,1094,1094,1514,1514,1514,1514,944,944,1514,1514,998,998,0,0,4
350091606,350091606,18,255,0,0,0,1626,1628,1094,1515,1094,1094,1094,1094,1514,1514,1514,1514,944,944,1514,1514,998,998,0,0,4
350283566,350283566,18,255,0,0,0,1607,1638,1094,1515,1094,1094,1094,1094,1514,1514,1514,1514,944,944,1514,1514,998,998,0,0,4
350481178,350481178,18,255,0,0,0,1592,1642,1094,1515,1094,1094,1094,1094,1514,1514,1514,1514,944,944,1514,1514,998,998,0,0,4
350697189,350697189,18,255,0,0,0,1573,1652,1094,1515,1094,1094,1094,1094,1514,1514,1514,1514,944,944,1514,1514,998,998,0,0,4
350889945,350889945,18,255,0,0,0,1567,1657,1094,1515,1094,1094,1094,1094,1514,1514,1514,1514,944,944,1514,1514,998,998,0,0,4
351090749,351090749,18,255,0,0,0,1565,1655,1094,1515,1094,1094,1094,1094,1514,1514,1514,1514,944,944,1514,1514,998,998,0,0,4
351290731,351290731,18,255,0,0,0,1564,1645,1094,1515,1094,1094,1094,1094,1514,1514,1514,1514,944,944,1514,1514,998,998,0,0,4
351487533,351487533,18,255,0,0,0,1564,1642,1094,1515,1094,1094,1094,1094,1514,1514,1514,1514,944,944,1514,1514,998,998,0,0,4
351691545,351691545,18,255,0,0,0,1562,1629,1094,1515,1094,1094,1094,1094,1514,1514,1514,1514,944,944,1514,1514,998,998,0,0,4
351907595,351907595,18,255,0,0,0,1557,1623,1094,1515,1094,1094,1094,1094,1514,1514,1514,1514,944,944,1514,1514,998,998,0,0,4
352103586,352103586,18,255,0,0,0,1556,1613,1094,1515,1094,1094,1094,1094,1514,1514,1514,1514,944,944,1514,1514,998,998,0,0,4
352309146,352309146,18,255,0,0,0,1553,1607,1094,1515,1094,1094,1094,1094,1514,1514,1514,1514,944,944,1514,1514,998,998,0,0,4
352513181,352513181,18,255,0,0,0,1546,1580,1094,1515,1094,1094,1094,1094,1514,1514,1514,1514,944,944,1514,1514,998,998,0,0,4
352717113,352717113,18,255,0,0,0,1516,1550,1103,1515,1094,1094,1094,1094,1514,1514,1514,1514,944,944,1514,1514,998,998,0,0,4
352906745,352906745,18,255,0,0,0,1513,1522,1141,1515,1094,1094,1094,1094,1514,1514,1514,1514,944,944,1514,1514,998,998,0,0,4
353106724,353106724,18,255,0,0,0,1504,1517,1171,1515,1094,1094,1094,1094,1514,1514,1514,1514,944,944,1514,1514,998,998,0,0,4
353328608,353328608,18,255,0,0,0,1513,1517,1172,1515,1094,1094,1094,1094,1514,1514,1514,1514,944,944,1514,1514,998,998,0,0,4
353528359,353528359,18,255,0,0,0,1514,1517,1172,1516,1094,1094,1094,1094,1514,1514,1514,1514,944,944,1514,1514,998,998,0,0,4
353720320,353720320,18,255,0,0,0,1514,1517,1172,1516,1094,1094,1094,1094,1514,1514,1514,1514,944,944,1514,1514,998,998,0,0,4
353929121,353929121,18,255,0,0,0,1514,1517,1172,1516,1094,1094,1094,1094,1514,1514,1514,1514,944,944,1514,1514,998,998,0,0,4
354133177,354133177,18,255,0,0,0,1514,1517,1173,1516,1094,1094,1094,1094,1514,1514,1514,1514,944,944,1514,1514,998,998,0,0,4
354337353,354337353,18,255,0,0,0,1514,1517,1200,1516,1094,1094,1094,1094,1514,1514,1514,1514,944,944,1514,1514,998,998,0,0,4
354537134,354537134,18,255,0,0,0,1514,1517,1215,1516,1094,1094,1094,1094,1514,1514,1514,1514,944,944,1514,1514,998,998,0,0,4
354738736,354738736,18,255,0,0,0,1514,1517,1226,1516,1094,1094,1094,1094,1514,1514,1514,1514,944,944,1514,1514,998,998,0,0,4
354934761,354934761,18,255,0,0,0,1514,1517,1228,1516,1094,1094,1094,1094,1514,1514,1514,1514,944,944,1514,1514,998,998,0,0,4
355136324,355136324,18,255,0,0,0,1514,1517,1228,1516,1094,1094,1094,1094,1514,1514,1514,1514,944,944,1514,1514,998,998,0,0,4
355336344,355336344,18,255,0,0,0,1514,1517,1228,1516,1094,1094,1094,1094,1514,1514,1514,1514,944,944,1514,1514,998,998,0,0,4
355552327,355552327,18,255,0,0,0,1514,1517,1224,1516,1094,1094,1094,1094,1514,1514,1514,1514,944,944,1514,1514,998,998,0,0,4
355745992,355745992,18,255,0,0,0,1514,1517,1171,1516,1094,1094,1094,1094,1514,1514,1514,1514,944,944,1514,1514,998,998,0,0,4
355957947,355957947,18,255,0,0,0,1514,1517,1162,1516,1094,1094,1094,1094,1514,1514,1514,1514,944,944,1514,1514,998,998,0,0,4
356149935,356149935,18,255,0,0,0,1514,1517,1162,1516,1094,1094,1094,1094,1514,1514,1514,1514,944,944,1514,1514,998,998,0,0,4
356362838,356362838,18,255,0,0,0,1514,1517,1162,1516,1094,1094,1094,1094,1514,1514,1514,1514,944,944,1514,1514,998,998,0,0,4
356562768,356562768,18,255,0,0,0,1514,1517,1162,1516,1094,1094,1094,1094,1514,1514,1514,1514,944,944,1514,1514,998,998,0,0,4
356750749,356750749,18,255,0,0,0,1514,1517,1162,1516,1514,1094,1094,1094,1514,1514,1514,1514,944,944,1514,1514,998,998,0,0,4
356968367,356968367,18,255,0,0,0,1514,1517,1162,1516,1514,1094,1094,1094,1514,1514,1514,1514,944,944,1514,1514,998,998,0,0,4
357164342,357164342,18,255,0,0,0,1514,1517,1162,1516,1514,1094,1094,1094,1514,1514,1514,1514,944,944,1514,1514,998,998,0,0,4
357360312,357360312,18,255,0,0,0,1514,1517,1162,1516,1514,1094,1094,1094,1514,1514,1514,1514,944,944,1514,1514,998,998,0,0,4
357577175,357577175,18,255,0,0,0,1514,1517,1126,1516,1514,1094,1094,1094,1514,1514,1514,1514,944,944,1514,1514,998,998,0,0,4
357761159,357761159,18,255,0,0,0,1514,1544,1102,1516,1514,1094,1094,1094,1514,1514,1514,1514,944,944,1514,1514,998,998,0,0,4
357981204,357981204,18,255,0,0,0,1514,1553,1094,1516,1514,1094,1094,1094,1514,1514,1514,1514,944,944,1514,1514,998,998,0,0,4
358181143,358181143,18,255,0,0,0,1514,1562,1094,1516,1514,1094,1094,1094,1514,1514,1514,1514,944,944,1514,1514,998,998,0,0,4
358386746,358386746,18,255,0,0,0,1514,1553,1094,1516,1514,1094,1094,1094,1514,1514,1514,1514,944,944,1514,1514,998,998,0,0,4
358590787,358590787,18,255,0,0,0,1514,1517,1094,1516,1514,1094,1094,1094,1514,1514,1514,1514,944,944,1514,1514,998,998,0,0,4
358775562,358775562,18,255,0,0,0,1514,1517,1094,1516,1514,1094,1094,1094,1514,1514,1514,1514,944,944,1514,1514,998,998,0,0,4
358980387,358980387,18,255,0,0,0,1514,1517,1094,1516,1514,1094,1094,1094,1514,1514,1514,1514,944,944,1514,1514,998,998,0,0,4
359200325,359200325,18,255,0,0,0,1514,1517,1094,1516,1514,1094,1094,1094,1514,1514,1514,1514,944,944,1514,1514,998,998,0,0,4
359398023,359398023,18,255,0,0,0,1514,1517,1094,1517,1514,1094,1094,1094,1514,1514,1514,1514,944,944,1514,1514,998,998,0,0,4
359593960,359593960,18,255,0,0,0,1514,1517,1094,1517,1514,1094,1094,1094,1514,1514,1514,1514,944,944,1514,1514,998,998,0,0,4
359809910,359809910,18,255,0,0,0,1514,1517,1094,1517,1514,1094,1094,1094,1514,1514,1514,1514,944,944,1514,1514,998,998,0,0,4
359991541,359991541,18,255,0,0,0,1514,1538,1100,1492,1514,1094,1094,1094,1514,1514,1514,1514,944,944,1514,1514,998,998,0,0,4
360207544,360207544,18,255,0,0,0,1514,1579,1113,1457,1514,1094,1094,1094,1514,1514,1514,1514,944,944,1514,1514,998,998,0,0,4
360403522,360403522,18,255,0,0,0,1514,1602,1115,1448,1514,1094,1094,1094,1514,1514,1514,1514,944,944,1514,1514,998,998,0,0,4
360601142,360601142,18,255,0,0,0,1514,1590,1117,1517,1514,1094,1094,1094,1514,1514,1514,1514,944,944,1514,1514,998,998,0,0,4
360801372,360801372,18,255,0,0,0,1513,1580,1117,1517,1514,1094,1094,1094,1514,1514,1514,1514,944,944,1514,1514,998,998,0,0,4
361010744,361010744,18,255,0,0,0,1511,1576,1117,1517,1514,1094,1094,1094,1514,1514,1514,1514,944,944,1514,1514,998,998,0,0,4
361214833,361214833,18,255,0,0,0,1511,1583,1117,1517,1514,1094,1094,1094,1514,1514,1514,1514,944,944,1514,1514,998,998,0,0,4
361418721,361418721,18,255,0,0,0,1494,1583,1120,1517,1514,1094,1094,1094,1514,1514,1514,1514,944,944,1514,1514,998,998,0,0,4
361608327,361608327,18,255,0,0,0,1482,1593,1131,1517,1514,1094,1094,1094,1514,1514,1514,1514,944,944,1514,1514,998,998,0,0,4
361824348,361824348,18,255,0,0,0,1480,1610,1138,1517,1514,1094,1094,1094,1514,1514,1514,1514,944,944,1514,1514,998,998,0,0,4
362012325,362012325,18,255,0,0,0,1469,1612,1159,1517,1514,1094,1094,1094,1514,1514,1514,1514,944,944,1514,1514,998,998,0,0,4
362225921,362225921,18,255,0,0,0,1463,1612,1176,1517,1514,1094,1094,1094,1514,1514,1514,1514,944,944,1514,1514,998,998,0,0,4
362425956,362425956,18,255,0,0,0,1449,1612,1182,1517,1514,1094,1094,1094,1514,1514,1514,1514,944,944,1514,1514,998,998,0,0,4
362618742,362618742,18,255,0,0,0,1433,1612,1205,1517,1514,1094,1094,1094,1514,1514,1514,1514,944,944,1514,1514,998,998,0,0,4
362823584,362823584,18,255,0,0,0,1443,1610,1235,1517,1514,1094,1094,1094,1514,1514,1514,1514,944,944,1514,1514,998,998,0,0,4
363043556,363043556,18,255,0,0,0,1472,1585,1282,1517,1514,1094,1094,1094,1514,1514,1514,1514,944,944,1514,1514,998,998,0,0,4
363229127,363229127,18,255,0,0,0,1478,1561,1337,1517,1514,1094,1094,1094,1514,1514,1514,1514,944,944,1514,1514,998,998,0,0,4
363441154,363441154,18,255,0,0,0,1477,1537,1353,1517,1514,1094,1094,1094,1514,1514,1514,1514,944,944,1514,1514,998,998,0,0,4
363633447,363633447,18,255,0,0,0,1477,1520,1359,1517,1514,1094,1094,1094,1514,1514,1514,1514,944,944,1514,1514,998,998,0,0,4
363847073,363847073,18,255,0,0,0,1481,1517,1365,1517,1514,1094,1094,1094,1514,1514,1514,1514,944,944,1514,1514,998,998,0,0,4
364034793,364034793,18,255,0,0,0,1485,1517,1365,1517,1514,1094,1094,1094,1514,1514,1514,1514,944,944,1514,1514,998,998,0,0,4
364234769,364234769,18,255,0,0,0,1482,1518,1365,1517,1514,1094,1094,1094,1514,1514,1514,1514,944,944,1514,1514,998,998,0,0,4
364432369,364432369,18,255,0,0,0,1453,1525,1367,1517,1514,1094,1094,1094,1514,1514,1514,1514,944,944,1514,1514,998,998,0,0,4
364648265,364648265,18,255,0,0,0,1407,1549,1376,1517,1514,1094,1094,1094,1514,1514,1514,1514,944,944,1514,1514,998,998,0,0,4
364849954,364849954,18,255,0,0,0,1390,1559,1398,1517,1514,1094,1094,1094,1514,1514,1514,1514,944,944,1514,1514,998,998,0,0,4
365037941,365037941,18,255,0,0,0,1399,1565,1428,1517,1514,1094,1094,1094,1514,1514,1514,1514,944,944,1514,1514,998,998,0,0,4
365241938,365241938,18,255,0,0,0,1412,1566,1440,1517,1514,1094,1094,1094,1514,1514,1514,1514,944,944,1514,1514,998,998,0,0,4
365442776,365442776,18,255,0,0,0,1417,1570,1444,1517,1514,1094,1094,1094,1514,1514,1514,1514,944,944,1514,1514,998,998,0,0,4
365646969,365646969,18,255,0,0,0,1424,1571,1456,1517,1514,1094,1094,1094,1514,1514,1514,1514,944,944,1514,1514,998,998,0,0,4
365866742,365866742,18,255,0,0,0,1434,1571,1465,1517,1514,1094,1094,1094,1514,1514,1514,1514,944,944,1514,1514,998,998,0,0,4
366054731,366054731,18,255,0,0,0,1443,1571,1470,1517,1514,1094,1094,1094,1514,1514,1514,1514,944,944,1514,1514,998,998,0,0,4
366256569,366256569,18,255,0,0,0,1456,1571,1486,1517,1514,1094,1094,1094,1514,1514,1514,1514,944,944,1514,1514,998,998,0,0,4
366468367,366468367,18,255,0,0,0,1463,1571,1498,1517,1514,1094,1094,1094,1514,1514,1514,1514,944,944,1514,1514,998,998,0,0,4
366665257,366665257,18,255,0,0,0,1467,1588,1510,1517,1514,1094,1094,1094,1514,1514,1514,1514,944,944,1514,1514,998,998,0,0,4
366861192,366861192,18,255,0,0,0,1466,1606,1513,1517,1514,1094,1094,1094,1514,1514,1514,1514,944,944,1514,1514,998,998,0,0,4
367077162,367077162,18,255,0,0,0,1463,1607,1517,1517,1514,1094,1094,1094,1514,1514,1514,1514,944,944,1514,1514,998,998,0,0,4
367269110,367269110,18,255,0,0,0,1462,1593,1518,1517,1514,1094,1094,1094,1514,1514,1514,1514,944,944,1514,1514,998,998,0,0,4
367474774,367474774,18,255,0,0,0,1460,1593,1521,1517,1514,1094,1094,1094,1514,1514,1514,1514,944,944,1514,1514,998,998,0,0,4
367674765,367674765,18,255,0,0,0,1454,1596,1522,1517,1514,1094,1094,1094,1514,1514,1514,1514,944,944,1514,1514,998,998,0,0,4
367890786,367890786,18,255,0,0,0,1440,1595,1522,1517,1514,1094,1094,1094,1514,1514,1514,1514,944,944,1514,1514,998,998,0,0,4
368084350,368084350,18,255,0,0,0,1423,1595,1522,1517,1514,1094,1094,1094,1514,1514,1514,1514,944,944,1514,1514,998,998,0,0,4
368284372,368284372,18,255,0,0,0,1415,1595,1522,1517,1514,1094,1094,1094,1514,1514,1514,1514,944,944,1514,1514,998,998,0,0,4
368490178,368490178,18,255,0,0,0,1415,1595,1522,1517,1514,1094,1094,1094,1514,1514,1514,1514,944,944,1514,1514,998,998,0,0,4
368689948,368689948,18,255,0,0,0,1418,1598,1526,1517,1514,1094,1094,1094,1514,1514,1514,1514,944,944,1514,1514,998,998,0,0,4
368886172,368886172,18,255,0,0,0,1427,1598,1528,1517,1514,1094,1094,1094,1514,1514,1514,1514,944,944,1514,1514,998,998,0,0,4
369087618,369087618,18,255,0,0,0,1432,1598,1529,1517,1514,1094,1094,1094,1514,1514,1514,1514,944,944,1514,1514,998,998,0,0,4
369287528,369287528,18,255,0,0,0,1453,1598,1530,1517,1514,1094,1094,1094,1514,1514,1514,1514,944,944,1514,1514,998,998,0,0,4
369491555,369491555,18,255,0,0,0,1512,1591,1530,1517,1514,1094,1094,1094,1514,1514,1514,1514,944,944,1514,1514,998,998,0,0,4
369693195,369693195,18,255,0,0,0,1512,1588,1525,1517,1514,1094,1094,1094,1514,1514,1514,1514,944,944,1514,1514,998,998,0,0,4
369909158,369909158,18,255,0,0,0,1513,1590,1525,1517,1514,1094,1094,1094,1514,1514,1514,1514,944,944,1514,1514,998,998,0,0,4
370101955,370101955,18,255,0,0,0,1513,1593,1525,1517,1514,1094,1094,1094,1514,1514,1514,1514,944,944,1514,1514,998,998,0,0,4
370318799,370318799,18,255,0,0,0,1513,1594,1525,1517,1514,1094,1094,1094,1514,1514,1514,1514,944,944,1514,1514,998,998,0,0,4
370518740,370518740,18,255,0,0,0,1513,1640,1525,1517,1514,1094,1094,1094,1514,1514,1514,1514,944,944,1514,1514,998,998,0,0,4
370716384,370716384,18,255,0,0,0,1513,1625,1525,1517,1514,1094,1094,1094,1514,1514,1514,1514,944,944,1514,1514,998,998,0,0,4
370904370,370904370,18,255,0,0,0,1513,1619,1527,1517,1514,1094,1094,1094,1514,1514,1514,1514,944,944,1514,1514,998,998,0,0,4
371128327,371128327,18,255,0,0,0,1513,1598,1528,1517,1514,1094,1094,1094,1514,1514,1514,1514,944,944,1514,1514,998,998,0,0,4
371325949,371325949,18,255,0,0,0,1513,1585,1528,1517,1514,1094,1094,1094,1514,1514,1514,1514,944,944,1514,1514,998,998,0,0,4
371521933,371521933,18,255,0,0,0,1513,1581,1529,1517,1514,1094,1094,1094,1514,1514,1514,1514,944,944,1514,1514,998,998,0,0,4
371726254,371726254,18,255,0,0,0,1513,1577,1529,1517,1514,1094,1094,1094,1514,1514,1514,1514,944,944,1514,1514,998,998,0,0,4
371927571,371927571,18,255,0,0,0,1513,1560,1529,1517,1514,1094,1094,1094,1514,1514,1514,1514,944,944,1514,1514,998,998,0,0,4
372127495,372127495,18,255,0,0,0,1513,1550,1506,1517,1514,1094,1094,1094,1514,1514,1514,1514,944,944,1514,1514,998,998,0,0,4
372321153,372321153,18,255,0,0,0,1513,1541,1484,1517,1514,1094,1094,1094,1514,1514,1514,1514,944,944,1514,1514,998,998,0,0,4
372517468,372517468,18,255,0,0,0,1513,1535,1458,1517,1514,1094,1094,1094,1514,1514,1514,1514,944,944,1514,1514,998,998,0,0,4
372741215,372741215,18,255,0,0,0,1513,1517,1429,1517,1514,1094,1094,1094,1514,1514,1514,1514,944,944,1514,1514,998,998,0,0,4
372942769,372942769,18,255,0,0,0,1513,1517,1412,1517,1514,1094,1094,1094,1514,1514,1514,1514,944,944,1514,1514,998,998,0,0,4
373134765,373134765,18,255,0,0,0,1513,1517,1411,1517,1514,1094,1094,1094,1514,1514,1514,1514,944,944,1514,1514,998,998,0,0,4
373350722,373350722,18,255,0,0,0,1513,1517,1411,1517,1514,1094,1094,1094,1514,1514,1514,1514,944,944,1514,1514,998,998,0,0,4
373531547,373531547,18,255,0,0,0,1513,1517,1411,1517,1514,1094,1094,1094,1514,1514,1514,1514,944,944,1514,1514,998,998,0,0,4
373755542,373755542,18,255,0,0,0,1513,1518,1408,1517,1514,1094,1094,1094,1514,1514,1514,1514,944,944,1514,1514,998,998,0,0,4
373955514,373955514,18,255,0,0,0,1513,1522,1402,1517,1514,1094,1094,1094,1514,1514,1514,1514,944,944,1514,1514,998,998,0,0,4
374157129,374157129,18,255,0,0,0,1513,1522,1398,1517,1514,1094,1094,1094,1514,1514,1514,1514,944,944,1514,1514,998,998,0,0,4
374357151,374357151,18,255,0,0,0,1513,1517,1365,1517,1514,1094,1094,1094,1514,1514,1514,1514,944,944,1514,1514,998,998,0,0,4
374561122,374561122,18,255,0,0,0,1513,1517,1322,1517,1514,1094,1094,1094,1514,1514,1514,1514,944,944,1514,1514,998,998,0,0,4
374762799,374762799,18,255,0,0,0,1513,1517,1221,1517,1514,1094,1094,1094,1514,1514,1514,1514,944,944,1514,1514,998,998,0,0,4
374966742,374966742,18,255,0,0,0,1513,1517,1128,1517,1514,1094,1094,1094,1514,1514,1514,1514,944,944,1514,1514,998,998,0,0,4
375158783,375158783,18,255,0,0,0,1513,1517,1094,1517,1514,1094,1094,1094,1514,1514,1514,1514,944,944,1514,1514,998,998,0,0,4
375372422,375372422,18,255,0,0,0,1512,1517,1094,1517,1514,1094,1094,1094,1514,1514,1514,1514,944,944,1514,1514,998,998,0,0,4
375564360,375564360,18,255,0,0,0,1512,1517,1094,1517,1514,1094,1094,1094,1514,1514,1514,1514,944,944,1514,1514,998,998,0,0,4
375761143,375761143,18,255,0,0,0,1512,1517,1094,1517,1514,1094,1094,1094,1514,1514,1514,1514,944,944,1514,1514,998,998,0,0,4
375977993,375977993,18,255,0,0,0,1512,1517,1094,1517,1514,1094,1094,1094,1514,1514,1514,1514,944,944,1514,1514,998,998,0,0,4
376177921,376177921,18,255,0,0,0,1514,1517,1094,1517,1514,1094,1094,1094,1514,1514,1514,1514,944,944,1514,1514,998,998,0,0,4
376378772,376378772,18,255,0,0,0,1514,1517,1094,1519,1514,1094,1094,1094,1514,1514,1514,1514,944,944,1514,1514,998,998,0,0,4
376574745,376574745,18,255,0,0,0,1514,1517,1094,1518,1514,1094,1094,1094,1514,1514,1514,1514,944,944,1514,1514,998,998,0,0,4
376770742,376770742,18,255,0,0,0,1513,1517,1094,1518,1514,1094,1094,1094,1514,1514,1514,1514,944,944,1514,1514,998,998,0,0,4
376974765,376974765,18,255,0,0,0,1513,1517,1094,1518,1514,1094,1094,1094,1514,1514,1514,1514,944,944,1514,1514,998,998,0,0,4
377191538,377191538,18,255,0,0,0,1525,1518,1094,1518,1514,1094,1094,1094,1514,1514,1514,1514,944,944,1514,1514,998,998,0,0,4
377383545,377383545,18,255,0,0,0,1527,1520,1094,1518,1514,1094,1094,1094,1514,1514,1514,1514,944,944,1514,1514,998,998,0,0,4
377583569,377583569,18,255,0,0,0,1527,1520,1094,1518,1514,1094,1094,1094,1514,1514,1514,1514,944,944,1514,1514,998,998,0,0,4
377781214,377781214,18,255,0,0,0,1527,1525,1094,1518,1094,1094,1094,1094,1514,1514,1514,1514,944,944,1514,1514,998,998,0,0,4
378005202,378005202,18,255,0,0,0,1533,1563,1094,1518,1094,1094,1094,1094,1514,1514,1514,1514,944,944,1514,1514,998,998,0,0,4
378205120,378205120,18,255,0,0,0,1546,1630,1094,1518,1094,1094,1094,1094,1514,1514,1514,1514,944,944,1514,1514,998,998,0,0,4
378402769,378402769,18,255,0,0,0,1602,1729,1094,1517,1094,1094,1094,1094,1514,1514,1514,1514,944,944,1514,1514,998,998,0,0,4
378610771,378610771,18,255,0,0,0,1661,1835,1094,1475,1094,1094,1094,1094,1514,1514,1514,1514,944,944,1514,1514,998,998,0,0,4
378814969,378814969,18,255,0,0,0,1707,1891,1094,1448,1094,1094,1094,1094,1514,1514,1514,1514,944,944,1514,1514,998,998,0,0,4
379015519,379015519,18,255,0,0,0,1733,1899,1094,1437,1094,1094,1094,1094,1514,1514,1514,1514,944,944,1514,1514,998,998,0,0,4
379207522,379207522,18,255,0,0,0,1698,1803,1094,1468,1094,1094,1094,1094,1514,1514,1514,1514,944,944,1514,1514,998,998,0,0,4
379407521,379407521,18,255,0,0,0,1703,1815,1094,1469,1094,1094,1094,1094,1514,1514,1514,1514,944,944,1514,1514,998,998,0,0,4
379617125,379617125,18,255,0,0,0,1795,1934,1094,1385,1094,1094,1094,1094,1514,1514,1514,1514,944,944,1514,1514,998,998,0,0,4
379821175,379821175,18,255,0,0,0,1859,1934,1094,1320,1094,1094,1094,1094,1514,1514,1514,1514,944,944,1514,1514,998,998,0,0,4
380017179,380017179,18,255,0,0,0,1923,1934,1094,1302,1094,1094,1094,1094,1514,1514,1514,1514,944,944,1514,1514,998,998,0,0,4
380210742,380210742,18,255,0,0,0,1872,1934,1094,1322,1094,1094,1094,1094,1514,1514,1514,1514,944,944,1514,1514,998,998,0,0,4
380430773,380430773,18,255,0,0,0,1660,1934,1094,1432,1094,1094,1094,1094,1514,1514,1514,1514,944,944,1514,1514,998,998,0,0,4
380634729,380634729,18,255,0,0,0,1610,1934,1094,1455,1094,1094,1094,1094,1514,1514,1514,1514,944,944,1514,1514,998,998,0,0,4
380831851,380831851,18,255,0,0,0,1605,1934,1094,1459,1094,1094,1094,1094,1514,1514,1514,1514,944,944,1514,1514,998,998,0,0,4
381027571,381027571,18,255,0,0,0,1637,1934,1094,1392,1094,1094,1094,1094,1514,1514,1514,1514,944,944,1514,1514,998,998,0,0,4
381235563,381235563,18,255,0,0,0,1918,1934,1094,1097,1094,1094,1094,1094,1514,1514,1514,1514,944,944,1514,1514,998,998,0,0,4
381425134,381425134,18,255,0,0,0,1934,1934,1094,1094,1094,1094,1094,1094,1514,1514,1514,1514,944,944,1514,1514,998,998,0,0,4
381645211,381645211,18,255,0,0,0,1934,1934,1094,1094,1094,1094,1094,1094,1514,1514,1514,1514,944,944,1514,1514,998,998,0,0,4
381845059,381845059,18,255,0,0,0,1934,1934,1094,1094,1094,1094,1094,1094,1514,1514,1514,1514,944,944,1514,1514,998,998,0,0,4
382034780,382034780,18,255,0,0,0,1934,1934,1094,1094,1094,1094,1094,1094,1514,1514,1514,1514,944,944,1514,1514,998,998,0,0,4
382250858,382250858,18,255,0,0,0,1934,1934,1094,1094,1094,1094,1094,1094,1514,1514,1514,1514,944,944,1514,1514,998,998,0,0,4
382450969,382450969,18,255,0,0,0,1934,1934,1094,1094,1094,1094,1094,1094,1514,1514,1514,1514,944,944,1514,1514,998,998,0,0,4
382636350,382636350,18,255,0,0,0,1934,1934,1094,1094,1094,1094,1094,1094,1514,1514,1514,1514,944,944,1514,1514,998,998,0,0,4
382856356,382856356,18,255,0,0,0,1934,1934,1094,1094,1094,1094,1094,1094,1514,1514,1514,1514,944,944,1514,1514,998,998,0,0,4
383053943,383053943,18,255,0,0,0,1934,1934,1094,1094,1094,1094,1094,1094,1514,1514,1514,1514,944,944,1514,1514,998,998,0,0,4
383257943,383257943,18,255,0,0,0,1934,1934,1094,1094,1094,1094,1094,1094,1514,1514,1514,1514,944,944,1514,1514,998,998,0,0,4
