timestamp,stack_free,task_name[0],task_name[1],task_name[2],task_name[3],task_name[4],task_name[5],task_name[6],task_name[7],task_name[8],task_name[9],task_name[10],task_name[11],task_name[12],task_name[13],task_name[14],task_name[15]
25563227,620,103,112,115,0,0,0,0,0,0,0,0,0,0,0,0,0
25563242,492,100,97,116,97,109,97,110,0,0,0,0,0,0,0,0,0
26563159,668,115,101,110,115,111,114,115,0,0,0,0,0,0,0,0,0
26563182,924,99,111,109,109,97,110,100,101,114,0,0,0,0,0,0,0
27565442,496,112,120,52,105,111,0,0,0,0,0,0,0,0,0,0,0
27565463,804,109,97,118,108,105,110,107,95,105,102,48,0,0,0,0,0
28567331,816,109,97,118,108,105,110,107,95,114,99,118,95,105,102,48,0
28567351,740,109,97,118,108,105,110,107,95,105,102,49,0,0,0,0,0
29568204,564,109,97,118,108,105,110,107,95,114,99,118,95,105,102,49,0
29568220,524,108,111,103,95,119,114,105,116,101,114,95,102,105,108,101,0
30569242,2412,99,111,109,109,97,110,100,101,114,95,108,111,119,95,112,114
30569257,428,108,111,103,103,101,114,0,0,0,0,0,0,0,0,0,0
31570202,708,101,107,102,50,0,0,0,0,0,0,0,0,0,0,0,0
31570221,636,102,119,95,97,116,116,95,99,111,110,116,114,111,108,0,0
32572146,860,102,119,95,112,111,115,95,99,116,114,108,95,108,49,0,0
32572169,860,110,97,118,105,103,97,116,111,114,0,0,0,0,0,0,0
33573232,924,104,112,119,111,114,107,0,0,0,0,0,0,0,0,0,0
33573258,1148,108,112,119,111,114,107,0,0,0,0,0,0,0,0,0,0
34574400,796,105,110,105,116,0,0,0,0,0,0,0,0,0,0,0,0
34574447,620,103,112,115,0,0,0,0,0,0,0,0,0,0,0,0,0
35575409,492,100,97,116,97,109,97,110,0,0,0,0,0,0,0,0,0
35575427,668,115,101,110,115,111,114,115,0,0,0,0,0,0,0,0,0
36576163,924,99,111,109,109,97,110,100,101,114,0,0,0,0,0,0,0
36576179,496,112,120,52,105,111,0,0,0,0,0,0,0,0,0,0,0
37579445,804,109,97,118,108,105,110,107,95,105,102,48,0,0,0,0,0
37579466,816,109,97,118,108,105,110,107,95,114,99,118,95,105,102,48,0
38580319,740,109,97,118,108,105,110,107,95,105,102,49,0,0,0,0,0
38580366,564,109,97,118,108,105,110,107,95,114,99,118,95,105,102,49,0
39581479,524,108,111,103,95,119,114,105,116,101,114,95,102,105,108,101,0
39581528,2412,99,111,109,109,97,110,100,101,114,95,108,111,119,95,112,114
40583192,428,108,111,103,103,101,114,0,0,0,0,0,0,0,0,0,0
40583214,708,101,107,102,50,0,0,0,0,0,0,0,0,0,0,0,0
41584188,636,102,119,95,97,116,116,95,99,111,110,116,114,111,108,0,0
41584253,844,102,119,95,112,111,115,95,99,116,114,108,95,108,49,0,0
42586835,860,110,97,118,105,103,97,116,111,114,0,0,0,0,0,0,0
42586950,924,104,112,119,111,114,107,0,0,0,0,0,0,0,0,0,0
43587264,1148,108,112,119,111,114,107,0,0,0,0,0,0,0,0,0,0
43587285,796,105,110,105,116,0,0,0,0,0,0,0,0,0,0,0,0
44588167,620,103,112,115,0,0,0,0,0,0,0,0,0,0,0,0,0
44588183,492,100,97,116,97,109,97,110,0,0,0,0,0,0,0,0,0
45589253,668,115,101,110,115,111,114,115,0,0,0,0,0,0,0,0,0
45589276,924,99,111,109,109,97,110,100,101,114,0,0,0,0,0,0,0
46591156,496,112,120,52,105,111,0,0,0,0,0,0,0,0,0,0,0
46591177,804,109,97,118,108,105,110,107,95,105,102,48,0,0,0,0,0
47593733,816,109,97,118,108,105,110,107,95,114,99,118,95,105,102,48,0
47593753,740,109,97,118,108,105,110,107,95,105,102,49,0,0,0,0,0
48595544,564,109,97,118,108,105,110,107,95,114,99,118,95,105,102,49,0
48595561,524,108,111,103,95,119,114,105,116,101,114,95,102,105,108,101,0
49596264,2412,99,111,109,109,97,110,100,101,114,95,108,111,119,95,112,114
49596279,428,108,111,103,103,101,114,0,0,0,0,0,0,0,0,0,0
50597162,708,101,107,102,50,0,0,0,0,0,0,0,0,0,0,0,0
50597181,592,102,119,95,97,116,116,95,99,111,110,116,114,111,108,0,0
51598242,844,102,119,95,112,111,115,95,99,116,114,108,95,108,49,0,0
51598270,860,110,97,118,105,103,97,116,111,114,0,0,0,0,0,0,0
52600907,924,104,112,119,111,114,107,0,0,0,0,0,0,0,0,0,0
52600937,1148,108,112,119,111,114,107,0,0,0,0,0,0,0,0,0,0
53602184,796,105,110,105,116,0,0,0,0,0,0,0,0,0,0,0,0
53602208,620,103,112,115,0,0,0,0,0,0,0,0,0,0,0,0,0
54604162,492,100,97,116,97,109,97,110,0,0,0,0,0,0,0,0,0
54604325,668,115,101,110,115,111,114,115,0,0,0,0,0,0,0,0,0
55605166,924,99,111,109,109,97,110,100,101,114,0,0,0,0,0,0,0
55605182,496,112,120,52,105,111,0,0,0,0,0,0,0,0,0,0,0
56608062,804,109,97,118,108,105,110,107,95,105,102,48,0,0,0,0,0
56608083,816,109,97,118,108,105,110,107,95,114,99,118,95,105,102,48,0
57609471,676,109,97,118,108,105,110,107,95,105,102,49,0,0,0,0,0
57609488,564,109,97,118,108,105,110,107,95,114,99,118,95,105,102,49,0
59611293,428,108,111,103,103,101,114,0,0,0,0,0,0,0,0,0,0
59611315,708,101,107,102,50,0,0,0,0,0,0,0,0,0,0,0,0
60612166,592,102,119,95,97,116,116,95,99,111,110,116,114,111,108,0,0
60612189,844,102,119,95,112,111,115,95,99,116,114,108,95,108,49,0,0
61613521,860,110,97,118,105,103,97,116,111,114,0,0,0,0,0,0,0
61613569,924,104,112,119,111,114,107,0,0,0,0,0,0,0,0,0,0
62615261,1148,108,112,119,111,114,107,0,0,0,0,0,0,0,0,0,0
62615329,796,105,110,105,116,0,0,0,0,0,0,0,0,0,0,0,0
63617594,612,103,112,115,0,0,0,0,0,0,0,0,0,0,0,0,0
63617615,492,100,97,116,97,109,97,110,0,0,0,0,0,0,0,0,0
64617719,668,115,101,110,115,111,114,115,0,0,0,0,0,0,0,0,0
64617746,924,99,111,109,109,97,110,100,101,114,0,0,0,0,0,0,0
65620619,496,112,120,52,105,111,0,0,0,0,0,0,0,0,0,0,0
65620640,804,109,97,118,108,105,110,107,95,105,102,48,0,0,0,0,0
66622003,816,109,97,118,108,105,110,107,95,114,99,118,95,105,102,48,0
66622022,676,109,97,118,108,105,110,107,95,105,102,49,0,0,0,0,0
67623374,564,109,97,118,108,105,110,107,95,114,99,118,95,105,102,49,0
67623390,524,108,111,103,95,119,114,105,116,101,114,95,102,105,108,101,0
68624191,2412,99,111,109,109,97,110,100,101,114,95,108,111,119,95,112,114
68624206,428,108,111,103,103,101,114,0,0,0,0,0,0,0,0,0,0
69625166,708,101,107,102,50,0,0,0,0,0,0,0,0,0,0,0,0
69625184,592,102,119,95,97,116,116,95,99,111,110,116,114,111,108,0,0
70626763,844,102,119,95,112,111,115,95,99,116,114,108,95,108,49,0,0
70626790,860,110,97,118,105,103,97,116,111,114,0,0,0,0,0,0,0
71627816,924,104,112,119,111,114,107,0,0,0,0,0,0,0,0,0,0
71627842,1148,108,112,119,111,114,107,0,0,0,0,0,0,0,0,0,0
72628164,796,105,110,105,116,0,0,0,0,0,0,0,0,0,0,0,0
72628184,612,103,112,115,0,0,0,0,0,0,0,0,0,0,0,0,0
73629247,492,100,97,116,97,109,97,110,0,0,0,0,0,0,0,0,0
73629265,668,115,101,110,115,111,114,115,0,0,0,0,0,0,0,0,0
74630208,924,99,111,109,109,97,110,100,101,114,0,0,0,0,0,0,0
74630223,496,112,120,52,105,111,0,0,0,0,0,0,0,0,0,0,0
75634440,724,109,97,118,108,105,110,107,95,105,102,48,0,0,0,0,0
75634461,816,109,97,118,108,105,110,107,95,114,99,118,95,105,102,48,0
76635160,676,109,97,118,108,105,110,107,95,105,102,49,0,0,0,0,0
76635177,564,109,97,118,108,105,110,107,95,114,99,118,95,105,102,49,0
77636160,524,108,111,103,95,119,114,105,116,101,114,95,102,105,108,101,0
77636210,2412,99,111,109,109,97,110,100,101,114,95,108,111,119,95,112,114
78637155,428,108,111,103,103,101,114,0,0,0,0,0,0,0,0,0,0
78637177,708,101,107,102,50,0,0,0,0,0,0,0,0,0,0,0,0
79641739,592,102,119,95,97,116,116,95,99,111,110,116,114,111,108,0,0
79641762,844,102,119,95,112,111,115,95,99,116,114,108,95,108,49,0,0
80643673,860,110,97,118,105,103,97,116,111,114,0,0,0,0,0,0,0
80643788,924,104,112,119,111,114,107,0,0,0,0,0,0,0,0,0,0
81644394,1148,108,112,119,111,114,107,0,0,0,0,0,0,0,0,0,0
81644415,796,105,110,105,116,0,0,0,0,0,0,0,0,0,0,0,0
82647190,612,103,112,115,0,0,0,0,0,0,0,0,0,0,0,0,0
82647206,492,100,97,116,97,109,97,110,0,0,0,0,0,0,0,0,0
83648162,668,115,101,110,115,111,114,115,0,0,0,0,0,0,0,0,0
83648185,924,99,111,109,109,97,110,100,101,114,0,0,0,0,0,0,0
84648159,496,112,120,52,105,111,0,0,0,0,0,0,0,0,0,0,0
84648179,724,109,97,118,108,105,110,107,95,105,102,48,0,0,0,0,0
85649162,816,109,97,118,108,105,110,107,95,114,99,118,95,105,102,48,0
85649181,676,109,97,118,108,105,110,107,95,105,102,49,0,0,0,0,0
86652229,564,109,97,118,108,105,110,107,95,114,99,118,95,105,102,49,0
86652245,508,108,111,103,95,119,114,105,116,101,114,95,102,105,108,101,0
87654199,2412,99,111,109,109,97,110,100,101,114,95,108,111,119,95,112,114
87654214,428,108,111,103,103,101,114,0,0,0,0,0,0,0,0,0,0
88656300,708,101,107,102,50,0,0,0,0,0,0,0,0,0,0,0,0
88656318,592,102,119,95,97,116,116,95,99,111,110,116,114,111,108,0,0
89657263,844,102,119,95,112,111,115,95,99,116,114,108,95,108,49,0,0
89657326,860,110,97,118,105,103,97,116,111,114,0,0,0,0,0,0,0
90662240,924,104,112,119,111,114,107,0,0,0,0,0,0,0,0,0,0
90662295,1148,108,112,119,111,114,107,0,0,0,0,0,0,0,0,0,0
91664454,796,105,110,105,116,0,0,0,0,0,0,0,0,0,0,0,0
91664475,612,103,112,115,0,0,0,0,0,0,0,0,0,0,0,0,0
92666680,492,100,97,116,97,109,97,110,0,0,0,0,0,0,0,0,0
92666699,668,115,101,110,115,111,114,115,0,0,0,0,0,0,0,0,0
93667242,924,99,111,109,109,97,110,100,101,114,0,0,0,0,0,0,0
93667258,496,112,120,52,105,111,0,0,0,0,0,0,0,0,0,0,0
94668367,724,109,97,118,108,105,110,107,95,105,102,48,0,0,0,0,0
94668388,816,109,97,118,108,105,110,107,95,114,99,118,95,105,102,48,0
95670514,676,109,97,118,108,105,110,107,95,105,102,49,0,0,0,0,0
95670531,564,109,97,118,108,105,110,107,95,114,99,118,95,105,102,49,0
96671157,508,108,111,103,95,119,114,105,116,101,114,95,102,105,108,101,0
96671207,2412,99,111,109,109,97,110,100,101,114,95,108,111,119,95,112,114
97672385,428,108,111,103,103,101,114,0,0,0,0,0,0,0,0,0,0
97672406,708,101,107,102,50,0,0,0,0,0,0,0,0,0,0,0,0
98674042,592,102,119,95,97,116,116,95,99,111,110,116,114,111,108,0,0
98674069,844,102,119,95,112,111,115,95,99,116,114,108,95,108,49,0,0
99676359,860,110,97,118,105,103,97,116,111,114,0,0,0,0,0,0,0
99676451,924,104,112,119,111,114,107,0,0,0,0,0,0,0,0,0,0
100677262,1148,108,112,119,111,114,107,0,0,0,0,0,0,0,0,0,0
100681276,796,105,110,105,116,0,0,0,0,0,0,0,0,0,0,0,0
101683211,612,103,112,115,0,0,0,0,0,0,0,0,0,0,0,0,0
101683227,492,100,97,116,97,109,97,110,0,0,0,0,0,0,0,0,0
102684250,668,115,101,110,115,111,114,115,0,0,0,0,0,0,0,0,0
102684276,924,99,111,109,109,97,110,100,101,114,0,0,0,0,0,0,0
103691020,496,112,120,52,105,111,0,0,0,0,0,0,0,0,0,0,0
103691163,724,109,97,118,108,105,110,107,95,105,102,48,0,0,0,0,0
104692799,816,109,97,118,108,105,110,107,95,114,99,118,95,105,102,48,0
104692914,676,109,97,118,108,105,110,107,95,105,102,49,0,0,0,0,0
105693207,564,109,97,118,108,105,110,107,95,114,99,118,95,105,102,49,0
105693223,508,108,111,103,95,119,114,105,116,101,114,95,102,105,108,101,0
106694660,2412,99,111,109,109,97,110,100,101,114,95,108,111,119,95,112,114
106694675,428,108,111,103,103,101,114,0,0,0,0,0,0,0,0,0,0
107696667,708,101,107,102,50,0,0,0,0,0,0,0,0,0,0,0,0
107696685,592,102,119,95,97,116,116,95,99,111,110,116,114,111,108,0,0
108698730,844,102,119,95,112,111,115,95,99,116,114,108,95,108,49,0,0
108698753,860,110,97,118,105,103,97,116,111,114,0,0,0,0,0,0,0
109699453,924,104,112,119,111,114,107,0,0,0,0,0,0,0,0,0,0
109699517,1148,108,112,119,111,114,107,0,0,0,0,0,0,0,0,0,0
110699591,796,105,110,105,116,0,0,0,0,0,0,0,0,0,0,0,0
110699829,612,103,112,115,0,0,0,0,0,0,0,0,0,0,0,0,0
111700237,492,100,97,116,97,109,97,110,0,0,0,0,0,0,0,0,0
111700256,668,115,101,110,115,111,114,115,0,0,0,0,0,0,0,0,0
112701167,924,99,111,109,109,97,110,100,101,114,0,0,0,0,0,0,0
112701183,496,112,120,52,105,111,0,0,0,0,0,0,0,0,0,0,0
113702376,724,109,97,118,108,105,110,107,95,105,102,48,0,0,0,0,0
113702397,816,109,97,118,108,105,110,107,95,114,99,118,95,105,102,48,0
114703206,676,109,97,118,108,105,110,107,95,105,102,49,0,0,0,0,0
114703223,564,109,97,118,108,105,110,107,95,114,99,118,95,105,102,49,0
115704246,508,108,111,103,95,119,114,105,116,101,114,95,102,105,108,101,0
115704296,2412,99,111,109,109,97,110,100,101,114,95,108,111,119,95,112,114
116705161,428,108,111,103,103,101,114,0,0,0,0,0,0,0,0,0,0
116705183,708,101,107,102,50,0,0,0,0,0,0,0,0,0,0,0,0
117707608,592,102,119,95,97,116,116,95,99,111,110,116,114,111,108,0,0
117707631,844,102,119,95,112,111,115,95,99,116,114,108,95,108,49,0,0
118708437,860,110,97,118,105,103,97,116,111,114,0,0,0,0,0,0,0
118708529,924,104,112,119,111,114,107,0,0,0,0,0,0,0,0,0,0
119713406,1148,108,112,119,111,114,107,0,0,0,0,0,0,0,0,0,0
119713426,796,105,110,105,116,0,0,0,0,0,0,0,0,0,0,0,0
120715594,604,103,112,115,0,0,0,0,0,0,0,0,0,0,0,0,0
120715610,492,100,97,116,97,109,97,110,0,0,0,0,0,0,0,0,0
121717754,668,115,101,110,115,111,114,115,0,0,0,0,0,0,0,0,0
121717777,924,99,111,109,109,97,110,100,101,114,0,0,0,0,0,0,0
122718199,496,112,120,52,105,111,0,0,0,0,0,0,0,0,0,0,0
122718219,724,109,97,118,108,105,110,107,95,105,102,48,0,0,0,0,0
123719838,816,109,97,118,108,105,110,107,95,114,99,118,95,105,102,48,0
123719857,676,109,97,118,108,105,110,107,95,105,102,49,0,0,0,0,0
124720955,564,109,97,118,108,105,110,107,95,114,99,118,95,105,102,49,0
124720971,508,108,111,103,95,119,114,105,116,101,114,95,102,105,108,101,0
125720194,2412,99,111,109,109,97,110,100,101,114,95,108,111,119,95,112,114
125720209,428,108,111,103,103,101,114,0,0,0,0,0,0,0,0,0,0
126722600,708,101,107,102,50,0,0,0,0,0,0,0,0,0,0,0,0
126722618,592,102,119,95,97,116,116,95,99,111,110,116,114,111,108,0,0
127722447,844,102,119,95,112,111,115,95,99,116,114,108,95,108,49,0,0
127722470,860,110,97,118,105,103,97,116,111,114,0,0,0,0,0,0,0
128723806,924,104,112,119,111,114,107,0,0,0,0,0,0,0,0,0,0
128723832,1148,108,112,119,111,114,107,0,0,0,0,0,0,0,0,0,0
129723458,796,105,110,105,116,0,0,0,0,0,0,0,0,0,0,0,0
129723478,604,103,112,115,0,0,0,0,0,0,0,0,0,0,0,0,0
130724159,492,100,97,116,97,109,97,110,0,0,0,0,0,0,0,0,0
130724178,668,115,101,110,115,111,114,115,0,0,0,0,0,0,0,0,0
131726296,924,99,111,109,109,97,110,100,101,114,0,0,0,0,0,0,0
131726312,496,112,120,52,105,111,0,0,0,0,0,0,0,0,0,0,0
132730486,724,109,97,118,108,105,110,107,95,105,102,48,0,0,0,0,0
132730534,816,109,97,118,108,105,110,107,95,114,99,118,95,105,102,48,0
133731250,676,109,97,118,108,105,110,107,95,105,102,49,0,0,0,0,0
133731267,564,109,97,118,108,105,110,107,95,114,99,118,95,105,102,49,0
134735292,508,108,111,103,95,119,114,105,116,101,114,95,102,105,108,101,0
134735342,2412,99,111,109,109,97,110,100,101,114,95,108,111,119,95,112,114
135736236,428,108,111,103,103,101,114,0,0,0,0,0,0,0,0,0,0
135736262,708,101,107,102,50,0,0,0,0,0,0,0,0,0,0,0,0
136739281,592,102,119,95,97,116,116,95,99,111,110,116,114,111,108,0,0
136739304,844,102,119,95,112,111,115,95,99,116,114,108,95,108,49,0,0
137740232,860,110,97,118,105,103,97,116,111,114,0,0,0,0,0,0,0
137740280,924,104,112,119,111,114,107,0,0,0,0,0,0,0,0,0,0
138742671,1148,108,112,119,111,114,107,0,0,0,0,0,0,0,0,0,0
138742695,796,105,110,105,116,0,0,0,0,0,0,0,0,0,0,0,0
139744362,604,103,112,115,0,0,0,0,0,0,0,0,0,0,0,0,0
139744378,492,100,97,116,97,109,97,110,0,0,0,0,0,0,0,0,0
140746634,668,115,101,110,115,111,114,115,0,0,0,0,0,0,0,0,0
140746657,924,99,111,109,109,97,110,100,101,114,0,0,0,0,0,0,0
141747247,496,112,120,52,105,111,0,0,0,0,0,0,0,0,0,0,0
141747266,724,109,97,118,108,105,110,107,95,105,102,48,0,0,0,0,0
142748325,816,109,97,118,108,105,110,107,95,114,99,118,95,105,102,48,0
142748344,676,109,97,118,108,105,110,107,95,105,102,49,0,0,0,0,0
143749178,564,109,97,118,108,105,110,107,95,114,99,118,95,105,102,49,0
143749194,508,108,111,103,95,119,114,105,116,101,114,95,102,105,108,101,0
144752669,2412,99,111,109,109,97,110,100,101,114,95,108,111,119,95,112,114
144752684,428,108,111,103,103,101,114,0,0,0,0,0,0,0,0,0,0
145753818,708,101,107,102,50,0,0,0,0,0,0,0,0,0,0,0,0
145753928,592,102,119,95,97,116,116,95,99,111,110,116,114,111,108,0,0
146754372,844,102,119,95,112,111,115,95,99,116,114,108,95,108,49,0,0
146754396,860,110,97,118,105,103,97,116,111,114,0,0,0,0,0,0,0
147758788,924,104,112,119,111,114,107,0,0,0,0,0,0,0,0,0,0
147758815,1148,108,112,119,111,114,107,0,0,0,0,0,0,0,0,0,0
148759402,796,105,110,105,116,0,0,0,0,0,0,0,0,0,0,0,0
148759422,604,103,112,115,0,0,0,0,0,0,0,0,0,0,0,0,0
149762615,492,100,97,116,97,109,97,110,0,0,0,0,0,0,0,0,0
149762691,668,115,101,110,115,111,114,115,0,0,0,0,0,0,0,0,0
150763197,924,99,111,109,109,97,110,100,101,114,0,0,0,0,0,0,0
150763260,496,112,120,52,105,111,0,0,0,0,0,0,0,0,0,0,0
151767244,724,109,97,118,108,105,110,107,95,105,102,48,0,0,0,0,0
151767267,816,109,97,118,108,105,110,107,95,114,99,118,95,105,102,48,0
152768199,676,109,97,118,108,105,110,107,95,105,102,49,0,0,0,0,0
152768220,564,109,97,118,108,105,110,107,95,114,99,118,95,105,102,49,0
153769231,508,108,111,103,95,119,114,105,116,101,114,95,102,105,108,101,0
153769322,2412,99,111,109,109,97,110,100,101,114,95,108,111,119,95,112,114
154770265,428,108,111,103,103,101,114,0,0,0,0,0,0,0,0,0,0
154770287,708,101,107,102,50,0,0,0,0,0,0,0,0,0,0,0,0
155772784,592,102,119,95,97,116,116,95,99,111,110,116,114,111,108,0,0
155772807,844,102,119,95,112,111,115,95,99,116,114,108,95,108,49,0,0
156774518,860,110,97,118,105,103,97,116,111,114,0,0,0,0,0,0,0
156774568,924,104,112,119,111,114,107,0,0,0,0,0,0,0,0,0,0
157774679,1148,108,112,119,111,114,107,0,0,0,0,0,0,0,0,0,0
157774699,796,105,110,105,116,0,0,0,0,0,0,0,0,0,0,0,0
158775164,604,103,112,115,0,0,0,0,0,0,0,0,0,0,0,0,0
158775180,492,100,97,116,97,109,97,110,0,0,0,0,0,0,0,0,0
159776825,668,115,101,110,115,111,114,115,0,0,0,0,0,0,0,0,0
159776848,924,99,111,109,109,97,110,100,101,114,0,0,0,0,0,0,0
160777267,496,112,120,52,105,111,0,0,0,0,0,0,0,0,0,0,0
160777326,724,109,97,118,108,105,110,107,95,105,102,48,0,0,0,0,0
161778277,816,109,97,118,108,105,110,107,95,114,99,118,95,105,102,48,0
161778296,676,109,97,118,108,105,110,107,95,105,102,49,0,0,0,0,0
162784069,564,109,97,118,108,105,110,107,95,114,99,118,95,105,102,49,0
162784086,508,108,111,103,95,119,114,105,116,101,114,95,102,105,108,101,0
163786014,2412,99,111,109,109,97,110,100,101,114,95,108,111,119,95,112,114
163786037,428,108,111,103,103,101,114,0,0,0,0,0,0,0,0,0,0
164788463,708,101,107,102,50,0,0,0,0,0,0,0,0,0,0,0,0
164788548,592,102,119,95,97,116,116,95,99,111,110,116,114,111,108,0,0
165790988,844,102,119,95,112,111,115,95,99,116,114,108,95,108,49,0,0
165791619,860,110,97,118,105,103,97,116,111,114,0,0,0,0,0,0,0
166792782,924,104,112,119,111,114,107,0,0,0,0,0,0,0,0,0,0
166792869,1148,108,112,119,111,114,107,0,0,0,0,0,0,0,0,0,0
167793268,796,105,110,105,116,0,0,0,0,0,0,0,0,0,0,0,0
167794732,604,103,112,115,0,0,0,0,0,0,0,0,0,0,0,0,0
168795228,492,100,97,116,97,109,97,110,0,0,0,0,0,0,0,0,0
168795247,668,115,101,110,115,111,114,115,0,0,0,0,0,0,0,0,0
169796040,924,99,111,109,109,97,110,100,101,114,0,0,0,0,0,0,0
169796055,496,112,120,52,105,111,0,0,0,0,0,0,0,0,0,0,0
170797786,724,109,97,118,108,105,110,107,95,105,102,48,0,0,0,0,0
170797807,816,109,97,118,108,105,110,107,95,114,99,118,95,105,102,48,0
171799365,676,109,97,118,108,105,110,107,95,105,102,49,0,0,0,0,0
171799382,564,109,97,118,108,105,110,107,95,114,99,118,95,105,102,49,0
172800190,508,108,111,103,95,119,114,105,116,101,114,95,102,105,108,101,0
172800240,2412,99,111,109,109,97,110,100,101,114,95,108,111,119,95,112,114
173800329,428,108,111,103,103,101,114,0,0,0,0,0,0,0,0,0,0
173800354,708,101,107,102,50,0,0,0,0,0,0,0,0,0,0,0,0
174803327,592,102,119,95,97,116,116,95,99,111,110,116,114,111,108,0,0
174803350,844,102,119,95,112,111,115,95,99,116,114,108,95,108,49,0,0
175804380,860,110,97,118,105,103,97,116,111,114,0,0,0,0,0,0,0
175804428,924,104,112,119,111,114,107,0,0,0,0,0,0,0,0,0,0
176805167,1148,108,112,119,111,114,107,0,0,0,0,0,0,0,0,0,0
176805188,796,105,110,105,116,0,0,0,0,0,0,0,0,0,0,0,0
177808449,604,103,112,115,0,0,0,0,0,0,0,0,0,0,0,0,0
177808465,492,100,97,116,97,109,97,110,0,0,0,0,0,0,0,0,0
178809166,668,115,101,110,115,111,114,115,0,0,0,0,0,0,0,0,0
178809189,924,99,111,109,109,97,110,100,101,114,0,0,0,0,0,0,0
179812632,496,112,120,52,105,111,0,0,0,0,0,0,0,0,0,0,0
179812652,724,109,97,118,108,105,110,107,95,105,102,48,0,0,0,0,0
180814597,816,109,97,118,108,105,110,107,95,114,99,118,95,105,102,48,0
180814616,676,109,97,118,108,105,110,107,95,105,102,49,0,0,0,0,0
181817457,564,109,97,118,108,105,110,107,95,114,99,118,95,105,102,49,0
181817473,508,108,111,103,95,119,114,105,116,101,114,95,102,105,108,101,0
182819900,2412,99,111,109,109,97,110,100,101,114,95,108,111,119,95,112,114
182819915,428,108,111,103,103,101,114,0,0,0,0,0,0,0,0,0,0
183821049,708,101,107,102,50,0,0,0,0,0,0,0,0,0,0,0,0
183821068,592,102,119,95,97,116,116,95,99,111,110,116,114,111,108,0,0
184823989,844,102,119,95,112,111,115,95,99,116,114,108,95,108,49,0,0
184824741,860,110,97,118,105,103,97,116,111,114,0,0,0,0,0,0,0
185825848,924,104,112,119,111,114,107,0,0,0,0,0,0,0,0,0,0
185825921,1148,108,112,119,111,114,107,0,0,0,0,0,0,0,0,0,0
186831353,796,105,110,105,116,0,0,0,0,0,0,0,0,0,0,0,0
186831373,604,103,112,115,0,0,0,0,0,0,0,0,0,0,0,0,0
187832156,492,100,97,116,97,109,97,110,0,0,0,0,0,0,0,0,0
187832175,668,115,101,110,115,111,114,115,0,0,0,0,0,0,0,0,0
188834846,924,99,111,109,109,97,110,100,101,114,0,0,0,0,0,0,0
188834862,496,112,120,52,105,111,0,0,0,0,0,0,0,0,0,0,0
189835349,724,109,97,118,108,105,110,107,95,105,102,48,0,0,0,0,0
189835371,816,109,97,118,108,105,110,107,95,114,99,118,95,105,102,48,0
190837118,676,109,97,118,108,105,110,107,95,105,102,49,0,0,0,0,0
190837136,564,109,97,118,108,105,110,107,95,114,99,118,95,105,102,49,0
191838253,508,108,111,103,95,119,114,105,116,101,114,95,102,105,108,101,0
191838303,2412,99,111,109,109,97,110,100,101,114,95,108,111,119,95,112,114
192840591,428,108,111,103,103,101,114,0,0,0,0,0,0,0,0,0,0
192840613,708,101,107,102,50,0,0,0,0,0,0,0,0,0,0,0,0
193841207,592,102,119,95,97,116,116,95,99,111,110,116,114,111,108,0,0
193841233,844,102,119,95,112,111,115,95,99,116,114,108,95,108,49,0,0
194842355,860,110,97,118,105,103,97,116,111,114,0,0,0,0,0,0,0
194842403,924,104,112,119,111,114,107,0,0,0,0,0,0,0,0,0,0
195844250,1148,108,112,119,111,114,107,0,0,0,0,0,0,0,0,0,0
195844270,796,105,110,105,116,0,0,0,0,0,0,0,0,0,0,0,0
196845165,604,103,112,115,0,0,0,0,0,0,0,0,0,0,0,0,0
196845181,492,100,97,116,97,109,97,110,0,0,0,0,0,0,0,0,0
197846505,668,115,101,110,115,111,114,115,0,0,0,0,0,0,0,0,0
197846576,924,99,111,109,109,97,110,100,101,114,0,0,0,0,0,0,0
198847160,496,112,120,52,105,111,0,0,0,0,0,0,0,0,0,0,0
198847179,724,109,97,118,108,105,110,107,95,105,102,48,0,0,0,0,0
199848334,816,109,97,118,108,105,110,107,95,114,99,118,95,105,102,48,0
199848353,676,109,97,118,108,105,110,107,95,105,102,49,0,0,0,0,0
200849226,564,109,97,118,108,105,110,107,95,114,99,118,95,105,102,49,0
200849242,508,108,111,103,95,119,114,105,116,101,114,95,102,105,108,101,0
201850335,2412,99,111,109,109,97,110,100,101,114,95,108,111,119,95,112,114
201850349,428,108,111,103,103,101,114,0,0,0,0,0,0,0,0,0,0
202851296,708,101,107,102,50,0,0,0,0,0,0,0,0,0,0,0,0
202851315,592,102,119,95,97,116,116,95,99,111,110,116,114,111,108,0,0
203852171,844,102,119,95,112,111,115,95,99,116,114,108,95,108,49,0,0
203852195,860,110,97,118,105,103,97,116,111,114,0,0,0,0,0,0,0
204858409,924,104,112,119,111,114,107,0,0,0,0,0,0,0,0,0,0
204858436,1148,108,112,119,111,114,107,0,0,0,0,0,0,0,0,0,0
205861919,796,105,110,105,116,0,0,0,0,0,0,0,0,0,0,0,0
205861939,604,103,112,115,0,0,0,0,0,0,0,0,0,0,0,0,0
206862271,492,100,97,116,97,109,97,110,0,0,0,0,0,0,0,0,0
206862293,668,115,101,110,115,111,114,115,0,0,0,0,0,0,0,0,0
207864022,924,99,111,109,109,97,110,100,101,114,0,0,0,0,0,0,0
207864136,496,112,120,52,105,111,0,0,0,0,0,0,0,0,0,0,0
208865707,724,109,97,118,108,105,110,107,95,105,102,48,0,0,0,0,0
208865728,816,109,97,118,108,105,110,107,95,114,99,118,95,105,102,48,0
209868015,676,109,97,118,108,105,110,107,95,105,102,49,0,0,0,0,0
209868034,564,109,97,118,108,105,110,107,95,114,99,118,95,105,102,49,0
210869946,508,108,111,103,95,119,114,105,116,101,114,95,102,105,108,101,0
210869996,2412,99,111,109,109,97,110,100,101,114,95,108,111,119,95,112,114
211871535,428,108,111,103,103,101,114,0,0,0,0,0,0,0,0,0,0
211871557,708,101,107,102,50,0,0,0,0,0,0,0,0,0,0,0,0
212874293,592,102,119,95,97,116,116,95,99,111,110,116,114,111,108,0,0
212874316,844,102,119,95,112,111,115,95,99,116,114,108,95,108,49,0,0
213875999,860,110,97,118,105,103,97,116,111,114,0,0,0,0,0,0,0
213876388,924,104,112,119,111,114,107,0,0,0,0,0,0,0,0,0,0
214878251,1148,108,112,119,111,114,107,0,0,0,0,0,0,0,0,0,0
214878272,796,105,110,105,116,0,0,0,0,0,0,0,0,0,0,0,0
215881611,604,103,112,115,0,0,0,0,0,0,0,0,0,0,0,0,0
215881627,492,100,97,116,97,109,97,110,0,0,0,0,0,0,0,0,0
216882323,668,115,101,110,115,111,114,115,0,0,0,0,0,0,0,0,0
216882346,924,99,111,109,109,97,110,100,101,114,0,0,0,0,0,0,0
217883292,496,112,120,52,105,111,0,0,0,0,0,0,0,0,0,0,0
217883312,724,109,97,118,108,105,110,107,95,105,102,48,0,0,0,0,0
218885950,816,109,97,118,108,105,110,107,95,114,99,118,95,105,102,48,0
218885969,676,109,97,118,108,105,110,107,95,105,102,49,0,0,0,0,0
219887428,564,109,97,118,108,105,110,107,95,114,99,118,95,105,102,49,0
219887491,508,108,111,103,95,119,114,105,116,101,114,95,102,105,108,101,0
220890384,2412,99,111,109,109,97,110,100,101,114,95,108,111,119,95,112,114
220890401,428,108,111,103,103,101,114,0,0,0,0,0,0,0,0,0,0
221892465,708,101,107,102,50,0,0,0,0,0,0,0,0,0,0,0,0
221892550,592,102,119,95,97,116,116,95,99,111,110,116,114,111,108,0,0
222892361,844,102,119,95,112,111,115,95,99,116,114,108,95,108,49,0,0
222892385,860,110,97,118,105,103,97,116,111,114,0,0,0,0,0,0,0
223893193,924,104,112,119,111,114,107,0,0,0,0,0,0,0,0,0,0
223893220,1148,108,112,119,111,114,107,0,0,0,0,0,0,0,0,0,0
224894239,796,105,110,105,116,0,0,0,0,0,0,0,0,0,0,0,0
224894310,604,103,112,115,0,0,0,0,0,0,0,0,0,0,0,0,0
225895475,492,100,97,116,97,109,97,110,0,0,0,0,0,0,0,0,0
225895493,668,115,101,110,115,111,114,115,0,0,0,0,0,0,0,0,0
226896231,924,99,111,109,109,97,110,100,101,114,0,0,0,0,0,0,0
226896247,496,112,120,52,105,111,0,0,0,0,0,0,0,0,0,0,0
227897246,724,109,97,118,108,105,110,107,95,105,102,48,0,0,0,0,0
227897372,816,109,97,118,108,105,110,107,95,114,99,118,95,105,102,48,0
228898229,676,109,97,118,108,105,110,107,95,105,102,49,0,0,0,0,0
228898247,564,109,97,118,108,105,110,107,95,114,99,118,95,105,102,49,0
229900407,508,108,111,103,95,119,114,105,116,101,114,95,102,105,108,101,0
229900457,2412,99,111,109,109,97,110,100,101,114,95,108,111,119,95,112,114
230901713,428,108,111,103,103,101,114,0,0,0,0,0,0,0,0,0,0
230901735,708,101,107,102,50,0,0,0,0,0,0,0,0,0,0,0,0
231905702,592,102,119,95,97,116,116,95,99,111,110,116,114,111,108,0,0
231905725,844,102,119,95,112,111,115,95,99,116,114,108,95,108,49,0,0
232906414,860,110,97,118,105,103,97,116,111,114,0,0,0,0,0,0,0
232906462,924,104,112,119,111,114,107,0,0,0,0,0,0,0,0,0,0
233909889,1148,108,112,119,111,114,107,0,0,0,0,0,0,0,0,0,0
233909910,796,105,110,105,116,0,0,0,0,0,0,0,0,0,0,0,0
234910375,604,103,112,115,0,0,0,0,0,0,0,0,0,0,0,0,0
234910391,492,100,97,116,97,109,97,110,0,0,0,0,0,0,0,0,0
235913525,668,115,101,110,115,111,114,115,0,0,0,0,0,0,0,0,0
235913548,924,99,111,109,109,97,110,100,101,114,0,0,0,0,0,0,0
236914521,496,112,120,52,105,111,0,0,0,0,0,0,0,0,0,0,0
236914598,724,109,97,118,108,105,110,107,95,105,102,48,0,0,0,0,0
237916233,816,109,97,118,108,105,110,107,95,114,99,118,95,105,102,48,0
237916251,676,109,97,118,108,105,110,107,95,105,102,49,0,0,0,0,0
238917798,564,109,97,118,108,105,110,107,95,114,99,118,95,105,102,49,0
238917814,508,108,111,103,95,119,114,105,116,101,114,95,102,105,108,101,0
239919630,2412,99,111,109,109,97,110,100,101,114,95,108,111,119,95,112,114
239919645,428,108,111,103,103,101,114,0,0,0,0,0,0,0,0,0,0
240920260,708,101,107,102,50,0,0,0,0,0,0,0,0,0,0,0,0
240920279,592,102,119,95,97,116,116,95,99,111,110,116,114,111,108,0,0
241921197,844,102,119,95,112,111,115,95,99,116,114,108,95,108,49,0,0
241921220,860,110,97,118,105,103,97,116,111,114,0,0,0,0,0,0,0
242922259,924,104,112,119,111,114,107,0,0,0,0,0,0,0,0,0,0
242922289,1148,108,112,119,111,114,107,0,0,0,0,0,0,0,0,0,0
243923951,796,105,110,105,116,0,0,0,0,0,0,0,0,0,0,0,0
243923971,604,103,112,115,0,0,0,0,0,0,0,0,0,0,0,0,0
244925050,492,100,97,116,97,109,97,110,0,0,0,0,0,0,0,0,0
244925068,668,115,101,110,115,111,114,115,0,0,0,0,0,0,0,0,0
245927612,924,99,111,109,109,97,110,100,101,114,0,0,0,0,0,0,0
245927628,496,112,120,52,105,111,0,0,0,0,0,0,0,0,0,0,0
246929162,724,109,97,118,108,105,110,107,95,105,102,48,0,0,0,0,0
246929183,816,109,97,118,108,105,110,107,95,114,99,118,95,105,102,48,0
247931394,676,109,97,118,108,105,110,107,95,105,102,49,0,0,0,0,0
247931411,564,109,97,118,108,105,110,107,95,114,99,118,95,105,102,49,0
248934281,508,108,111,103,95,119,114,105,116,101,114,95,102,105,108,101,0
248934335,2412,99,111,109,109,97,110,100,101,114,95,108,111,119,95,112,114
249939864,428,108,111,103,103,101,114,0,0,0,0,0,0,0,0,0,0
249939886,708,101,107,102,50,0,0,0,0,0,0,0,0,0,0,0,0
250940885,592,102,119,95,97,116,116,95,99,111,110,116,114,111,108,0,0
250940908,844,102,119,95,112,111,115,95,99,116,114,108,95,108,49,0,0
251941461,860,110,97,118,105,103,97,116,111,114,0,0,0,0,0,0,0
251941509,924,104,112,119,111,114,107,0,0,0,0,0,0,0,0,0,0
252942282,1148,108,112,119,111,114,107,0,0,0,0,0,0,0,0,0,0
252942378,796,105,110,105,116,0,0,0,0,0,0,0,0,0,0,0,0
253943362,604,103,112,115,0,0,0,0,0,0,0,0,0,0,0,0,0
253943428,492,100,97,116,97,109,97,110,0,0,0,0,0,0,0,0,0
254945217,668,115,101,110,115,111,114,115,0,0,0,0,0,0,0,0,0
254945240,924,99,111,109,109,97,110,100,101,114,0,0,0,0,0,0,0
255946582,496,112,120,52,105,111,0,0,0,0,0,0,0,0,0,0,0
255946602,724,109,97,118,108,105,110,107,95,105,102,48,0,0,0,0,0
256947457,816,109,97,118,108,105,110,107,95,114,99,118,95,105,102,48,0
256947476,676,109,97,118,108,105,110,107,95,105,102,49,0,0,0,0,0
257948209,564,109,97,118,108,105,110,107,95,114,99,118,95,105,102,49,0
257948225,508,108,111,103,95,119,114,105,116,101,114,95,102,105,108,101,0
258949374,2412,99,111,109,109,97,110,100,101,114,95,108,111,119,95,112,114
258949389,428,108,111,103,103,101,114,0,0,0,0,0,0,0,0,0,0
259951214,708,101,107,102,50,0,0,0,0,0,0,0,0,0,0,0,0
259951233,592,102,119,95,97,116,116,95,99,111,110,116,114,111,108,0,0
260952683,844,102,119,95,112,111,115,95,99,116,114,108,95,108,49,0,0
260952707,860,110,97,118,105,103,97,116,111,114,0,0,0,0,0,0,0
261953195,924,104,112,119,111,114,107,0,0,0,0,0,0,0,0,0,0
261953222,1148,108,112,119,111,114,107,0,0,0,0,0,0,0,0,0,0
262954394,796,105,110,105,116,0,0,0,0,0,0,0,0,0,0,0,0
262954414,604,103,112,115,0,0,0,0,0,0,0,0,0,0,0,0,0
263958710,492,100,97,116,97,109,97,110,0,0,0,0,0,0,0,0,0
263958729,668,115,101,110,115,111,114,115,0,0,0,0,0,0,0,0,0
264962863,924,99,111,109,109,97,110,100,101,114,0,0,0,0,0,0,0
264964322,496,112,120,52,105,111,0,0,0,0,0,0,0,0,0,0,0
265965742,724,109,97,118,108,105,110,107,95,105,102,48,0,0,0,0,0
265965815,816,109,97,118,108,105,110,107,95,114,99,118,95,105,102,48,0
266966203,676,109,97,118,108,105,110,107,95,105,102,49,0,0,0,0,0
266966220,564,109,97,118,108,105,110,107,95,114,99,118,95,105,102,49,0
267967519,508,108,111,103,95,119,114,105,116,101,114,95,102,105,108,101,0
267967568,2412,99,111,109,109,97,110,100,101,114,95,108,111,119,95,112,114
268968207,428,108,111,103,103,101,114,0,0,0,0,0,0,0,0,0,0
268968229,708,101,107,102,50,0,0,0,0,0,0,0,0,0,0,0,0
269970413,592,102,119,95,97,116,116,95,99,111,110,116,114,111,108,0,0
269970436,844,102,119,95,112,111,115,95,99,116,114,108,95,108,49,0,0
270971224,860,110,97,118,105,103,97,116,111,114,0,0,0,0,0,0,0
270971320,924,104,112,119,111,114,107,0,0,0,0,0,0,0,0,0,0
271972448,1148,108,112,119,111,114,107,0,0,0,0,0,0,0,0,0,0
271972469,796,105,110,105,116,0,0,0,0,0,0,0,0,0,0,0,0
272973211,604,103,112,115,0,0,0,0,0,0,0,0,0,0,0,0,0
272973227,492,100,97,116,97,109,97,110,0,0,0,0,0,0,0,0,0
273974274,668,115,101,110,115,111,114,115,0,0,0,0,0,0,0,0,0
273974297,924,99,111,109,109,97,110,100,101,114,0,0,0,0,0,0,0
274975469,496,112,120,52,105,111,0,0,0,0,0,0,0,0,0,0,0
274975537,724,109,97,118,108,105,110,107,95,105,102,48,0,0,0,0,0
275976972,816,109,97,118,108,105,110,107,95,114,99,118,95,105,102,48,0
275976991,676,109,97,118,108,105,110,107,95,105,102,49,0,0,0,0,0
276977263,564,109,97,118,108,105,110,107,95,114,99,118,95,105,102,49,0
276977346,508,108,111,103,95,119,114,105,116,101,114,95,102,105,108,101,0
277978358,2412,99,111,109,109,97,110,100,101,114,95,108,111,119,95,112,114
277978373,428,108,111,103,103,101,114,0,0,0,0,0,0,0,0,0,0
278982434,708,101,107,102,50,0,0,0,0,0,0,0,0,0,0,0,0
278982454,592,102,119,95,97,116,116,95,99,111,110,116,114,111,108,0,0
279983321,844,102,119,95,112,111,115,95,99,116,114,108,95,108,49,0,0
279983344,860,110,97,118,105,103,97,116,111,114,0,0,0,0,0,0,0
280986666,924,104,112,119,111,114,107,0,0,0,0,0,0,0,0,0,0
280986693,1148,108,112,119,111,114,107,0,0,0,0,0,0,0,0,0,0
281988301,796,105,110,105,116,0,0,0,0,0,0,0,0,0,0,0,0
281988321,604,103,112,115,0,0,0,0,0,0,0,0,0,0,0,0,0
282988246,492,100,97,116,97,109,97,110,0,0,0,0,0,0,0,0,0
282988265,668,115,101,110,115,111,114,115,0,0,0,0,0,0,0,0,0
283989407,924,99,111,109,109,97,110,100,101,114,0,0,0,0,0,0,0
283989423,496,112,120,52,105,111,0,0,0,0,0,0,0,0,0,0,0
284993177,724,109,97,118,108,105,110,107,95,105,102,48,0,0,0,0,0
284994487,816,109,97,118,108,105,110,107,95,114,99,118,95,105,102,48,0
285996266,676,109,97,118,108,105,110,107,95,105,102,49,0,0,0,0,0
285996283,564,109,97,118,108,105,110,107,95,114,99,118,95,105,102,49,0
286999301,508,108,111,103,95,119,114,105,116,101,114,95,102,105,108,101,0
286999351,2412,99,111,109,109,97,110,100,101,114,95,108,111,119,95,112,114
288000289,428,108,111,103,103,101,114,0,0,0,0,0,0,0,0,0,0
288000405,708,101,107,102,50,0,0,0,0,0,0,0,0,0,0,0,0
289002290,592,102,119,95,97,116,116,95,99,111,110,116,114,111,108,0,0
289002313,844,102,119,95,112,111,115,95,99,116,114,108,95,108,49,0,0
290003354,860,110,97,118,105,103,97,116,111,114,0,0,0,0,0,0,0
290003402,924,104,112,119,111,114,107,0,0,0,0,0,0,0,0,0,0
291005200,1148,108,112,119,111,114,107,0,0,0,0,0,0,0,0,0,0
291005221,796,105,110,105,116,0,0,0,0,0,0,0,0,0,0,0,0
292007588,604,103,112,115,0,0,0,0,0,0,0,0,0,0,0,0,0
292007604,492,100,97,116,97,109,97,110,0,0,0,0,0,0,0,0,0
293009372,668,115,101,110,115,111,114,115,0,0,0,0,0,0,0,0,0
293009395,924,99,111,109,109,97,110,100,101,114,0,0,0,0,0,0,0
294011518,496,112,120,52,105,111,0,0,0,0,0,0,0,0,0,0,0
294011537,724,109,97,118,108,105,110,107,95,105,102,48,0,0,0,0,0
295016799,816,109,97,118,108,105,110,107,95,114,99,118,95,105,102,48,0
295016818,676,109,97,118,108,105,110,107,95,105,102,49,0,0,0,0,0
296017205,564,109,97,118,108,105,110,107,95,114,99,118,95,105,102,49,0
296017221,508,108,111,103,95,119,114,105,116,101,114,95,102,105,108,101,0
297018802,2412,99,111,109,109,97,110,100,101,114,95,108,111,119,95,112,114
297018817,428,108,111,103,103,101,114,0,0,0,0,0,0,0,0,0,0
298019166,708,101,107,102,50,0,0,0,0,0,0,0,0,0,0,0,0
298019185,592,102,119,95,97,116,116,95,99,111,110,116,114,111,108,0,0
299020253,844,102,119,95,112,111,115,95,99,116,114,108,95,108,49,0,0
299020277,860,110,97,118,105,103,97,116,111,114,0,0,0,0,0,0,0
300021256,924,104,112,119,111,114,107,0,0,0,0,0,0,0,0,0,0
300022412,1148,108,112,119,111,114,107,0,0,0,0,0,0,0,0,0,0
301024637,796,105,110,105,116,0,0,0,0,0,0,0,0,0,0,0,0
301024701,604,103,112,115,0,0,0,0,0,0,0,0,0,0,0,0,0
302025555,492,100,97,116,97,109,97,110,0,0,0,0,0,0,0,0,0
302025574,668,115,101,110,115,111,114,115,0,0,0,0,0,0,0,0,0
303026206,924,99,111,109,109,97,110,100,101,114,0,0,0,0,0,0,0
303026222,496,112,120,52,105,111,0,0,0,0,0,0,0,0,0,0,0
304027435,724,109,97,118,108,105,110,107,95,105,102,48,0,0,0,0,0
304027456,816,109,97,118,108,105,110,107,95,114,99,118,95,105,102,48,0
305028204,676,109,97,118,108,105,110,107,95,105,102,49,0,0,0,0,0
305028222,564,109,97,118,108,105,110,107,95,114,99,118,95,105,102,49,0
306033585,508,108,111,103,95,119,114,105,116,101,114,95,102,105,108,101,0
306033635,2412,99,111,109,109,97,110,100,101,114,95,108,111,119,95,112,114
307037738,428,108,111,103,103,101,114,0,0,0,0,0,0,0,0,0,0
307037762,708,101,107,102,50,0,0,0,0,0,0,0,0,0,0,0,0
308038254,592,102,119,95,97,116,116,95,99,111,110,116,114,111,108,0,0
308038277,844,102,119,95,112,111,115,95,99,116,114,108,95,108,49,0,0
309039337,860,110,97,118,105,103,97,116,111,114,0,0,0,0,0,0,0
309039385,924,104,112,119,111,114,107,0,0,0,0,0,0,0,0,0,0
310041683,1148,108,112,119,111,114,107,0,0,0,0,0,0,0,0,0,0
310041707,796,105,110,105,116,0,0,0,0,0,0,0,0,0,0,0,0
311042479,604,103,112,115,0,0,0,0,0,0,0,0,0,0,0,0,0
311042610,492,100,97,116,97,109,97,110,0,0,0,0,0,0,0,0,0
312043615,668,115,101,110,115,111,114,115,0,0,0,0,0,0,0,0,0
312043638,924,99,111,109,109,97,110,100,101,114,0,0,0,0,0,0,0
313044157,496,112,120,52,105,111,0,0,0,0,0,0,0,0,0,0,0
313044176,724,109,97,118,108,105,110,107,95,105,102,48,0,0,0,0,0
314045879,816,109,97,118,108,105,110,107,95,114,99,118,95,105,102,48,0
314045898,676,109,97,118,108,105,110,107,95,105,102,49,0,0,0,0,0
315046272,564,109,97,118,108,105,110,107,95,114,99,118,95,105,102,49,0
315046288,508,108,111,103,95,119,114,105,116,101,114,95,102,105,108,101,0
316048310,2412,99,111,109,109,97,110,100,101,114,95,108,111,119,95,112,114
316048325,428,108,111,103,103,101,114,0,0,0,0,0,0,0,0,0,0
317597162,708,101,107,102,50,0,0,0,0,0,0,0,0,0,0,0,0
317597180,592,102,119,95,97,116,116,95,99,111,110,116,114,111,108,0,0
318598203,404,102,119,95,112,111,115,95,99,116,114,108,95,108,49,0,0
318598227,860,110,97,118,105,103,97,116,111,114,0,0,0,0,0,0,0
319599224,924,104,112,119,111,114,107,0,0,0,0,0,0,0,0,0,0
319599251,1140,108,112,119,111,114,107,0,0,0,0,0,0,0,0,0,0
320602701,796,105,110,105,116,0,0,0,0,0,0,0,0,0,0,0,0
320602722,604,103,112,115,0,0,0,0,0,0,0,0,0,0,0,0,0
321603459,492,100,97,116,97,109,97,110,0,0,0,0,0,0,0,0,0
321603478,668,115,101,110,115,111,114,115,0,0,0,0,0,0,0,0,0
322604700,924,99,111,109,109,97,110,100,101,114,0,0,0,0,0,0,0
322604716,496,112,120,52,105,111,0,0,0,0,0,0,0,0,0,0,0
323605953,708,109,97,118,108,105,110,107,95,105,102,48,0,0,0,0,0
323605974,816,109,97,118,108,105,110,107,95,114,99,118,95,105,102,48,0
324608865,676,109,97,118,108,105,110,107,95,105,102,49,0,0,0,0,0
324608979,564,109,97,118,108,105,110,107,95,114,99,118,95,105,102,49,0
325609432,508,108,111,103,95,119,114,105,116,101,114,95,102,105,108,101,0
325609482,2412,99,111,109,109,97,110,100,101,114,95,108,111,119,95,112,114
326611512,428,108,111,103,103,101,114,0,0,0,0,0,0,0,0,0,0
326611533,708,101,107,102,50,0,0,0,0,0,0,0,0,0,0,0,0
327612340,592,102,119,95,97,116,116,95,99,111,110,116,114,111,108,0,0
327612355,404,102,119,95,112,111,115,95,99,116,114,108,95,108,49,0,0
328615603,820,110,97,118,105,103,97,116,111,114,0,0,0,0,0,0,0
328615651,924,104,112,119,111,114,107,0,0,0,0,0,0,0,0,0,0
329616744,1140,108,112,119,111,114,107,0,0,0,0,0,0,0,0,0,0
329616765,796,105,110,105,116,0,0,0,0,0,0,0,0,0,0,0,0
330619703,604,103,112,115,0,0,0,0,0,0,0,0,0,0,0,0,0
330619719,492,100,97,116,97,109,97,110,0,0,0,0,0,0,0,0,0
331620160,668,115,101,110,115,111,114,115,0,0,0,0,0,0,0,0,0
331620724,924,99,111,109,109,97,110,100,101,114,0,0,0,0,0,0,0
332622540,496,112,120,52,105,111,0,0,0,0,0,0,0,0,0,0,0
332622559,708,109,97,118,108,105,110,107,95,105,102,48,0,0,0,0,0
333623242,816,109,97,118,108,105,110,107,95,114,99,118,95,105,102,48,0
333623261,676,109,97,118,108,105,110,107,95,105,102,49,0,0,0,0,0
334626071,564,109,97,118,108,105,110,107,95,114,99,118,95,105,102,49,0
334626180,508,108,111,103,95,119,114,105,116,101,114,95,102,105,108,101,0
335627220,2412,99,111,109,109,97,110,100,101,114,95,108,111,119,95,112,114
335627235,428,108,111,103,103,101,114,0,0,0,0,0,0,0,0,0,0
336629931,708,101,107,102,50,0,0,0,0,0,0,0,0,0,0,0,0
336630003,592,102,119,95,97,116,116,95,99,111,110,116,114,111,108,0,0
337631270,404,102,119,95,112,111,115,95,99,116,114,108,95,108,49,0,0
337631293,820,110,97,118,105,103,97,116,111,114,0,0,0,0,0,0,0
338632720,924,104,112,119,111,114,107,0,0,0,0,0,0,0,0,0,0
338632750,1140,108,112,119,111,114,107,0,0,0,0,0,0,0,0,0,0
339633750,796,105,110,105,116,0,0,0,0,0,0,0,0,0,0,0,0
339633854,604,103,112,115,0,0,0,0,0,0,0,0,0,0,0,0,0
340635160,492,100,97,116,97,109,97,110,0,0,0,0,0,0,0,0,0
340635179,668,115,101,110,115,111,114,115,0,0,0,0,0,0,0,0,0
341637095,924,99,111,109,109,97,110,100,101,114,0,0,0,0,0,0,0
341637111,496,112,120,52,105,111,0,0,0,0,0,0,0,0,0,0,0
342638659,708,109,97,118,108,105,110,107,95,105,102,48,0,0,0,0,0
342638680,816,109,97,118,108,105,110,107,95,114,99,118,95,105,102,48,0
343641379,676,109,97,118,108,105,110,107,95,105,102,49,0,0,0,0,0
343641396,564,109,97,118,108,105,110,107,95,114,99,118,95,105,102,49,0
344642224,508,108,111,103,95,119,114,105,116,101,114,95,102,105,108,101,0
344642274,2412,99,111,109,109,97,110,100,101,114,95,108,111,119,95,112,114
345644383,428,108,111,103,103,101,114,0,0,0,0,0,0,0,0,0,0
345644407,708,101,107,102,50,0,0,0,0,0,0,0,0,0,0,0,0
346645659,592,102,119,95,97,116,116,95,99,111,110,116,114,111,108,0,0
346646217,404,102,119,95,112,111,115,95,99,116,114,108,95,108,49,0,0
347648818,820,110,97,118,105,103,97,116,111,114,0,0,0,0,0,0,0
347648866,924,104,112,119,111,114,107,0,0,0,0,0,0,0,0,0,0
348649744,1140,108,112,119,111,114,107,0,0,0,0,0,0,0,0,0,0
348649765,796,105,110,105,116,0,0,0,0,0,0,0,0,0,0,0,0
349651204,604,103,112,115,0,0,0,0,0,0,0,0,0,0,0,0,0
349651220,492,100,97,116,97,109,97,110,0,0,0,0,0,0,0,0,0
350652236,668,115,101,110,115,111,114,115,0,0,0,0,0,0,0,0,0
350652259,924,99,111,109,109,97,110,100,101,114,0,0,0,0,0,0,0
351655191,496,112,120,52,105,111,0,0,0,0,0,0,0,0,0,0,0
351655210,708,109,97,118,108,105,110,107,95,105,102,48,0,0,0,0,0
352656624,816,109,97,118,108,105,110,107,95,114,99,118,95,105,102,48,0
352656643,676,109,97,118,108,105,110,107,95,105,102,49,0,0,0,0,0
353657644,564,109,97,118,108,105,110,107,95,114,99,118,95,105,102,49,0
353657660,508,108,111,103,95,119,114,105,116,101,114,95,102,105,108,101,0
354659926,2412,99,111,109,109,97,110,100,101,114,95,108,111,119,95,112,114
354659940,428,108,111,103,103,101,114,0,0,0,0,0,0,0,0,0,0
355660446,708,101,107,102,50,0,0,0,0,0,0,0,0,0,0,0,0
355660465,592,102,119,95,97,116,116,95,99,111,110,116,114,111,108,0,0
356661896,404,102,119,95,112,111,115,95,99,116,114,108,95,108,49,0,0
356662000,820,110,97,118,105,103,97,116,111,114,0,0,0,0,0,0,0
357662299,924,104,112,119,111,114,107,0,0,0,0,0,0,0,0,0,0
357662325,1140,108,112,119,111,114,107,0,0,0,0,0,0,0,0,0,0
358663165,796,105,110,105,116,0,0,0,0,0,0,0,0,0,0,0,0
358663276,604,103,112,115,0,0,0,0,0,0,0,0,0,0,0,0,0
359664159,492,100,97,116,97,109,97,110,0,0,0,0,0,0,0,0,0
359664178,668,115,101,110,115,111,114,115,0,0,0,0,0,0,0,0,0
360665495,924,99,111,109,109,97,110,100,101,114,0,0,0,0,0,0,0
360665511,496,112,120,52,105,111,0,0,0,0,0,0,0,0,0,0,0
361667299,708,109,97,118,108,105,110,107,95,105,102,48,0,0,0,0,0
361667323,816,109,97,118,108,105,110,107,95,114,99,118,95,105,102,48,0
362668209,676,109,97,118,108,105,110,107,95,105,102,49,0,0,0,0,0
362668227,564,109,97,118,108,105,110,107,95,114,99,118,95,105,102,49,0
363671330,508,108,111,103,95,119,114,105,116,101,114,95,102,105,108,101,0
363671384,2412,99,111,109,109,97,110,100,101,114,95,108,111,119,95,112,114
364672232,428,108,111,103,103,101,114,0,0,0,0,0,0,0,0,0,0
364672254,708,101,107,102,50,0,0,0,0,0,0,0,0,0,0,0,0
365675643,592,102,119,95,97,116,116,95,99,111,110,116,114,111,108,0,0
365675658,404,102,119,95,112,111,115,95,99,116,114,108,95,108,49,0,0
366675486,820,110,97,118,105,103,97,116,111,114,0,0,0,0,0,0,0
366675534,924,104,112,119,111,114,107,0,0,0,0,0,0,0,0,0,0
367676225,1140,108,112,119,111,114,107,0,0,0,0,0,0,0,0,0,0
367676246,796,105,110,105,116,0,0,0,0,0,0,0,0,0,0,0,0
368677768,604,103,112,115,0,0,0,0,0,0,0,0,0,0,0,0,0
368677783,492,100,97,116,97,109,97,110,0,0,0,0,0,0,0,0,0
369681886,668,115,101,110,115,111,114,115,0,0,0,0,0,0,0,0,0
369681958,924,99,111,109,109,97,110,100,101,114,0,0,0,0,0,0,0
370682340,496,112,120,52,105,111,0,0,0,0,0,0,0,0,0,0,0
370682359,708,109,97,118,108,105,110,107,95,105,102,48,0,0,0,0,0
371684999,816,109,97,118,108,105,110,107,95,114,99,118,95,105,102,48,0
371685018,676,109,97,118,108,105,110,107,95,105,102,49,0,0,0,0,0
372686200,564,109,97,118,108,105,110,107,95,114,99,118,95,105,102,49,0
372686216,508,108,111,103,95,119,114,105,116,101,114,95,102,105,108,101,0
373687463,2412,99,111,109,109,97,110,100,101,114,95,108,111,119,95,112,114
373687477,428,108,111,103,103,101,114,0,0,0,0,0,0,0,0,0,0
374688318,708,101,107,102,50,0,0,0,0,0,0,0,0,0,0,0,0
374688379,592,102,119,95,97,116,116,95,99,111,110,116,114,111,108,0,0
375690517,404,102,119,95,112,111,115,95,99,116,114,108,95,108,49,0,0
375690540,820,110,97,118,105,103,97,116,111,114,0,0,0,0,0,0,0
376691204,924,104,112,119,111,114,107,0,0,0,0,0,0,0,0,0,0
376691231,1140,108,112,119,111,114,107,0,0,0,0,0,0,0,0,0,0
377692315,796,105,110,105,116,0,0,0,0,0,0,0,0,0,0,0,0
377692335,604,103,112,115,0,0,0,0,0,0,0,0,0,0,0,0,0
378694834,492,100,97,116,97,109,97,110,0,0,0,0,0,0,0,0,0
378694852,668,115,101,110,115,111,114,115,0,0,0,0,0,0,0,0,0
379695376,924,99,111,109,109,97,110,100,101,114,0,0,0,0,0,0,0
379695420,496,112,120,52,105,111,0,0,0,0,0,0,0,0,0,0,0
380696807,708,109,97,118,108,105,110,107,95,105,102,48,0,0,0,0,0
380696828,816,109,97,118,108,105,110,107,95,114,99,118,95,105,102,48,0
381697203,676,109,97,118,108,105,110,107,95,105,102,49,0,0,0,0,0
381697220,564,109,97,118,108,105,110,107,95,114,99,118,95,105,102,49,0
