timestamp,system_id,component_id,onboard_control_sensors_present,onboard_control_sensors_enabled,onboard_control_sensors_health,nav_state,arming_state,hil_state,failsafe,system_type,is_rotary_wing,is_vtol,vtol_fw_permanent_stab,in_transition_mode,in_transition_to_fw,rc_signal_lost,rc_input_mode,data_link_lost,data_link_lost_counter,engine_failure,engine_failure_cmd,mission_failure
25325748,1,1,0,0,0,0,2,0,0,1,0,0,0,0,0,0,0,1,0,0,0,0
25602488,1,1,0,0,0,0,2,0,0,1,0,0,0,0,0,0,0,1,0,0,0,0
25843408,1,1,0,0,0,0,2,0,0,1,0,0,0,0,0,0,0,1,0,0,0,0
26083936,1,1,0,0,0,0,2,0,0,1,0,0,0,0,0,0,0,1,0,0,0,0
26324980,1,1,0,0,0,0,2,0,0,1,0,0,0,0,0,0,0,1,0,0,0,0
26557262,1,1,0,0,0,0,2,0,0,1,0,0,0,0,0,0,0,1,0,0,0,0
26785912,1,1,0,0,0,0,2,0,0,1,0,0,0,0,0,0,0,1,0,0,0,0
27024424,1,1,0,0,0,0,2,0,0,1,0,0,0,0,0,0,0,1,0,0,0,0
27264260,1,1,0,0,0,0,2,0,0,1,0,0,0,0,0,0,0,1,0,0,0,0
27505050,1,1,0,0,0,0,2,0,0,1,0,0,0,0,0,0,0,1,0,0,0,0
27745619,1,1,0,0,0,0,2,0,0,1,0,0,0,0,0,0,0,1,0,0,0,0
27986789,1,1,0,0,0,0,2,0,0,1,0,0,0,0,0,0,0,1,0,0,0,0
28227332,1,1,0,0,0,0,2,0,0,1,0,0,0,0,0,0,0,1,0,0,0,0
28467191,1,1,0,0,0,0,2,0,0,1,0,0,0,0,0,0,0,1,0,0,0,0
28708322,1,1,0,0,0,0,2,0,0,1,0,0,0,0,0,0,0,1,0,0,0,0
28949019,1,1,0,0,0,0,2,0,0,1,0,0,0,0,0,0,0,1,0,0,0,0
29189746,1,1,0,0,0,0,2,0,0,1,0,0,0,0,0,0,0,1,0,0,0,0
29418733,1,1,0,0,0,0,2,0,0,1,0,0,0,0,0,0,0,1,0,0,0,0
29659579,1,1,0,0,0,0,2,0,0,1,0,0,0,0,0,0,0,1,0,0,0,0
29900406,1,1,0,0,0,0,2,0,0,1,0,0,0,0,0,0,0,1,0,0,0,0
30140936,1,1,0,0,0,0,2,0,0,1,0,0,0,0,0,0,0,1,0,0,0,0
30374402,1,1,0,0,0,0,2,0,0,1,0,0,0,0,0,0,0,1,0,0,0,0
30610067,1,1,0,0,0,0,2,0,0,1,0,0,0,0,0,0,0,1,0,0,0,0
30850437,1,1,0,0,0,0,2,0,0,1,0,0,0,0,0,0,0,1,0,0,0,0
31090965,1,1,0,0,0,0,2,0,0,1,0,0,0,0,0,0,0,1,0,0,0,0
31327764,1,1,0,0,0,0,2,0,0,1,0,0,0,0,0,0,0,1,0,0,0,0
31564306,1,1,0,0,0,0,2,0,0,1,0,0,0,0,0,0,0,1,0,0,0,0
31801929,1,1,0,0,0,0,2,0,0,1,0,0,0,0,0,0,0,1,0,0,0,0
32042524,1,1,0,0,0,0,2,0,0,1,0,0,0,0,0,0,0,1,0,0,0,0
32283514,1,1,0,0,0,0,2,0,0,1,0,0,0,0,0,0,0,1,0,0,0,0
32523766,1,1,0,0,0,0,2,0,0,1,0,0,0,0,0,0,0,1,0,0,0,0
32765150,1,1,0,0,0,0,2,0,0,1,0,0,0,0,0,0,0,1,0,0,0,0
33006275,1,1,0,0,0,0,2,0,0,1,0,0,0,0,0,0,0,1,0,0,0,0
33242491,1,1,0,0,0,0,2,0,0,1,0,0,0,0,0,0,0,1,0,0,0,0
33475164,1,1,0,0,0,0,2,0,0,1,0,0,0,0,0,0,0,1,0,0,0,0
33715998,1,1,0,0,0,0,2,0,0,1,0,0,0,0,0,0,0,1,0,0,0,0
33956246,1,1,0,0,0,0,2,0,0,1,0,0,0,0,0,0,0,1,0,0,0,0
34196800,1,1,0,0,0,0,2,0,0,1,0,0,0,0,0,0,0,1,0,0,0,0
34439293,1,1,0,0,0,0,2,0,0,1,0,0,0,0,0,0,0,1,0,0,0,0
34678842,1,1,0,0,0,0,2,0,0,1,0,0,0,0,0,0,0,1,0,0,0,0
34919420,1,1,0,0,0,0,2,0,0,1,0,0,0,0,0,0,0,1,0,0,0,0
35155478,1,1,0,0,0,0,2,0,0,1,0,0,0,0,0,0,0,1,0,0,0,0
35391958,1,1,0,0,0,0,2,0,0,1,0,0,0,0,0,0,0,1,0,0,0,0
35631166,1,1,0,0,0,0,2,0,0,1,0,0,0,0,0,0,0,1,0,0,0,0
35863781,1,1,0,0,0,0,2,0,0,1,0,0,0,0,0,0,0,1,0,0,0,0
36099323,1,1,0,0,0,0,2,0,0,1,0,0,0,0,0,0,0,1,0,0,0,0
36339626,1,1,0,0,0,0,2,0,0,1,0,0,0,0,0,0,0,1,0,0,0,0
36579986,1,1,0,0,0,0,2,0,0,1,0,0,0,0,0,0,0,1,0,0,0,0
36820924,1,1,0,0,0,0,2,0,0,1,0,0,0,0,0,0,0,1,0,0,0,0
37062360,1,1,0,0,0,0,2,0,0,1,0,0,0,0,0,0,0,1,0,0,0,0
37302592,1,1,0,0,0,0,2,0,0,1,0,0,0,0,0,0,0,1,0,0,0,0
37543394,1,1,0,0,0,0,2,0,0,1,0,0,0,0,0,0,0,1,0,0,0,0
37784190,1,1,0,0,0,0,2,0,0,1,0,0,0,0,0,0,0,1,0,0,0,0
38020414,1,1,0,0,0,0,2,0,0,1,0,0,0,0,0,0,0,1,0,0,0,0
38257020,1,1,0,0,0,0,2,0,0,1,0,0,0,0,0,0,0,1,0,0,0,0
38494185,1,1,0,0,0,0,2,0,0,1,0,0,0,0,0,0,0,1,0,0,0,0
38734627,1,1,0,0,0,0,2,0,0,1,0,0,0,0,0,0,0,1,0,0,0,0
38975387,1,1,0,0,0,0,2,0,0,1,0,0,0,0,0,0,0,1,0,0,0,0
39207494,1,1,0,0,0,0,2,0,0,1,0,0,0,0,0,0,0,1,0,0,0,0
39445236,1,1,0,0,0,0,2,0,0,1,0,0,0,0,0,0,0,1,0,0,0,0
39685999,1,1,0,0,0,0,2,0,0,1,0,0,0,0,0,0,0,1,0,0,0,0
39926244,1,1,0,0,0,0,2,0,0,1,0,0,0,0,0,0,0,1,0,0,0,0
40166842,1,1,0,0,0,0,2,0,0,1,0,0,0,0,0,0,0,1,0,0,0,0
40396204,1,1,0,0,0,0,2,0,0,1,0,0,0,0,0,0,0,1,0,0,0,0
40638275,1,1,0,0,0,0,2,0,0,1,0,0,0,0,0,0,0,1,0,0,0,0
40877058,1,1,0,0,0,0,2,0,0,1,0,0,0,0,0,0,0,1,0,0,0,0
41117838,1,1,0,0,0,0,2,0,0,1,0,0,0,0,0,0,0,1,0,0,0,0
41346349,1,1,0,0,0,0,2,0,0,1,0,0,0,0,0,0,0,1,0,0,0,0
41587523,1,1,0,0,0,0,2,0,0,1,0,0,0,0,0,0,0,1,0,0,0,0
41829009,1,1,0,0,0,0,2,0,0,1,0,0,0,0,0,0,0,1,0,0,0,0
42068982,1,1,0,0,0,0,2,0,0,1,0,0,0,0,0,0,0,1,0,0,0,0
42310057,1,1,0,0,0,0,2,0,0,1,0,0,0,0,0,0,0,1,0,0,0,0
42550373,1,1,0,0,0,0,2,0,0,1,0,0,0,0,0,0,0,1,0,0,0,0
42791572,1,1,0,0,0,0,2,0,0,1,0,0,0,0,0,0,0,1,0,0,0,0
43027326,1,1,0,0,0,0,2,0,0,1,0,0,0,0,0,0,0,1,0,0,0,0
43267321,1,1,0,0,0,0,2,0,0,1,0,0,0,0,0,0,0,1,0,0,0,0
43501071,1,1,0,0,0,0,2,0,0,1,0,0,0,0,0,0,0,1,0,0,0,0
43741581,1,1,0,0,0,0,2,0,0,1,0,0,0,0,0,0,0,1,0,0,0,0
43962729,1,1,0,0,0,15,2,0,0,1,0,0,0,0,0,0,0,1,0,0,0,0
43974673,1,1,0,0,0,15,2,0,0,1,0,0,0,0,0,0,0,1,0,0,0,0
44211779,1,1,0,0,0,15,2,0,0,1,0,0,0,0,0,0,0,1,0,0,0,0
44452419,1,1,0,0,0,15,2,0,0,1,0,0,0,0,0,0,0,1,0,0,0,0
44692744,1,1,0,0,0,15,2,0,0,1,0,0,0,0,0,0,0,1,0,0,0,0
44934058,1,1,0,0,0,15,2,0,0,1,0,0,0,0,0,0,0,1,0,0,0,0
45173953,1,1,0,0,0,15,2,0,0,1,0,0,0,0,0,0,0,1,0,0,0,0
45415176,1,1,0,0,0,15,2,0,0,1,0,0,0,0,0,0,0,1,0,0,0,0
45655570,1,1,0,0,0,15,2,0,0,1,0,0,0,0,0,0,0,1,0,0,0,0
45896429,1,1,0,0,0,15,2,0,0,1,0,0,0,0,0,0,0,1,0,0,0,0
46137567,1,1,0,0,0,15,2,0,0,1,0,0,0,0,0,0,0,1,0,0,0,0
46378210,1,1,0,0,0,15,2,0,0,1,0,0,0,0,0,0,0,1,0,0,0,0
46615524,1,1,0,0,0,15,2,0,0,1,0,0,0,0,0,0,0,1,0,0,0,0
46847295,1,1,0,0,0,15,2,0,0,1,0,0,0,0,0,0,0,1,0,0,0,0
47087512,1,1,0,0,0,15,2,0,0,1,0,0,0,0,0,0,0,1,0,0,0,0
47328611,1,1,0,0,0,15,2,0,0,1,0,0,0,0,0,0,0,1,0,0,0,0
47569199,1,1,0,0,0,15,2,0,0,1,0,0,0,0,0,0,0,1,0,0,0,0
47810376,1,1,0,0,0,15,2,0,0,1,0,0,0,0,0,0,0,1,0,0,0,0
48050760,1,1,0,0,0,15,2,0,0,1,0,0,0,0,0,0,0,1,0,0,0,0
48291021,1,1,0,0,0,15,2,0,0,1,0,0,0,0,0,0,0,1,0,0,0,0
48531981,1,1,0,0,0,15,2,0,0,1,0,0,0,0,0,0,0,1,0,0,0,0
48771986,1,1,0,0,0,15,2,0,0,1,0,0,0,0,0,0,0,1,0,0,0,0
49008222,1,1,0,0,0,15,2,0,0,1,0,0,0,0,0,0,0,1,0,0,0,0
49242345,1,1,0,0,0,15,2,0,0,1,0,0,0,0,0,0,0,1,0,0,0,0
49482808,1,1,0,0,0,15,2,0,0,1,0,0,0,0,0,0,0,1,0,0,0,0
49723667,1,1,0,0,0,15,2,0,0,1,0,0,0,0,0,0,0,1,0,0,0,0
49952177,1,1,0,0,0,15,2,0,0,1,0,0,0,0,0,0,0,1,0,0,0,0
50192827,1,1,0,0,0,15,2,0,0,1,0,0,0,0,0,0,0,1,0,0,0,0
50434782,1,1,0,0,0,15,2,0,0,1,0,0,0,0,0,0,0,1,0,0,0,0
50673635,1,1,0,0,0,15,2,0,0,1,0,0,0,0,0,0,0,1,0,0,0,0
50915137,1,1,0,0,0,15,2,0,0,1,0,0,0,0,0,0,0,1,0,0,0,0
51155757,1,1,0,0,0,15,2,0,0,1,0,0,0,0,0,0,0,1,0,0,0,0
51395952,1,1,0,0,0,15,2,0,0,1,0,0,0,0,0,0,0,1,0,0,0,0
51638340,1,1,0,0,0,15,2,0,0,1,0,0,0,0,0,0,0,1,0,0,0,0
51877598,1,1,0,0,0,15,2,0,0,1,0,0,0,0,0,0,0,1,0,0,0,0
52118773,1,1,0,0,0,15,2,0,0,1,0,0,0,0,0,0,0,1,0,0,0,0
52359517,1,1,0,0,0,15,2,0,0,1,0,0,0,0,0,0,0,1,0,0,0,0
52599977,1,1,0,0,0,15,2,0,0,1,0,0,0,0,0,0,0,1,0,0,0,0
52840355,1,1,0,0,0,15,2,0,0,1,0,0,0,0,0,0,0,1,0,0,0,0
53081428,1,1,0,0,0,15,2,0,0,1,0,0,0,0,0,0,0,1,0,0,0,0
53321999,1,1,0,0,0,15,2,0,0,1,0,0,0,0,0,0,0,1,0,0,0,0
53562434,1,1,0,0,0,15,2,0,0,1,0,0,0,0,0,0,0,1,0,0,0,0
53803442,1,1,0,0,0,15,2,0,0,1,0,0,0,0,0,0,0,1,0,0,0,0
54043560,1,1,0,0,0,15,2,0,0,1,0,0,0,0,0,0,0,1,0,0,0,0
54284660,1,1,0,0,0,15,2,0,0,1,0,0,0,0,0,0,0,1,0,0,0,0
54525059,1,1,0,0,0,15,2,0,0,1,0,0,0,0,0,0,0,1,0,0,0,0
54765971,1,1,0,0,0,15,2,0,0,1,0,0,0,0,0,0,0,1,0,0,0,0
54998380,1,1,0,0,0,15,2,0,0,1,0,0,0,0,0,0,0,1,0,0,0,0
55226619,1,1,0,0,0,15,2,0,0,1,0,0,0,0,0,0,0,1,0,0,0,0
55463542,1,1,0,0,0,15,2,0,0,1,0,0,0,0,0,0,0,1,0,0,0,0
55705203,1,1,0,0,0,15,2,0,0,1,0,0,0,0,0,0,0,1,0,0,0,0
55945272,1,1,0,0,0,15,2,0,0,1,0,0,0,0,0,0,0,1,0,0,0,0
56186317,1,1,0,0,0,15,2,0,0,1,0,0,0,0,0,0,0,1,0,0,0,0
56426882,1,1,0,0,0,15,2,0,0,1,0,0,0,0,0,0,0,1,0,0,0,0
56662322,1,1,0,0,0,15,2,0,0,1,0,0,0,0,0,0,0,1,0,0,0,0
56896310,1,1,0,0,0,15,2,0,0,1,0,0,0,0,0,0,0,1,0,0,0,0
57136425,1,1,0,0,0,15,2,0,0,1,0,0,0,0,0,0,0,1,0,0,0,0
57377074,1,1,0,0,0,15,2,0,0,1,0,0,0,0,0,0,0,1,0,0,0,0
57618102,1,1,0,0,0,15,2,0,0,1,0,0,0,0,0,0,0,1,0,0,0,0
57847465,1,1,0,0,0,15,2,0,0,1,0,0,0,0,0,0,0,1,0,0,0,0
58087578,1,1,0,0,0,15,2,0,0,1,0,0,0,0,0,0,0,1,0,0,0,0
58328132,1,1,0,0,0,15,2,0,0,1,0,0,0,0,0,0,0,1,0,0,0,0
59531631,1,1,0,0,0,15,2,0,0,1,0,0,0,0,0,0,0,1,0,0,0,0
59772341,1,1,0,0,0,15,2,0,0,1,0,0,0,0,0,0,0,1,0,0,0,0
60012339,1,1,0,0,0,15,2,0,0,1,0,0,0,0,0,0,0,1,0,0,0,0
60253670,1,1,0,0,0,15,2,0,0,1,0,0,0,0,0,0,0,1,0,0,0,0
60277908,1,1,0,0,0,15,2,0,0,1,0,0,0,0,0,0,0,1,0,0,0,0
60493917,1,1,0,0,0,15,2,0,0,1,0,0,0,0,0,0,0,1,0,0,0,0
60722638,1,1,0,0,0,15,2,0,0,1,0,0,0,0,0,0,0,1,0,0,0,0
60963505,1,1,0,0,0,15,2,0,0,1,0,0,0,0,0,0,0,1,0,0,0,0
61199202,1,1,0,0,0,15,2,0,0,1,0,0,0,0,0,0,0,1,0,0,0,0
61344138,1,1,0,0,0,15,2,0,0,1,0,0,0,0,0,0,0,1,0,0,0,0
61439322,1,1,0,0,0,15,2,0,0,1,0,0,0,0,0,0,0,1,0,0,0,0
61640475,1,1,0,0,0,15,2,0,0,1,0,0,0,0,0,0,0,1,0,0,0,0
61676574,1,1,0,0,0,15,2,0,0,1,0,0,0,0,0,0,0,1,0,0,0,0
61914051,1,1,0,0,0,15,2,0,0,1,0,0,0,0,0,0,0,1,0,0,0,0
62143315,1,1,0,0,0,15,2,0,0,1,0,0,0,0,0,0,0,1,0,0,0,0
62383535,1,1,0,0,0,15,2,0,0,1,0,0,0,0,0,0,0,1,0,0,0,0
62613214,1,1,0,0,0,15,2,0,0,1,0,0,0,0,0,0,0,1,0,0,0,0
62852423,1,1,0,0,0,15,2,0,0,1,0,0,0,0,0,0,0,1,0,0,0,0
63092827,1,1,0,0,0,15,2,0,0,1,0,0,0,0,0,0,0,1,0,0,0,0
63334043,1,1,0,0,0,15,2,0,0,1,0,0,0,0,0,0,0,1,0,0,0,0
63567248,1,1,0,0,0,15,2,0,0,1,0,0,0,0,0,0,0,1,0,0,0,0
63803162,1,1,0,0,0,15,2,0,0,1,0,0,0,0,0,0,0,1,0,0,0,0
64044266,1,1,0,0,0,15,2,0,0,1,0,0,0,0,0,0,0,1,0,0,0,0
64284470,1,1,0,0,0,15,2,0,0,1,0,0,0,0,0,0,0,1,0,0,0,0
64524944,1,1,0,0,0,15,2,0,0,1,0,0,0,0,0,0,0,1,0,0,0,0
64754629,1,1,0,0,0,15,2,0,0,1,0,0,0,0,0,0,0,1,0,0,0,0
64986332,1,1,0,0,0,15,2,0,0,1,0,0,0,0,0,0,0,1,0,0,0,0
65223514,1,1,0,0,0,15,2,0,0,1,0,0,0,0,0,0,0,1,0,0,0,0
65463860,1,1,0,0,0,15,2,0,0,1,0,0,0,0,0,0,0,1,0,0,0,0
65704593,1,1,0,0,0,15,2,0,0,1,0,0,0,0,0,0,0,1,0,0,0,0
65944784,1,1,0,0,0,15,2,0,0,1,0,0,0,0,0,0,0,1,0,0,0,0
66186228,1,1,0,0,0,15,2,0,0,1,0,0,0,0,0,0,0,1,0,0,0,0
66416233,1,1,0,0,0,15,2,0,0,1,0,0,0,0,0,0,0,1,0,0,0,0
66657185,1,1,0,0,0,15,2,0,0,1,0,0,0,0,0,0,0,1,0,0,0,0
66895592,1,1,0,0,0,15,2,0,0,1,0,0,0,0,0,0,0,1,0,0,0,0
67139524,1,1,0,0,0,15,2,0,0,1,0,0,0,0,0,0,0,1,0,0,0,0
67377613,1,1,0,0,0,15,2,0,0,1,0,0,0,0,0,0,0,1,0,0,0,0
67621109,1,1,0,0,0,15,2,0,0,1,0,0,0,0,0,0,0,1,0,0,0,0
67861653,1,1,0,0,0,15,2,0,0,1,0,0,0,0,0,0,0,1,0,0,0,0
68099268,1,1,0,0,0,15,2,0,0,1,0,0,0,0,0,0,0,1,0,0,0,0
68341014,1,1,0,0,0,15,2,0,0,1,0,0,0,0,0,0,0,1,0,0,0,0
68583333,1,1,0,0,0,15,2,0,0,1,0,0,0,0,0,0,0,1,0,0,0,0
68824308,1,1,0,0,0,15,2,0,0,1,0,0,0,0,0,0,0,1,0,0,0,0
69065463,1,1,0,0,0,15,2,0,0,1,0,0,0,0,0,0,0,1,0,0,0,0
69302432,1,1,0,0,0,15,2,0,0,1,0,0,0,0,0,0,0,1,0,0,0,0
69543279,1,1,0,0,0,15,2,0,0,1,0,0,0,0,0,0,0,1,0,0,0,0
69784817,1,1,0,0,0,15,2,0,0,1,0,0,0,0,0,0,0,1,0,0,0,0
70024470,1,1,0,0,0,15,2,0,0,1,0,0,0,0,0,0,0,1,0,0,0,0
70266390,1,1,0,0,0,15,2,0,0,1,0,0,0,0,0,0,0,1,0,0,0,0
70507211,1,1,0,0,0,15,2,0,0,1,0,0,0,0,0,0,0,1,0,0,0,0
70747275,1,1,0,0,0,15,2,0,0,1,0,0,0,0,0,0,0,1,0,0,0,0
70988215,1,1,0,0,0,15,2,0,0,1,0,0,0,0,0,0,0,1,0,0,0,0
71227656,1,1,0,0,0,15,2,0,0,1,0,0,0,0,0,0,0,1,0,0,0,0
71468399,1,1,0,0,0,15,2,0,0,1,0,0,0,0,0,0,0,1,0,0,0,0
71710729,1,1,0,0,0,15,2,0,0,1,0,0,0,0,0,0,0,1,0,0,0,0
71950359,1,1,0,0,0,15,2,0,0,1,0,0,0,0,0,0,0,1,0,0,0,0
72191271,1,1,0,0,0,15,2,0,0,1,0,0,0,0,0,0,0,1,0,0,0,0
72432273,1,1,0,0,0,15,2,0,0,1,0,0,0,0,0,0,0,1,0,0,0,0
72673226,1,1,0,0,0,15,2,0,0,1,0,0,0,0,0,0,0,1,0,0,0,0
72915590,1,1,0,0,0,15,2,0,0,1,0,0,0,0,0,0,0,1,0,0,0,0
73155442,1,1,0,0,0,15,2,0,0,1,0,0,0,0,0,0,0,1,0,0,0,0
73396242,1,1,0,0,0,15,2,0,0,1,0,0,0,0,0,0,0,1,0,0,0,0
73635593,1,1,0,0,0,15,2,0,0,1,0,0,0,0,0,0,0,1,0,0,0,0
73875271,1,1,0,0,0,15,2,0,0,1,0,0,0,0,0,0,0,1,0,0,0,0
74116853,1,1,0,0,0,15,2,0,0,1,0,0,0,0,0,0,0,1,0,0,0,0
74356901,1,1,0,0,0,15,2,0,0,1,0,0,0,0,0,0,0,1,0,0,0,0
74599581,1,1,0,0,0,15,2,0,0,1,0,0,0,0,0,0,0,1,0,0,0,0
74840806,1,1,0,0,0,15,2,0,0,1,0,0,0,0,0,0,0,1,0,0,0,0
75077908,1,1,0,0,0,15,2,0,0,1,0,0,0,0,0,0,0,1,0,0,0,0
75319277,1,1,0,0,0,15,2,0,0,1,0,0,0,0,0,0,0,1,0,0,0,0
75561093,1,1,0,0,0,15,2,0,0,1,0,0,0,0,0,0,0,1,0,0,0,0
75800218,1,1,0,0,0,15,2,0,0,1,0,0,0,0,0,0,0,1,0,0,0,0
76040918,1,1,0,0,0,15,2,0,0,1,0,0,0,0,0,0,0,1,0,0,0,0
76282595,1,1,0,0,0,15,2,0,0,1,0,0,0,0,0,0,0,1,0,0,0,0
76522293,1,1,0,0,0,15,2,0,0,1,0,0,0,0,0,0,0,1,0,0,0,0
76763593,1,1,0,0,0,15,2,0,0,1,0,0,0,0,0,0,0,1,0,0,0,0
77002778,1,1,0,0,0,15,2,0,0,1,0,0,0,0,0,0,0,1,0,0,0,0
77244360,1,1,0,0,0,15,2,0,0,1,0,0,0,0,0,0,0,1,0,0,0,0
77487403,1,1,0,0,0,15,2,0,0,1,0,0,0,0,0,0,0,1,0,0,0,0
77725435,1,1,0,0,0,15,2,0,0,1,0,0,0,0,0,0,0,1,0,0,0,0
77966290,1,1,0,0,0,15,2,0,0,1,0,0,0,0,0,0,0,1,0,0,0,0
78207387,1,1,0,0,0,15,2,0,0,1,0,0,0,0,0,0,0,1,0,0,0,0
78447222,1,1,0,0,0,15,2,0,0,1,0,0,0,0,0,0,0,1,0,0,0,0
78689201,1,1,0,0,0,15,2,0,0,1,0,0,0,0,0,0,0,1,0,0,0,0
78928337,1,1,0,0,0,15,2,0,0,1,0,0,0,0,0,0,0,1,0,0,0,0
79171504,1,1,0,0,0,15,2,0,0,1,0,0,0,0,0,0,0,1,0,0,0,0
79410695,1,1,0,0,0,15,2,0,0,1,0,0,0,0,0,0,0,1,0,0,0,0
79653243,1,1,0,0,0,15,2,0,0,1,0,0,0,0,0,0,0,1,0,0,0,0
79891222,1,1,0,0,0,15,2,0,0,1,0,0,0,0,0,0,0,1,0,0,0,0
80133219,1,1,0,0,0,15,2,0,0,1,0,0,0,0,0,0,0,1,0,0,0,0
80372357,1,1,0,0,0,15,2,0,0,1,0,0,0,0,0,0,0,1,0,0,0,0
80615422,1,1,0,0,0,15,2,0,0,1,0,0,0,0,0,0,0,1,0,0,0,0
80854457,1,1,0,0,0,15,2,0,0,1,0,0,0,0,0,0,0,1,0,0,0,0
81094396,1,1,0,0,0,15,2,0,0,1,0,0,0,0,0,0,0,1,0,0,0,0
81335877,1,1,0,0,0,15,2,0,0,1,0,0,0,0,0,0,0,1,0,0,0,0
81574476,1,1,0,0,0,15,2,0,0,1,0,0,0,0,0,0,0,1,0,0,0,0
81815522,1,1,0,0,0,15,2,0,0,1,0,0,0,0,0,0,0,1,0,0,0,0
82057993,1,1,0,0,0,15,2,0,0,1,0,0,0,0,0,0,0,1,0,0,0,0
82300295,1,1,0,0,0,15,2,0,0,1,0,0,0,0,0,0,0,1,0,0,0,0
82539158,1,1,0,0,0,15,2,0,0,1,0,0,0,0,0,0,0,1,0,0,0,0
82779308,1,1,0,0,0,15,2,0,0,1,0,0,0,0,0,0,0,1,0,0,0,0
83020222,1,1,0,0,0,15,2,0,0,1,0,0,0,0,0,0,0,1,0,0,0,0
83262365,1,1,0,0,0,15,2,0,0,1,0,0,0,0,0,0,0,1,0,0,0,0
83500594,1,1,0,0,0,15,2,0,0,1,0,0,0,0,0,0,0,1,0,0,0,0
83743519,1,1,0,0,0,15,2,0,0,1,0,0,0,0,0,0,0,1,0,0,0,0
83984094,1,1,0,0,0,15,2,0,0,1,0,0,0,0,0,0,0,1,0,0,0,0
84222457,1,1,0,0,0,15,2,0,0,1,0,0,0,0,0,0,0,1,0,0,0,0
84465732,1,1,0,0,0,15,2,0,0,1,0,0,0,0,0,0,0,1,0,0,0,0
84703484,1,1,0,0,0,15,2,0,0,1,0,0,0,0,0,0,0,1,0,0,0,0
84943490,1,1,0,0,0,15,2,0,0,1,0,0,0,0,0,0,0,1,0,0,0,0
85187337,1,1,0,0,0,15,2,0,0,1,0,0,0,0,0,0,0,1,0,0,0,0
85425444,1,1,0,0,0,15,2,0,0,1,0,0,0,0,0,0,0,1,0,0,0,0
85666333,1,1,0,0,0,15,2,0,0,1,0,0,0,0,0,0,0,1,0,0,0,0
85908096,1,1,0,0,0,15,2,0,0,1,0,0,0,0,0,0,0,1,0,0,0,0
86147250,1,1,0,0,0,15,2,0,0,1,0,0,0,0,0,0,0,1,0,0,0,0
86389065,1,1,0,0,0,15,2,0,0,1,0,0,0,0,0,0,0,1,0,0,0,0
86631757,1,1,0,0,0,15,2,0,0,1,0,0,0,0,0,0,0,1,0,0,0,0
86872382,1,1,0,0,0,15,2,0,0,1,0,0,0,0,0,0,0,1,0,0,0,0
87112337,1,1,0,0,0,15,2,0,0,1,0,0,0,0,0,0,0,1,0,0,0,0
87350366,1,1,0,0,0,15,2,0,0,1,0,0,0,0,0,0,0,1,0,0,0,0
87591243,1,1,0,0,0,15,2,0,0,1,0,0,0,0,0,0,0,1,0,0,0,0
87833171,1,1,0,0,0,15,2,0,0,1,0,0,0,0,0,0,0,1,0,0,0,0
88072303,1,1,0,0,0,15,2,0,0,1,0,0,0,0,0,0,0,1,0,0,0,0
88313727,1,1,0,0,0,15,2,0,0,1,0,0,0,0,0,0,0,1,0,0,0,0
88553009,1,1,0,0,0,15,2,0,0,1,0,0,0,0,0,0,0,1,0,0,0,0
88794384,1,1,0,0,0,15,2,0,0,1,0,0,0,0,0,0,0,1,0,0,0,0
89035975,1,1,0,0,0,15,2,0,0,1,0,0,0,0,0,0,0,1,0,0,0,0
89275385,1,1,0,0,0,15,2,0,0,1,0,0,0,0,0,0,0,1,0,0,0,0
89515452,1,1,0,0,0,15,2,0,0,1,0,0,0,0,0,0,0,1,0,0,0,0
89759510,1,1,0,0,0,15,2,0,0,1,0,0,0,0,0,0,0,1,0,0,0,0
90000415,1,1,0,0,0,15,2,0,0,1,0,0,0,0,0,0,0,1,0,0,0,0
90239604,1,1,0,0,0,15,2,0,0,1,0,0,0,0,0,0,0,1,0,0,0,0
90479543,1,1,0,0,0,15,2,0,0,1,0,0,0,0,0,0,0,1,0,0,0,0
90720241,1,1,0,0,0,15,2,0,0,1,0,0,0,0,0,0,0,1,0,0,0,0
90962386,1,1,0,0,0,15,2,0,0,1,0,0,0,0,0,0,0,1,0,0,0,0
91200373,1,1,0,0,0,15,2,0,0,1,0,0,0,0,0,0,0,1,0,0,0,0
91443596,1,1,0,0,0,15,2,0,0,1,0,0,0,0,0,0,0,1,0,0,0,0
91682506,1,1,0,0,0,15,2,0,0,1,0,0,0,0,0,0,0,1,0,0,0,0
91922466,1,1,0,0,0,15,2,0,0,1,0,0,0,0,0,0,0,1,0,0,0,0
92164088,1,1,0,0,0,15,2,0,0,1,0,0,0,0,0,0,0,1,0,0,0,0
92403055,1,1,0,0,0,15,2,0,0,1,0,0,0,0,0,0,0,1,0,0,0,0
92644267,1,1,0,0,0,15,2,0,0,1,0,0,0,0,0,0,0,1,0,0,0,0
92885552,1,1,0,0,0,15,2,0,0,1,0,0,0,0,0,0,0,1,0,0,0,0
93125262,1,1,0,0,0,15,2,0,0,1,0,0,0,0,0,0,0,1,0,0,0,0
93365430,1,1,0,0,0,15,2,0,0,1,0,0,0,0,0,0,0,1,0,0,0,0
93607256,1,1,0,0,0,15,2,0,0,1,0,0,0,0,0,0,0,1,0,0,0,0
93847455,1,1,0,0,0,15,2,0,0,1,0,0,0,0,0,0,0,1,0,0,0,0
94088864,1,1,0,0,0,15,2,0,0,1,0,0,0,0,0,0,0,1,0,0,0,0
94328404,1,1,0,0,0,15,2,0,0,1,0,0,0,0,0,0,0,1,0,0,0,0
94571451,1,1,0,0,0,15,2,0,0,1,0,0,0,0,0,0,0,1,0,0,0,0
94812138,1,1,0,0,0,15,2,0,0,1,0,0,0,0,0,0,0,1,0,0,0,0
95050502,1,1,0,0,0,15,2,0,0,1,0,0,0,0,0,0,0,1,0,0,0,0
95290283,1,1,0,0,0,15,2,0,0,1,0,0,0,0,0,0,0,1,0,0,0,0
95532150,1,1,0,0,0,15,2,0,0,1,0,0,0,0,0,0,0,1,0,0,0,0
95772220,1,1,0,0,0,15,2,0,0,1,0,0,0,0,0,0,0,1,0,0,0,0
96015486,1,1,0,0,0,15,2,0,0,1,0,0,0,0,0,0,0,1,0,0,0,0
96253161,1,1,0,0,0,15,2,0,0,1,0,0,0,0,0,0,0,1,0,0,0,0
96493629,1,1,0,0,0,15,2,0,0,1,0,0,0,0,0,0,0,1,0,0,0,0
96735375,1,1,0,0,0,15,2,0,0,1,0,0,0,0,0,0,0,1,0,0,0,0
96975386,1,1,0,0,0,15,2,0,0,1,0,0,0,0,0,0,0,1,0,0,0,0
97216906,1,1,0,0,0,15,2,0,0,1,0,0,0,0,0,0,0,1,0,0,0,0
97456759,1,1,0,0,0,15,2,0,0,1,0,0,0,0,0,0,0,1,0,0,0,0
97699468,1,1,0,0,0,15,2,0,0,1,0,0,0,0,0,0,0,1,0,0,0,0
97938622,1,1,0,0,0,15,2,0,0,1,0,0,0,0,0,0,0,1,0,0,0,0
98177671,1,1,0,0,0,15,2,0,0,1,0,0,0,0,0,0,0,1,0,0,0,0
98418413,1,1,0,0,0,15,2,0,0,1,0,0,0,0,0,0,0,1,0,0,0,0
98660049,1,1,0,0,0,15,2,0,0,1,0,0,0,0,0,0,0,1,0,0,0,0
98899491,1,1,0,0,0,15,2,0,0,1,0,0,0,0,0,0,0,1,0,0,0,0
99141589,1,1,0,0,0,15,2,0,0,1,0,0,0,0,0,0,0,1,0,0,0,0
99381907,1,1,0,0,0,15,2,0,0,1,0,0,0,0,0,0,0,1,0,0,0,0
99622340,1,1,0,0,0,15,2,0,0,1,0,0,0,0,0,0,0,1,0,0,0,0
99865380,1,1,0,0,0,15,2,0,0,1,0,0,0,0,0,0,0,1,0,0,0,0
100103215,1,1,0,0,0,15,2,0,0,1,0,0,0,0,0,0,0,1,0,0,0,0
100343304,1,1,0,0,0,15,2,0,0,1,0,0,0,0,0,0,0,1,0,0,0,0
100586473,1,1,0,0,0,15,2,0,0,1,0,0,0,0,0,0,0,1,0,0,0,0
100824346,1,1,0,0,0,15,2,0,0,1,0,0,0,0,0,0,0,1,0,0,0,0
101066278,1,1,0,0,0,15,2,0,0,1,0,0,0,0,0,0,0,1,0,0,0,0
101306362,1,1,0,0,0,15,2,0,0,1,0,0,0,0,0,0,0,1,0,0,0,0
101546411,1,1,0,0,0,15,2,0,0,1,0,0,0,0,0,0,0,1,0,0,0,0
101788247,1,1,0,0,0,15,2,0,0,1,0,0,0,0,0,0,0,1,0,0,0,0
102028264,1,1,0,0,0,15,2,0,0,1,0,0,0,0,0,0,0,1,0,0,0,0
102267511,1,1,0,0,0,15,2,0,0,1,0,0,0,0,0,0,0,1,0,0,0,0
102509720,1,1,0,0,0,15,2,0,0,1,0,0,0,0,0,0,0,1,0,0,0,0
102749373,1,1,0,0,0,15,2,0,0,1,0,0,0,0,0,0,0,1,0,0,0,0
102991453,1,1,0,0,0,15,2,0,0,1,0,0,0,0,0,0,0,1,0,0,0,0
103231548,1,1,0,0,0,15,2,0,0,1,0,0,0,0,0,0,0,1,0,0,0,0
103471284,1,1,0,0,0,15,2,0,0,1,0,0,0,0,0,0,0,1,0,0,0,0
103713230,1,1,0,0,0,15,2,0,0,1,0,0,0,0,0,0,0,1,0,0,0,0
103952637,1,1,0,0,0,15,2,0,0,1,0,0,0,0,0,0,0,1,0,0,0,0
104195545,1,1,0,0,0,15,2,0,0,1,0,0,0,0,0,0,0,1,0,0,0,0
104434557,1,1,0,0,0,15,2,0,0,1,0,0,0,0,0,0,0,1,0,0,0,0
104673867,1,1,0,0,0,15,2,0,0,1,0,0,0,0,0,0,0,1,0,0,0,0
104914630,1,1,0,0,0,15,2,0,0,1,0,0,0,0,0,0,0,1,0,0,0,0
105156102,1,1,0,0,0,15,2,0,0,1,0,0,0,0,0,0,0,1,0,0,0,0
105395588,1,1,0,0,0,15,2,0,0,1,0,0,0,0,0,0,0,1,0,0,0,0
105639633,1,1,0,0,0,15,2,0,0,1,0,0,0,0,0,0,0,1,0,0,0,0
105879368,1,1,0,0,0,15,2,0,0,1,0,0,0,0,0,0,0,1,0,0,0,0
106117438,1,1,0,0,0,15,2,0,0,1,0,0,0,0,0,0,0,1,0,0,0,0
106361366,1,1,0,0,0,15,2,0,0,1,0,0,0,0,0,0,0,1,0,0,0,0
106590586,1,1,0,0,0,15,2,0,0,1,0,0,0,0,0,0,0,1,0,0,0,0
106827491,1,1,0,0,0,15,2,0,0,1,0,0,0,0,0,0,0,1,0,0,0,0
107068251,1,1,0,0,0,15,2,0,0,1,0,0,0,0,0,0,0,1,0,0,0,0
107309787,1,1,0,0,0,15,2,0,0,1,0,0,0,0,0,0,0,1,0,0,0,0
107552192,1,1,0,0,0,15,2,0,0,1,0,0,0,0,0,0,0,1,0,0,0,0
107792251,1,1,0,0,0,15,2,0,0,1,0,0,0,0,0,0,0,1,0,0,0,0
108031334,1,1,0,0,0,15,2,0,0,1,0,0,0,0,0,0,0,1,0,0,0,0
108271456,1,1,0,0,0,15,2,0,0,1,0,0,0,0,0,0,0,1,0,0,0,0
108512935,1,1,0,0,0,15,2,0,0,1,0,0,0,0,0,0,0,1,0,0,0,0
108752218,1,1,0,0,0,15,2,0,0,1,0,0,0,0,0,0,0,1,0,0,0,0
108992612,1,1,0,0,0,15,2,0,0,1,0,0,0,0,0,0,0,1,0,0,0,0
109234587,1,1,0,0,0,15,2,0,0,1,0,0,0,0,0,0,0,1,0,0,0,0
109474452,1,1,0,0,0,15,2,0,0,1,0,0,0,0,0,0,0,1,0,0,0,0
109715397,1,1,0,0,0,15,2,0,0,1,0,0,0,0,0,0,0,1,0,0,0,0
109956305,1,1,0,0,0,15,2,0,0,1,0,0,0,0,0,0,0,1,0,0,0,0
110195601,1,1,0,0,0,15,2,0,0,1,0,0,0,0,0,0,0,1,0,0,0,0
110436805,1,1,0,0,0,15,2,0,0,1,0,0,0,0,0,0,0,1,0,0,0,0
110676580,1,1,0,0,0,15,2,0,0,1,0,0,0,0,0,0,0,1,0,0,0,0
110920291,1,1,0,0,0,15,2,0,0,1,0,0,0,0,0,0,0,1,0,0,0,0
111159439,1,1,0,0,0,15,2,0,0,1,0,0,0,0,0,0,0,1,0,0,0,0
111398414,1,1,0,0,0,15,2,0,0,1,0,0,0,0,0,0,0,1,0,0,0,0
111642075,1,1,0,0,0,15,2,0,0,1,0,0,0,0,0,0,0,1,0,0,0,0
111881157,1,1,0,0,0,15,2,0,0,1,0,0,0,0,0,0,0,1,0,0,0,0
112120427,1,1,0,0,0,15,2,0,0,1,0,0,0,0,0,0,0,1,0,0,0,0
112363454,1,1,0,0,0,15,2,0,0,1,0,0,0,0,0,0,0,1,0,0,0,0
112601408,1,1,0,0,0,15,2,0,0,1,0,0,0,0,0,0,0,1,0,0,0,0
112843060,1,1,0,0,0,15,2,0,0,1,0,0,0,0,0,0,0,1,0,0,0,0
113083251,1,1,0,0,0,15,2,0,0,1,0,0,0,0,0,0,0,1,0,0,0,0
113323275,1,1,0,0,0,15,2,0,0,1,0,0,0,0,0,0,0,1,0,0,0,0
113564930,1,1,0,0,0,15,2,0,0,1,0,0,0,0,0,0,0,1,0,0,0,0
113805880,1,1,0,0,0,15,2,0,0,1,0,0,0,0,0,0,0,1,0,0,0,0
114045351,1,1,0,0,0,15,2,0,0,1,0,0,0,0,0,0,0,1,0,0,0,0
114286496,1,1,0,0,0,15,2,0,0,1,0,0,0,0,0,0,0,1,0,0,0,0
114526316,1,1,0,0,0,15,2,0,0,1,0,0,0,0,0,0,0,1,0,0,0,0
114767448,1,1,0,0,0,15,2,0,0,1,0,0,0,0,0,0,0,1,0,0,0,0
115008401,1,1,0,0,0,15,2,0,0,1,0,0,0,0,0,0,0,1,0,0,0,0
115248458,1,1,0,0,0,15,2,0,0,1,0,0,0,0,0,0,0,1,0,0,0,0
115487368,1,1,0,0,0,15,2,0,0,1,0,0,0,0,0,0,0,1,0,0,0,0
115727522,1,1,0,0,0,15,2,0,0,1,0,0,0,0,0,0,0,1,0,0,0,0
115965347,1,1,0,0,0,15,2,0,0,1,0,0,0,0,0,0,0,1,0,0,0,0
116207449,1,1,0,0,0,15,2,0,0,1,0,0,0,0,0,0,0,1,0,0,0,0
116447672,1,1,0,0,0,15,2,0,0,1,0,0,0,0,0,0,0,1,0,0,0,0
116688030,1,1,0,0,0,15,2,0,0,1,0,0,0,0,0,0,0,1,0,0,0,0
116927655,1,1,0,0,0,15,2,0,0,1,0,0,0,0,0,0,0,1,0,0,0,0
117167537,1,1,0,0,0,15,2,0,0,1,0,0,0,0,0,0,0,1,0,0,0,0
117406636,1,1,0,0,0,15,2,0,0,1,0,0,0,0,0,0,0,1,0,0,0,0
117646046,1,1,0,0,0,15,2,0,0,1,0,0,0,0,0,0,0,1,0,0,0,0
117887649,1,1,0,0,0,15,2,0,0,1,0,0,0,0,0,0,0,1,0,0,0,0
118127623,1,1,0,0,0,15,2,0,0,1,0,0,0,0,0,0,0,1,0,0,0,0
118367376,1,1,0,0,0,15,2,0,0,1,0,0,0,0,0,0,0,1,0,0,0,0
118609267,1,1,0,0,0,15,2,0,0,1,0,0,0,0,0,0,0,1,0,0,0,0
118847377,1,1,0,0,0,15,2,0,0,1,0,0,0,0,0,0,0,1,0,0,0,0
119088547,1,1,0,0,0,15,2,0,0,1,0,0,0,0,0,0,0,1,0,0,0,0
119328752,1,1,0,0,0,15,2,0,0,1,0,0,0,0,0,0,0,1,0,0,0,0
119566382,1,1,0,0,0,15,2,0,0,1,0,0,0,0,0,0,0,1,0,0,0,0
119808263,1,1,0,0,0,15,2,0,0,1,0,0,0,0,0,0,0,1,0,0,0,0
120047617,1,1,0,0,0,15,2,0,0,1,0,0,0,0,0,0,0,1,0,0,0,0
120288960,1,1,0,0,0,15,2,0,0,1,0,0,0,0,0,0,0,1,0,0,0,0
120527505,1,1,0,0,0,15,2,0,0,1,0,0,0,0,0,0,0,1,0,0,0,0
120766594,1,1,0,0,0,15,2,0,0,1,0,0,0,0,0,0,0,1,0,0,0,0
121008607,1,1,0,0,0,15,2,0,0,1,0,0,0,0,0,0,0,1,0,0,0,0
121246759,1,1,0,0,0,15,2,0,0,1,0,0,0,0,0,0,0,1,0,0,0,0
121487916,1,1,0,0,0,15,2,0,0,1,0,0,0,0,0,0,0,1,0,0,0,0
121727236,1,1,0,0,0,15,2,0,0,1,0,0,0,0,0,0,0,1,0,0,0,0
121967575,1,1,0,0,0,15,2,0,0,1,0,0,0,0,0,0,0,1,0,0,0,0
122207518,1,1,0,0,0,15,2,0,0,1,0,0,0,0,0,0,0,1,0,0,0,0
122445674,1,1,0,0,0,15,2,0,0,1,0,0,0,0,0,0,0,1,0,0,0,0
122686620,1,1,0,0,0,15,2,0,0,1,0,0,0,0,0,0,0,1,0,0,0,0
122926368,1,1,0,0,0,15,2,0,0,1,0,0,0,0,0,0,0,1,0,0,0,0
123167434,1,1,0,0,0,15,2,0,0,1,0,0,0,0,0,0,0,1,0,0,0,0
123408414,1,1,0,0,0,15,2,0,0,1,0,0,0,0,0,0,0,1,0,0,0,0
123648299,1,1,0,0,0,15,2,0,0,1,0,0,0,0,0,0,0,1,0,0,0,0
123887247,1,1,0,0,0,15,2,0,0,1,0,0,0,0,0,0,0,1,0,0,0,0
124127571,1,1,0,0,0,15,2,0,0,1,0,0,0,0,0,0,0,1,0,0,0,0
124365483,1,1,0,0,0,15,2,0,0,1,0,0,0,0,0,0,0,1,0,0,0,0
124607205,1,1,0,0,0,15,2,0,0,1,0,0,0,0,0,0,0,1,0,0,0,0
124847674,1,1,0,0,0,15,2,0,0,1,0,0,0,0,0,0,0,1,0,0,0,0
125088175,1,1,0,0,0,15,2,0,0,1,0,0,0,0,0,0,0,1,0,0,0,0
125327561,1,1,0,0,0,15,2,0,0,1,0,0,0,0,0,0,0,1,0,0,0,0
125569339,1,1,0,0,0,15,2,0,0,1,0,0,0,0,0,0,0,1,0,0,0,0
125809610,1,1,0,0,0,15,2,0,0,1,0,0,0,0,0,0,0,1,0,0,0,0
126050043,1,1,0,0,0,15,2,0,0,1,0,0,0,0,0,0,0,1,0,0,0,0
126291349,1,1,0,0,0,15,2,0,0,1,0,0,0,0,0,0,0,1,0,0,0,0
126531845,1,1,0,0,0,15,2,0,0,1,0,0,0,0,0,0,0,1,0,0,0,0
126771236,1,1,0,0,0,15,2,0,0,1,0,0,0,0,0,0,0,1,0,0,0,0
127012905,1,1,0,0,0,15,2,0,0,1,0,0,0,0,0,0,0,1,0,0,0,0
127251511,1,1,0,0,0,15,2,0,0,1,0,0,0,0,0,0,0,1,0,0,0,0
127490523,1,1,0,0,0,15,2,0,0,1,0,0,0,0,0,0,0,1,0,0,0,0
127730633,1,1,0,0,0,15,2,0,0,1,0,0,0,0,0,0,0,1,0,0,0,0
127966380,1,1,0,0,0,15,2,0,0,1,0,0,0,0,0,0,0,1,0,0,0,0
128208066,1,1,0,0,0,15,2,0,0,1,0,0,0,0,0,0,0,1,0,0,0,0
128447427,1,1,0,0,0,15,2,0,0,1,0,0,0,0,0,0,0,1,0,0,0,0
128689258,1,1,0,0,0,15,2,0,0,1,0,0,0,0,0,0,0,1,0,0,0,0
128928083,1,1,0,0,0,15,2,0,0,1,0,0,0,0,0,0,0,1,0,0,0,0
129168604,1,1,0,0,0,15,2,0,0,1,0,0,0,0,0,0,0,1,0,0,0,0
129410690,1,1,0,0,0,15,2,0,0,1,0,0,0,0,0,0,0,1,0,0,0,0
129646447,1,1,0,0,0,15,2,0,0,1,0,0,0,0,0,0,0,1,0,0,0,0
129887835,1,1,0,0,0,15,2,0,0,1,0,0,0,0,0,0,0,1,0,0,0,0
130127221,1,1,0,0,0,15,2,0,0,1,0,0,0,0,0,0,0,1,0,0,0,0
130368320,1,1,0,0,0,15,2,0,0,1,0,0,0,0,0,0,0,1,0,0,0,0
130609798,1,1,0,0,0,15,2,0,0,1,0,0,0,0,0,0,0,1,0,0,0,0
130851379,1,1,0,0,0,15,2,0,0,1,0,0,0,0,0,0,0,1,0,0,0,0
131090694,1,1,0,0,0,15,2,0,0,1,0,0,0,0,0,0,0,1,0,0,0,0
131331470,1,1,0,0,0,15,2,0,0,1,0,0,0,0,0,0,0,1,0,0,0,0
131570424,1,1,0,0,0,15,2,0,0,1,0,0,0,0,0,0,0,1,0,0,0,0
131808205,1,1,0,0,0,15,2,0,0,1,0,0,0,0,0,0,0,1,0,0,0,0
132047563,1,1,0,0,0,15,2,0,0,1,0,0,0,0,0,0,0,1,0,0,0,0
132288936,1,1,0,0,0,15,2,0,0,1,0,0,0,0,0,0,0,1,0,0,0,0
132531272,1,1,0,0,0,15,2,0,0,1,0,0,0,0,0,0,0,1,0,0,0,0
132768559,1,1,0,0,0,15,2,0,0,1,0,0,0,0,0,0,0,1,0,0,0,0
133007342,1,1,0,0,0,15,2,0,0,1,0,0,0,0,0,0,0,1,0,0,0,0
133246699,1,1,0,0,0,15,2,0,0,1,0,0,0,0,0,0,0,1,0,0,0,0
133488037,1,1,0,0,0,15,2,0,0,1,0,0,0,0,0,0,0,1,0,0,0,0
133727354,1,1,0,0,0,15,2,0,0,1,0,0,0,0,0,0,0,1,0,0,0,0
133967615,1,1,0,0,0,15,2,0,0,1,0,0,0,0,0,0,0,1,0,0,0,0
134209527,1,1,0,0,0,15,2,0,0,1,0,0,0,0,0,0,0,1,0,0,0,0
134449922,1,1,0,0,0,15,2,0,0,1,0,0,0,0,0,0,0,1,0,0,0,0
134690494,1,1,0,0,0,15,2,0,0,1,0,0,0,0,0,0,0,1,0,0,0,0
134926377,1,1,0,0,0,15,2,0,0,1,0,0,0,0,0,0,0,1,0,0,0,0
135166873,1,1,0,0,0,15,2,0,0,1,0,0,0,0,0,0,0,1,0,0,0,0
135408032,1,1,0,0,0,15,2,0,0,1,0,0,0,0,0,0,0,1,0,0,0,0
135648623,1,1,0,0,0,15,2,0,0,1,0,0,0,0,0,0,0,1,0,0,0,0
135889509,1,1,0,0,0,15,2,0,0,1,0,0,0,0,0,0,0,1,0,0,0,0
136128651,1,1,0,0,0,15,2,0,0,1,0,0,0,0,0,0,0,1,0,0,0,0
136368429,1,1,0,0,0,15,2,0,0,1,0,0,0,0,0,0,0,1,0,0,0,0
136607473,1,1,0,0,0,15,2,0,0,1,0,0,0,0,0,0,0,1,0,0,0,0
136847534,1,1,0,0,0,15,2,0,0,1,0,0,0,0,0,0,0,1,0,0,0,0
137088161,1,1,0,0,0,15,2,0,0,1,0,0,0,0,0,0,0,1,0,0,0,0
137327585,1,1,0,0,0,15,2,0,0,1,0,0,0,0,0,0,0,1,0,0,0,0
137568437,1,1,0,0,0,15,2,0,0,1,0,0,0,0,0,0,0,1,0,0,0,0
137811453,1,1,0,0,0,15,2,0,0,1,0,0,0,0,0,0,0,1,0,0,0,0
138050262,1,1,0,0,0,15,2,0,0,1,0,0,0,0,0,0,0,1,0,0,0,0
138287578,1,1,0,0,0,15,2,0,0,1,0,0,0,0,0,0,0,1,0,0,0,0
138523402,1,1,0,0,0,15,2,0,0,1,0,0,0,0,0,0,0,1,0,0,0,0
138757730,1,1,0,0,0,15,2,0,0,1,0,0,0,0,0,0,0,1,0,0,0,0
138995577,1,1,0,0,0,15,2,0,0,1,0,0,0,0,0,0,0,1,0,0,0,0
139236705,1,1,0,0,0,15,2,0,0,1,0,0,0,0,0,0,0,1,0,0,0,0
139475306,1,1,0,0,0,15,2,0,0,1,0,0,0,0,0,0,0,1,0,0,0,0
139714338,1,1,0,0,0,15,2,0,0,1,0,0,0,0,0,0,0,1,0,0,0,0
139955257,1,1,0,0,0,15,2,0,0,1,0,0,0,0,0,0,0,1,0,0,0,0
140194418,1,1,0,0,0,15,2,0,0,1,0,0,0,0,0,0,0,1,0,0,0,0
140436328,1,1,0,0,0,15,2,0,0,1,0,0,0,0,0,0,0,1,0,0,0,0
140675422,1,1,0,0,0,15,2,0,0,1,0,0,0,0,0,0,0,1,0,0,0,0
140915484,1,1,0,0,0,15,2,0,0,1,0,0,0,0,0,0,0,1,0,0,0,0
141159297,1,1,0,0,0,15,2,0,0,1,0,0,0,0,0,0,0,1,0,0,0,0
141397502,1,1,0,0,0,15,2,0,0,1,0,0,0,0,0,0,0,1,0,0,0,0
141640052,1,1,0,0,0,15,2,0,0,1,0,0,0,0,0,0,0,1,0,0,0,0
141874369,1,1,0,0,0,15,2,0,0,1,0,0,0,0,0,0,0,1,0,0,0,0
142116157,1,1,0,0,0,15,2,0,0,1,0,0,0,0,0,0,0,1,0,0,0,0
142356185,1,1,0,0,0,15,2,0,0,1,0,0,0,0,0,0,0,1,0,0,0,0
142595612,1,1,0,0,0,15,2,0,0,1,0,0,0,0,0,0,0,1,0,0,0,0
142835321,1,1,0,0,0,15,2,0,0,1,0,0,0,0,0,0,0,1,0,0,0,0
143075592,1,1,0,0,0,15,2,0,0,1,0,0,0,0,0,0,0,1,0,0,0,0
143314753,1,1,0,0,0,15,2,0,0,1,0,0,0,0,0,0,0,1,0,0,0,0
143551539,1,1,0,0,0,15,2,0,0,1,0,0,0,0,0,0,0,1,0,0,0,0
143791448,1,1,0,0,0,15,2,0,0,1,0,0,0,0,0,0,0,1,0,0,0,0
144032177,1,1,0,0,0,15,2,0,0,1,0,0,0,0,0,0,0,1,0,0,0,0
144271624,1,1,0,0,0,15,2,0,0,1,0,0,0,0,0,0,0,1,0,0,0,0
144513996,1,1,0,0,0,15,2,0,0,1,0,0,0,0,0,0,0,1,0,0,0,0
144752303,1,1,0,0,0,15,2,0,0,1,0,0,0,0,0,0,0,1,0,0,0,0
144993627,1,1,0,0,0,15,2,0,0,1,0,0,0,0,0,0,0,1,0,0,0,0
145235431,1,1,0,0,0,15,2,0,0,1,0,0,0,0,0,0,0,1,0,0,0,0
145474529,1,1,0,0,0,15,2,0,0,1,0,0,0,0,0,0,0,1,0,0,0,0
145716321,1,1,0,0,0,15,2,0,0,1,0,0,0,0,0,0,0,1,0,0,0,0
145956979,1,1,0,0,0,15,2,0,0,1,0,0,0,0,0,0,0,1,0,0,0,0
146196220,1,1,0,0,0,15,2,0,0,1,0,0,0,0,0,0,0,1,0,0,0,0
146435843,1,1,0,0,0,15,2,0,0,1,0,0,0,0,0,0,0,1,0,0,0,0
146673689,1,1,0,0,0,15,2,0,0,1,0,0,0,0,0,0,0,1,0,0,0,0
146916390,1,1,0,0,0,15,2,0,0,1,0,0,0,0,0,0,0,1,0,0,0,0
147155152,1,1,0,0,0,15,2,0,0,1,0,0,0,0,0,0,0,1,0,0,0,0
147395302,1,1,0,0,0,15,2,0,0,1,0,0,0,0,0,0,0,1,0,0,0,0
147636021,1,1,0,0,0,15,2,0,0,1,0,0,0,0,0,0,0,1,0,0,0,0
147875342,1,1,0,0,0,15,2,0,0,1,0,0,0,0,0,0,0,1,0,0,0,0
148116365,1,1,0,0,0,15,2,0,0,1,0,0,0,0,0,0,0,1,0,0,0,0
148357850,1,1,0,0,0,15,2,0,0,1,0,0,0,0,0,0,0,1,0,0,0,0
148597605,1,1,0,0,0,15,2,0,0,1,0,0,0,0,0,0,0,1,0,0,0,0
148835066,1,1,0,0,0,15,2,0,0,1,0,0,0,0,0,0,0,1,0,0,0,0
149074730,1,1,0,0,0,15,2,0,0,1,0,0,0,0,0,0,0,1,0,0,0,0
149316020,1,1,0,0,0,15,2,0,0,1,0,0,0,0,0,0,0,1,0,0,0,0
149556825,1,1,0,0,0,15,2,0,0,1,0,0,0,0,0,0,0,1,0,0,0,0
149796246,1,1,0,0,0,15,2,0,0,1,0,0,0,0,0,0,0,1,0,0,0,0
150037555,1,1,0,0,0,15,2,0,0,1,0,0,0,0,0,0,0,1,0,0,0,0
150277449,1,1,0,0,0,15,2,0,0,1,0,0,0,0,0,0,0,1,0,0,0,0
150519218,1,1,0,0,0,15,2,0,0,1,0,0,0,0,0,0,0,1,0,0,0,0
150755438,1,1,0,0,0,15,2,0,0,1,0,0,0,0,0,0,0,1,0,0,0,0
150995303,1,1,0,0,0,15,2,0,0,1,0,0,0,0,0,0,0,1,0,0,0,0
151236729,1,1,0,0,0,15,2,0,0,1,0,0,0,0,0,0,0,1,0,0,0,0
151476336,1,1,0,0,0,15,2,0,0,1,0,0,0,0,0,0,0,1,0,0,0,0
151716409,1,1,0,0,0,15,2,0,0,1,0,0,0,0,0,0,0,1,0,0,0,0
151957779,1,1,0,0,0,15,2,0,0,1,0,0,0,0,0,0,0,1,0,0,0,0
152197381,1,1,0,0,0,15,2,0,0,1,0,0,0,0,0,0,0,1,0,0,0,0
152435285,1,1,0,0,0,15,2,0,0,1,0,0,0,0,0,0,0,1,0,0,0,0
152675341,1,1,0,0,0,15,2,0,0,1,0,0,0,0,0,0,0,1,0,0,0,0
152916104,1,1,0,0,0,15,2,0,0,1,0,0,0,0,0,0,0,1,0,0,0,0
153156825,1,1,0,0,0,15,2,0,0,1,0,0,0,0,0,0,0,1,0,0,0,0
153395780,1,1,0,0,0,15,2,0,0,1,0,0,0,0,0,0,0,1,0,0,0,0
153635452,1,1,0,0,0,15,2,0,0,1,0,0,0,0,0,0,0,1,0,0,0,0
153873452,1,1,0,0,0,15,2,0,0,1,0,0,0,0,0,0,0,1,0,0,0,0
154115456,1,1,0,0,0,15,2,0,0,1,0,0,0,0,0,0,0,1,0,0,0,0
154355352,1,1,0,0,0,15,2,0,0,1,0,0,0,0,0,0,0,1,0,0,0,0
154595223,1,1,0,0,0,15,2,0,0,1,0,0,0,0,0,0,0,1,0,0,0,0
154836979,1,1,0,0,0,15,2,0,0,1,0,0,0,0,0,0,0,1,0,0,0,0
155075469,1,1,0,0,0,15,2,0,0,1,0,0,0,0,0,0,0,1,0,0,0,0
155316466,1,1,0,0,0,15,2,0,0,1,0,0,0,0,0,0,0,1,0,0,0,0
155558483,1,1,0,0,0,15,2,0,0,1,0,0,0,0,0,0,0,1,0,0,0,0
155797267,1,1,0,0,0,15,2,0,0,1,0,0,0,0,0,0,0,1,0,0,0,0
156035405,1,1,0,0,0,15,2,0,0,1,0,0,0,0,0,0,0,1,0,0,0,0
156274377,1,1,0,0,0,15,2,0,0,1,0,0,0,0,0,0,0,1,0,0,0,0
156516221,1,1,0,0,0,15,2,0,0,1,0,0,0,0,0,0,0,1,0,0,0,0
156756681,1,1,0,0,0,15,2,0,0,1,0,0,0,0,0,0,0,1,0,0,0,0
156995909,1,1,0,0,0,15,2,0,0,1,0,0,0,0,0,0,0,1,0,0,0,0
157235287,1,1,0,0,0,15,2,0,0,1,0,0,0,0,0,0,0,1,0,0,0,0
157473443,1,1,0,0,0,15,2,0,0,1,0,0,0,0,0,0,0,1,0,0,0,0
157715211,1,1,0,0,0,15,2,0,0,1,0,0,0,0,0,0,0,1,0,0,0,0
157955427,1,1,0,0,0,15,2,0,0,1,0,0,0,0,0,0,0,1,0,0,0,0
158194723,1,1,0,0,0,15,2,0,0,1,0,0,0,0,0,0,0,1,0,0,0,0
158436834,1,1,0,0,0,15,2,0,0,1,0,0,0,0,0,0,0,1,0,0,0,0
158675543,1,1,0,0,0,15,2,0,0,1,0,0,0,0,0,0,0,1,0,0,0,0
158916657,1,1,0,0,0,15,2,0,0,1,0,0,0,0,0,0,0,1,0,0,0,0
159158288,1,1,0,0,0,15,2,0,0,1,0,0,0,0,0,0,0,1,0,0,0,0
159397455,1,1,0,0,0,15,2,0,0,1,0,0,0,0,0,0,0,1,0,0,0,0
159639182,1,1,0,0,0,15,2,0,0,1,0,0,0,0,0,0,0,1,0,0,0,0
159880924,1,1,0,0,0,15,2,0,0,1,0,0,0,0,0,0,0,1,0,0,0,0
160115982,1,1,0,0,0,15,2,0,0,1,0,0,0,0,0,0,0,1,0,0,0,0
160356896,1,1,0,0,0,15,2,0,0,1,0,0,0,0,0,0,0,1,0,0,0,0
160596671,1,1,0,0,0,15,2,0,0,1,0,0,0,0,0,0,0,1,0,0,0,0
160837831,1,1,0,0,0,15,2,0,0,1,0,0,0,0,0,0,0,1,0,0,0,0
161077578,1,1,0,0,0,15,2,0,0,1,0,0,0,0,0,0,0,1,0,0,0,0
161318308,1,1,0,0,0,15,2,0,0,1,0,0,0,0,0,0,0,1,0,0,0,0
161559395,1,1,0,0,0,15,2,0,0,1,0,0,0,0,0,0,0,1,0,0,0,0
161799249,1,1,0,0,0,15,2,0,0,1,0,0,0,0,0,0,0,1,0,0,0,0
162040091,1,1,0,0,0,15,2,0,0,1,0,0,0,0,0,0,0,1,0,0,0,0
162275222,1,1,0,0,0,15,2,0,0,1,0,0,0,0,0,0,0,1,0,0,0,0
162519314,1,1,0,0,0,15,2,0,0,1,0,0,0,0,0,0,0,1,0,0,0,0
162759378,1,1,0,0,0,15,2,0,0,1,0,0,0,0,0,0,0,1,0,0,0,0
163000272,1,1,0,0,0,15,2,0,0,1,0,0,0,0,0,0,0,1,0,0,0,0
163239379,1,1,0,0,0,15,2,0,0,1,0,0,0,0,0,0,0,1,0,0,0,0
163481244,1,1,0,0,0,15,2,0,0,1,0,0,0,0,0,0,0,1,0,0,0,0
163719284,1,1,0,0,0,15,2,0,0,1,0,0,0,0,0,0,0,1,0,0,0,0
163956790,1,1,0,0,0,15,2,0,0,1,0,0,0,0,0,0,0,1,0,0,0,0
164196230,1,1,0,0,0,15,2,0,0,1,0,0,0,0,0,0,0,1,0,0,0,0
164437556,1,1,0,0,0,15,2,0,0,1,0,0,0,0,0,0,0,1,0,0,0,0
164677591,1,1,0,0,0,15,2,0,0,1,0,0,0,0,0,0,0,1,0,0,0,0
164917530,1,1,0,0,0,15,2,0,0,1,0,0,0,0,0,0,0,1,0,0,0,0
165159441,1,1,0,0,0,15,2,0,0,1,0,0,0,0,0,0,0,1,0,0,0,0
165396242,1,1,0,0,0,15,2,0,0,1,0,0,0,0,0,0,0,1,0,0,0,0
165636378,1,1,0,0,0,15,2,0,0,1,0,0,0,0,0,0,0,1,0,0,0,0
165875323,1,1,0,0,0,15,2,0,0,1,0,0,0,0,0,0,0,1,0,0,0,0
166116411,1,1,0,0,0,15,2,0,0,1,0,0,0,0,0,0,0,1,0,0,0,0
166359243,1,1,0,0,0,15,2,0,0,1,0,0,0,0,0,0,0,1,0,0,0,0
166597462,1,1,0,0,0,15,2,0,0,1,0,0,0,0,0,0,0,1,0,0,0,0
166832932,1,1,0,0,0,15,2,0,0,1,0,0,0,0,0,0,0,1,0,0,0,0
167069217,1,1,0,0,0,15,2,0,0,1,0,0,0,0,0,0,0,1,0,0,0,0
167304058,1,1,0,0,0,15,2,0,0,1,0,0,0,0,0,0,0,1,0,0,0,0
167543508,1,1,0,0,0,15,2,0,0,1,0,0,0,0,0,0,0,1,0,0,0,0
167784818,1,1,0,0,0,15,2,0,0,1,0,0,0,0,0,0,0,1,0,0,0,0
168024401,1,1,0,0,0,15,2,0,0,1,0,0,0,0,0,0,0,1,0,0,0,0
168267323,1,1,0,0,0,15,2,0,0,1,0,0,0,0,0,0,0,1,0,0,0,0
168508331,1,1,0,0,0,15,2,0,0,1,0,0,0,0,0,0,0,1,0,0,0,0
168746464,1,1,0,0,0,15,2,0,0,1,0,0,0,0,0,0,0,1,0,0,0,0
168989018,1,1,0,0,0,15,2,0,0,1,0,0,0,0,0,0,0,1,0,0,0,0
169222706,1,1,0,0,0,15,2,0,0,1,0,0,0,0,0,0,0,1,0,0,0,0
169464958,1,1,0,0,0,15,2,0,0,1,0,0,0,0,0,0,0,1,0,0,0,0
169704753,1,1,0,0,0,15,2,0,0,1,0,0,0,0,0,0,0,1,0,0,0,0
169947487,1,1,0,0,0,15,2,0,0,1,0,0,0,0,0,0,0,1,0,0,0,0
170186525,1,1,0,0,0,15,2,0,0,1,0,0,0,0,0,0,0,1,0,0,0,0
170428468,1,1,0,0,0,15,2,0,0,1,0,0,0,0,0,0,0,1,0,0,0,0
170666385,1,1,0,0,0,15,2,0,0,1,0,0,0,0,0,0,0,1,0,0,0,0
170905692,1,1,0,0,0,15,2,0,0,1,0,0,0,0,0,0,0,1,0,0,0,0
171143217,1,1,0,0,0,15,2,0,0,1,0,0,0,0,0,0,0,1,0,0,0,0
171384949,1,1,0,0,0,15,2,0,0,1,0,0,0,0,0,0,0,1,0,0,0,0
171624305,1,1,0,0,0,15,2,0,0,1,0,0,0,0,0,0,0,1,0,0,0,0
171865762,1,1,0,0,0,15,2,0,0,1,0,0,0,0,0,0,0,1,0,0,0,0
172106506,1,1,0,0,0,15,2,0,0,1,0,0,0,0,0,0,0,1,0,0,0,0
172346332,1,1,0,0,0,15,2,0,0,1,0,0,0,0,0,0,0,1,0,0,0,0
172587392,1,1,0,0,0,15,2,0,0,1,0,0,0,0,0,0,0,1,0,0,0,0
172823246,1,1,0,0,0,15,2,0,0,1,0,0,0,0,0,0,0,1,0,0,0,0
173064812,1,1,0,0,0,15,2,0,0,1,0,0,0,0,0,0,0,1,0,0,0,0
173306468,1,1,0,0,0,15,2,0,0,1,0,0,0,0,0,0,0,1,0,0,0,0
173547754,1,1,0,0,0,15,2,0,0,1,0,0,0,0,0,0,0,1,0,0,0,0
173787189,1,1,0,0,0,15,2,0,0,1,0,0,0,0,0,0,0,1,0,0,0,0
174025502,1,1,0,0,0,15,2,0,0,1,0,0,0,0,0,0,0,1,0,0,0,0
174265366,1,1,0,0,0,15,2,0,0,1,0,0,0,0,0,0,0,1,0,0,0,0
174505620,1,1,0,0,0,15,2,0,0,1,0,0,0,0,0,0,0,1,0,0,0,0
174743401,1,1,0,0,0,15,2,0,0,1,0,0,0,0,0,0,0,1,0,0,0,0
174984452,1,1,0,0,0,15,2,0,0,1,0,0,0,0,0,0,0,1,0,0,0,0
175223568,1,1,0,0,0,15,2,0,0,1,0,0,0,0,0,0,0,1,0,0,0,0
175465765,1,1,0,0,0,15,2,0,0,1,0,0,0,0,0,0,0,1,0,0,0,0
175707447,1,1,0,0,0,15,2,0,0,1,0,0,0,0,0,0,0,1,0,0,0,0
175945502,1,1,0,0,0,15,2,0,0,1,0,0,0,0,0,0,0,1,0,0,0,0
176187501,1,1,0,0,0,15,2,0,0,1,0,0,0,0,0,0,0,1,0,0,0,0
176426418,1,1,0,0,0,15,2,0,0,1,0,0,0,0,0,0,0,1,0,0,0,0
176663875,1,1,0,0,0,15,2,0,0,1,0,0,0,0,0,0,0,1,0,0,0,0
176903446,1,1,0,0,0,15,2,0,0,1,0,0,0,0,0,0,0,1,0,0,0,0
177143631,1,1,0,0,0,15,2,0,0,1,0,0,0,0,0,0,0,1,0,0,0,0
177385483,1,1,0,0,0,15,2,0,0,1,0,0,0,0,0,0,0,1,0,0,0,0
177625452,1,1,0,0,0,15,2,0,0,1,0,0,0,0,0,0,0,1,0,0,0,0
177868436,1,1,0,0,0,15,2,0,0,1,0,0,0,0,0,0,0,1,0,0,0,0
178102388,1,1,0,0,0,15,2,0,0,1,0,0,0,0,0,0,0,1,0,0,0,0
178343218,1,1,0,0,0,15,2,0,0,1,0,0,0,0,0,0,0,1,0,0,0,0
178584256,1,1,0,0,0,15,2,0,0,1,0,0,0,0,0,0,0,1,0,0,0,0
178823606,1,1,0,0,0,15,2,0,0,1,0,0,0,0,0,0,0,1,0,0,0,0
179064730,1,1,0,0,0,15,2,0,0,1,0,0,0,0,0,0,0,1,0,0,0,0
179307517,1,1,0,0,0,15,2,0,0,1,0,0,0,0,0,0,0,1,0,0,0,0
179545564,1,1,0,0,0,15,2,0,0,1,0,0,0,0,0,0,0,1,0,0,0,0
179787084,1,1,0,0,0,15,2,0,0,1,0,0,0,0,0,0,0,1,0,0,0,0
180026343,1,1,0,0,0,15,2,0,0,1,0,0,0,0,0,0,0,1,0,0,0,0
180264294,1,1,0,0,0,15,2,0,0,1,0,0,0,0,0,0,0,1,0,0,0,0
180503974,1,1,0,0,0,15,2,0,0,1,0,0,0,0,0,0,0,1,0,0,0,0
180744219,1,1,0,0,0,15,2,0,0,1,0,0,0,0,0,0,0,1,0,0,0,0
180985760,1,1,0,0,0,15,2,0,0,1,0,0,0,0,0,0,0,1,0,0,0,0
181227374,1,1,0,0,0,15,2,0,0,1,0,0,0,0,0,0,0,1,0,0,0,0
181466594,1,1,0,0,0,15,2,0,0,1,0,0,0,0,0,0,0,1,0,0,0,0
181707265,1,1,0,0,0,15,2,0,0,1,0,0,0,0,0,0,0,1,0,0,0,0
181946640,1,1,0,0,0,15,2,0,0,1,0,0,0,0,0,0,0,1,0,0,0,0
182187691,1,1,0,0,0,15,2,0,0,1,0,0,0,0,0,0,0,1,0,0,0,0
182425221,1,1,0,0,0,15,2,0,0,1,0,0,0,0,0,0,0,1,0,0,0,0
182664853,1,1,0,0,0,15,2,0,0,1,0,0,0,0,0,0,0,1,0,0,0,0
182907313,1,1,0,0,0,15,2,0,0,1,0,0,0,0,0,0,0,1,0,0,0,0
183147645,1,1,0,0,0,15,2,0,0,1,0,0,0,0,0,0,0,1,0,0,0,0
183386269,1,1,0,0,0,15,2,0,0,1,0,0,0,0,0,0,0,1,0,0,0,0
183626510,1,1,0,0,0,15,2,0,0,1,0,0,0,0,0,0,0,1,0,0,0,0
183869346,1,1,0,0,0,15,2,0,0,1,0,0,0,0,0,0,0,1,0,0,0,0
184108249,1,1,0,0,0,15,2,0,0,1,0,0,0,0,0,0,0,1,0,0,0,0
184343637,1,1,0,0,0,15,2,0,0,1,0,0,0,0,0,0,0,1,0,0,0,0
184584628,1,1,0,0,0,15,2,0,0,1,0,0,0,0,0,0,0,1,0,0,0,0
184824583,1,1,0,0,0,15,2,0,0,1,0,0,0,0,0,0,0,1,0,0,0,0
185066381,1,1,0,0,0,15,2,0,0,1,0,0,0,0,0,0,0,1,0,0,0,0
185308323,1,1,0,0,0,15,2,0,0,1,0,0,0,0,0,0,0,1,0,0,0,0
185546609,1,1,0,0,0,15,2,0,0,1,0,0,0,0,0,0,0,1,0,0,0,0
185787434,1,1,0,0,0,15,2,0,0,1,0,0,0,0,0,0,0,1,0,0,0,0
186027841,1,1,0,0,0,15,2,0,0,1,0,0,0,0,0,0,0,1,0,0,0,0
186266732,1,1,0,0,0,15,2,0,0,1,0,0,0,0,0,0,0,1,0,0,0,0
186504707,1,1,0,0,0,15,2,0,0,1,0,0,0,0,0,0,0,1,0,0,0,0
186744560,1,1,0,0,0,15,2,0,0,1,0,0,0,0,0,0,0,1,0,0,0,0
186986546,1,1,0,0,0,15,2,0,0,1,0,0,0,0,0,0,0,1,0,0,0,0
187228644,1,1,0,0,0,15,2,0,0,1,0,0,0,0,0,0,0,1,0,0,0,0
187465045,1,1,0,0,0,15,2,0,0,1,0,0,0,0,0,0,0,1,0,0,0,0
187702419,1,1,0,0,0,15,2,0,0,1,0,0,0,0,0,0,0,1,0,0,0,0
187943247,1,1,0,0,0,15,2,0,0,1,0,0,0,0,0,0,0,1,0,0,0,0
188185014,1,1,0,0,0,15,2,0,0,1,0,0,0,0,0,0,0,1,0,0,0,0
188423526,1,1,0,0,0,15,2,0,0,1,0,0,0,0,0,0,0,1,0,0,0,0
188667574,1,1,0,0,0,15,2,0,0,1,0,0,0,0,0,0,0,1,0,0,0,0
188908622,1,1,0,0,0,15,2,0,0,1,0,0,0,0,0,0,0,1,0,0,0,0
189148333,1,1,0,0,0,15,2,0,0,1,0,0,0,0,0,0,0,1,0,0,0,0
189388787,1,1,0,0,0,15,2,0,0,1,0,0,0,0,0,0,0,1,0,0,0,0
189626360,1,1,0,0,0,15,2,0,0,1,0,0,0,0,0,0,0,1,0,0,0,0
189869750,1,1,0,0,0,15,2,0,0,1,0,0,0,0,0,0,0,1,0,0,0,0
190109065,1,1,0,0,0,15,2,0,0,1,0,0,0,0,0,0,0,1,0,0,0,0
190347344,1,1,0,0,0,15,2,0,0,1,0,0,0,0,0,0,0,1,0,0,0,0
190587351,1,1,0,0,0,15,2,0,0,1,0,0,0,0,0,0,0,1,0,0,0,0
190824295,1,1,0,0,0,15,2,0,0,1,0,0,0,0,0,0,0,1,0,0,0,0
191064605,1,1,0,0,0,15,2,0,0,1,0,0,0,0,0,0,0,1,0,0,0,0
191302391,1,1,0,0,0,15,2,0,0,1,0,0,0,0,0,0,0,1,0,0,0,0
191543442,1,1,0,0,0,15,2,0,0,1,0,0,0,0,0,0,0,1,0,0,0,0
191784161,1,1,0,0,0,15,2,0,0,1,0,0,0,0,0,0,0,1,0,0,0,0
192024249,1,1,0,0,0,15,2,0,0,1,0,0,0,0,0,0,0,1,0,0,0,0
192265744,1,1,0,0,0,15,2,0,0,1,0,0,0,0,0,0,0,1,0,0,0,0
192507569,1,1,0,0,0,15,2,0,0,1,0,0,0,0,0,0,0,1,0,0,0,0
192744405,1,1,0,0,0,15,2,0,0,1,0,0,0,0,0,0,0,1,0,0,0,0
192983890,1,1,0,0,0,15,2,0,0,1,0,0,0,0,0,0,0,1,0,0,0,0
193222425,1,1,0,0,0,15,2,0,0,1,0,0,0,0,0,0,0,1,0,0,0,0
193464177,1,1,0,0,0,15,2,0,0,1,0,0,0,0,0,0,0,1,0,0,0,0
193702500,1,1,0,0,0,15,2,0,0,1,0,0,0,0,0,0,0,1,0,0,0,0
193943534,1,1,0,0,0,15,2,0,0,1,0,0,0,0,0,0,0,1,0,0,0,0
194185262,1,1,0,0,0,15,2,0,0,1,0,0,0,0,0,0,0,1,0,0,0,0
194427827,1,1,0,0,0,15,2,0,0,1,0,0,0,0,0,0,0,1,0,0,0,0
194666390,1,1,0,0,0,15,2,0,0,1,0,0,0,0,0,0,0,1,0,0,0,0
194908420,1,1,0,0,0,15,2,0,0,1,0,0,0,0,0,0,0,1,0,0,0,0
195146358,1,1,0,0,0,15,2,0,0,1,0,0,0,0,0,0,0,1,0,0,0,0
195388024,1,1,0,0,0,15,2,0,0,1,0,0,0,0,0,0,0,1,0,0,0,0
195626729,1,1,0,0,0,15,2,0,0,1,0,0,0,0,0,0,0,1,0,0,0,0
195870827,1,1,0,0,0,15,2,0,0,1,0,0,0,0,0,0,0,1,0,0,0,0
196109001,1,1,0,0,0,15,2,0,0,1,0,0,0,0,0,0,0,1,0,0,0,0
196347411,1,1,0,0,0,15,2,0,0,1,0,0,0,0,0,0,0,1,0,0,0,0
196586552,1,1,0,0,0,15,2,0,0,1,0,0,0,0,0,0,0,1,0,0,0,0
196828706,1,1,0,0,0,15,2,0,0,1,0,0,0,0,0,0,0,1,0,0,0,0
197063202,1,1,0,0,0,15,2,0,0,1,0,0,0,0,0,0,0,1,0,0,0,0
197302739,1,1,0,0,0,15,2,0,0,1,0,0,0,0,0,0,0,1,0,0,0,0
197542889,1,1,0,0,0,15,2,0,0,1,0,0,0,0,0,0,0,1,0,0,0,0
197784887,1,1,0,0,0,15,2,0,0,1,0,0,0,0,0,0,0,1,0,0,0,0
198023544,1,1,0,0,0,15,2,0,0,1,0,0,0,0,0,0,0,1,0,0,0,0
198265689,1,1,0,0,0,15,2,0,0,1,0,0,0,0,0,0,0,1,0,0,0,0
198508856,1,1,0,0,0,15,2,0,0,1,0,0,0,0,0,0,0,1,0,0,0,0
198748659,1,1,0,0,0,15,2,0,0,1,0,0,0,0,0,0,0,1,0,0,0,0
198987245,1,1,0,0,0,15,2,0,0,1,0,0,0,0,0,0,0,1,0,0,0,0
199226509,1,1,0,0,0,15,2,0,0,1,0,0,0,0,0,0,0,1,0,0,0,0
199469892,1,1,0,0,0,15,2,0,0,1,0,0,0,0,0,0,0,1,0,0,0,0
199709134,1,1,0,0,0,15,2,0,0,1,0,0,0,0,0,0,0,1,0,0,0,0
199948266,1,1,0,0,0,15,2,0,0,1,0,0,0,0,0,0,0,1,0,0,0,0
200187363,1,1,0,0,0,15,2,0,0,1,0,0,0,0,0,0,0,1,0,0,0,0
200425452,1,1,0,0,0,15,2,0,0,1,0,0,0,0,0,0,0,1,0,0,0,0
200665622,1,1,0,0,0,15,2,0,0,1,0,0,0,0,0,0,0,1,0,0,0,0
200908887,1,1,0,0,0,15,2,0,0,1,0,0,0,0,0,0,0,1,0,0,0,0
201147609,1,1,0,0,0,15,2,0,0,1,0,0,0,0,0,0,0,1,0,0,0,0
201388161,1,1,0,0,0,15,2,0,0,1,0,0,0,0,0,0,0,1,0,0,0,0
201627413,1,1,0,0,0,15,2,0,0,1,0,0,0,0,0,0,0,1,0,0,0,0
201870531,1,1,0,0,0,15,2,0,0,1,0,0,0,0,0,0,0,1,0,0,0,0
202109896,1,1,0,0,0,15,2,0,0,1,0,0,0,0,0,0,0,1,0,0,0,0
202348750,1,1,0,0,0,15,2,0,0,1,0,0,0,0,0,0,0,1,0,0,0,0
202588390,1,1,0,0,0,15,2,0,0,1,0,0,0,0,0,0,0,1,0,0,0,0
202826494,1,1,0,0,0,15,2,0,0,1,0,0,0,0,0,0,0,1,0,0,0,0
203067329,1,1,0,0,0,15,2,0,0,1,0,0,0,0,0,0,0,1,0,0,0,0
203308169,1,1,0,0,0,15,2,0,0,1,0,0,0,0,0,0,0,1,0,0,0,0
203547602,1,1,0,0,0,15,2,0,0,1,0,0,0,0,0,0,0,1,0,0,0,0
203788876,1,1,0,0,0,15,2,0,0,1,0,0,0,0,0,0,0,1,0,0,0,0
204031450,1,1,0,0,0,15,2,0,0,1,0,0,0,0,0,0,0,1,0,0,0,0
204272423,1,1,0,0,0,15,2,0,0,1,0,0,0,0,0,0,0,1,0,0,0,0
204512165,1,1,0,0,0,15,2,0,0,1,0,0,0,0,0,0,0,1,0,0,0,0
204746423,1,1,0,0,0,15,2,0,0,1,0,0,0,0,0,0,0,1,0,0,0,0
204987230,1,1,0,0,0,15,2,0,0,1,0,0,0,0,0,0,0,1,0,0,0,0
205227269,1,1,0,0,0,15,2,0,0,1,0,0,0,0,0,0,0,1,0,0,0,0
205470525,1,1,0,0,0,15,2,0,0,1,0,0,0,0,0,0,0,1,0,0,0,0
205708961,1,1,0,0,0,15,2,0,0,1,0,0,0,0,0,0,0,1,0,0,0,0
205947497,1,1,0,0,0,15,2,0,0,1,0,0,0,0,0,0,0,1,0,0,0,0
206187591,1,1,0,0,0,15,2,0,0,1,0,0,0,0,0,0,0,1,0,0,0,0
206428327,1,1,0,0,0,15,2,0,0,1,0,0,0,0,0,0,0,1,0,0,0,0
206669143,1,1,0,0,0,15,2,0,0,1,0,0,0,0,0,0,0,1,0,0,0,0
206909567,1,1,0,0,0,15,2,0,0,1,0,0,0,0,0,0,0,1,0,0,0,0
207147264,1,1,0,0,0,15,2,0,0,1,0,0,0,0,0,0,0,1,0,0,0,0
207388797,1,1,0,0,0,15,2,0,0,1,0,0,0,0,0,0,0,1,0,0,0,0
207627526,1,1,0,0,0,15,2,0,0,1,0,0,0,0,0,0,0,1,0,0,0,0
207867672,1,1,0,0,0,15,2,0,0,1,0,0,0,0,0,0,0,1,0,0,0,0
208106349,1,1,0,0,0,15,2,0,0,1,0,0,0,0,0,0,0,1,0,0,0,0
208345406,1,1,0,0,0,15,2,0,0,1,0,0,0,0,0,0,0,1,0,0,0,0
208587145,1,1,0,0,0,15,2,0,0,1,0,0,0,0,0,0,0,1,0,0,0,0
208826595,1,1,0,0,0,15,2,0,0,1,0,0,0,0,0,0,0,1,0,0,0,0
209069870,1,1,0,0,0,15,2,0,0,1,0,0,0,0,0,0,0,1,0,0,0,0
209308879,1,1,0,0,0,15,2,0,0,1,0,0,0,0,0,0,0,1,0,0,0,0
209547826,1,1,0,0,0,15,2,0,0,1,0,0,0,0,0,0,0,1,0,0,0,0
209787401,1,1,0,0,0,15,2,0,0,1,0,0,0,0,0,0,0,1,0,0,0,0
210027587,1,1,0,0,0,15,2,0,0,1,0,0,0,0,0,0,0,1,0,0,0,0
210266593,1,1,0,0,0,15,2,0,0,1,0,0,0,0,0,0,0,1,0,0,0,0
210507338,1,1,0,0,0,15,2,0,0,1,0,0,0,0,0,0,0,1,0,0,0,0
210746335,1,1,0,0,0,15,2,0,0,1,0,0,0,0,0,0,0,1,0,0,0,0
210988129,1,1,0,0,0,15,2,0,0,1,0,0,0,0,0,0,0,1,0,0,0,0
211227500,1,1,0,0,0,15,2,0,0,1,0,0,0,0,0,0,0,1,0,0,0,0
211470761,1,1,0,0,0,15,2,0,0,1,0,0,0,0,0,0,0,1,0,0,0,0
211709647,1,1,0,0,0,15,2,0,0,1,0,0,0,0,0,0,0,1,0,0,0,0
211948460,1,1,0,0,0,15,2,0,0,1,0,0,0,0,0,0,0,1,0,0,0,0
212188341,1,1,0,0,0,15,2,0,0,1,0,0,0,0,0,0,0,1,0,0,0,0
212426355,1,1,0,0,0,15,2,0,0,1,0,0,0,0,0,0,0,1,0,0,0,0
212669185,1,1,0,0,0,15,2,0,0,1,0,0,0,0,0,0,0,1,0,0,0,0
212908317,1,1,0,0,0,15,2,0,0,1,0,0,0,0,0,0,0,1,0,0,0,0
213146802,1,1,0,0,0,15,2,0,0,1,0,0,0,0,0,0,0,1,0,0,0,0
213389098,1,1,0,0,0,15,2,0,0,1,0,0,0,0,0,0,0,1,0,0,0,0
213627430,1,1,0,0,0,15,2,0,0,1,0,0,0,0,0,0,0,1,0,0,0,0
213867782,1,1,0,0,0,15,2,0,0,1,0,0,0,0,0,0,0,1,0,0,0,0
214108416,1,1,0,0,0,15,2,0,0,1,0,0,0,0,0,0,0,1,0,0,0,0
214347227,1,1,0,0,0,15,2,0,0,1,0,0,0,0,0,0,0,1,0,0,0,0
214587406,1,1,0,0,0,15,2,0,0,1,0,0,0,0,0,0,0,1,0,0,0,0
214826783,1,1,0,0,0,15,2,0,0,1,0,0,0,0,0,0,0,1,0,0,0,0
215069917,1,1,0,0,0,15,2,0,0,1,0,0,0,0,0,0,0,1,0,0,0,0
215310370,1,1,0,0,0,15,2,0,0,1,0,0,0,0,0,0,0,1,0,0,0,0
215547518,1,1,0,0,0,15,2,0,0,1,0,0,0,0,0,0,0,1,0,0,0,0
215787246,1,1,0,0,0,15,2,0,0,1,0,0,0,0,0,0,0,1,0,0,0,0
216027399,1,1,0,0,0,15,2,0,0,1,0,0,0,0,0,0,0,1,0,0,0,0
216268670,1,1,0,0,0,15,2,0,0,1,0,0,0,0,0,0,0,1,0,0,0,0
216509256,1,1,0,0,0,15,2,0,0,1,0,0,0,0,0,0,0,1,0,0,0,0
216746405,1,1,0,0,0,15,2,0,0,1,0,0,0,0,0,0,0,1,0,0,0,0
216988353,1,1,0,0,0,15,2,0,0,1,0,0,0,0,0,0,0,1,0,0,0,0
217228299,1,1,0,0,0,15,2,0,0,1,0,0,0,0,0,0,0,1,0,0,0,0
217470561,1,1,0,0,0,15,2,0,0,1,0,0,0,0,0,0,0,1,0,0,0,0
217711301,1,1,0,0,0,15,2,0,0,1,0,0,0,0,0,0,0,1,0,0,0,0
217950373,1,1,0,0,0,15,2,0,0,1,0,0,0,0,0,0,0,1,0,0,0,0
218192068,1,1,0,0,0,15,2,0,0,1,0,0,0,0,0,0,0,1,0,0,0,0
218427479,1,1,0,0,0,15,2,0,0,1,0,0,0,0,0,0,0,1,0,0,0,0
218669465,1,1,0,0,0,15,2,0,0,1,0,0,0,0,0,0,0,1,0,0,0,0
218908175,1,1,0,0,0,15,2,0,0,1,0,0,0,0,0,0,0,1,0,0,0,0
219147366,1,1,0,0,0,15,2,0,0,1,0,0,0,0,0,0,0,1,0,0,0,0
219388922,1,1,0,0,0,15,2,0,0,1,0,0,0,0,0,0,0,1,0,0,0,0
219628221,1,1,0,0,0,15,2,0,0,1,0,0,0,0,0,0,0,1,0,0,0,0
219871484,1,1,0,0,0,15,2,0,0,1,0,0,0,0,0,0,0,1,0,0,0,0
220108245,1,1,0,0,0,15,2,0,0,1,0,0,0,0,0,0,0,1,0,0,0,0
220346288,1,1,0,0,0,15,2,0,0,1,0,0,0,0,0,0,0,1,0,0,0,0
220587105,1,1,0,0,0,15,2,0,0,1,0,0,0,0,0,0,0,1,0,0,0,0
220826366,1,1,0,0,0,15,2,0,0,1,0,0,0,0,0,0,0,1,0,0,0,0
221068247,1,1,0,0,0,15,2,0,0,1,0,0,0,0,0,0,0,1,0,0,0,0
221309070,1,1,0,0,0,15,2,0,0,1,0,0,0,0,0,0,0,1,0,0,0,0
221548322,1,1,0,0,0,15,2,0,0,1,0,0,0,0,0,0,0,1,0,0,0,0
221787517,1,1,0,0,0,15,2,0,0,1,0,0,0,0,0,0,0,1,0,0,0,0
222025257,1,1,0,0,0,15,2,0,0,1,0,0,0,0,0,0,0,1,0,0,0,0
222268594,1,1,0,0,0,15,2,0,0,1,0,0,0,0,0,0,0,1,0,0,0,0
222507199,1,1,0,0,0,15,2,0,0,1,0,0,0,0,0,0,0,1,0,0,0,0
222746495,1,1,0,0,0,15,2,0,0,1,0,0,0,0,0,0,0,1,0,0,0,0
222988108,1,1,0,0,0,15,2,0,0,1,0,0,0,0,0,0,0,1,0,0,0,0
223227436,1,1,0,0,0,15,2,0,0,1,0,0,0,0,0,0,0,1,0,0,0,0
223470643,1,1,0,0,0,15,2,0,0,1,0,0,0,0,0,0,0,1,0,0,0,0
223711315,1,1,0,0,0,15,2,0,0,1,0,0,0,0,0,0,0,1,0,0,0,0
223949596,1,1,0,0,0,15,2,0,0,1,0,0,0,0,0,0,0,1,0,0,0,0
224192321,1,1,0,0,0,15,2,0,0,1,0,0,0,0,0,0,0,1,0,0,0,0
224431478,1,1,0,0,0,15,2,0,0,1,0,0,0,0,0,0,0,1,0,0,0,0
224672988,1,1,0,0,0,15,2,0,0,1,0,0,0,0,0,0,0,1,0,0,0,0
224912066,1,1,0,0,0,15,2,0,0,1,0,0,0,0,0,0,0,1,0,0,0,0
225148253,1,1,0,0,0,15,2,0,0,1,0,0,0,0,0,0,0,1,0,0,0,0
225389239,1,1,0,0,0,15,2,0,0,1,0,0,0,0,0,0,0,1,0,0,0,0
225627521,1,1,0,0,0,15,2,0,0,1,0,0,0,0,0,0,0,1,0,0,0,0
225867301,1,1,0,0,0,15,2,0,0,1,0,0,0,0,0,0,0,1,0,0,0,0
226108227,1,1,0,0,0,15,2,0,0,1,0,0,0,0,0,0,0,1,0,0,0,0
226346299,1,1,0,0,0,15,2,0,0,1,0,0,0,0,0,0,0,1,0,0,0,0
226587278,1,1,0,0,0,15,2,0,0,1,0,0,0,0,0,0,0,1,0,0,0,0
226827361,1,1,0,0,0,15,2,0,0,1,0,0,0,0,0,0,0,1,0,0,0,0
227069922,1,1,0,0,0,15,2,0,0,1,0,0,0,0,0,0,0,1,0,0,0,0
227310521,1,1,0,0,0,15,2,0,0,1,0,0,0,0,0,0,0,1,0,0,0,0
227548445,1,1,0,0,0,15,2,0,0,1,0,0,0,0,0,0,0,1,0,0,0,0
227791343,1,1,0,0,0,15,2,0,0,1,0,0,0,0,0,0,0,1,0,0,0,0
228028706,1,1,0,0,0,15,2,0,0,1,0,0,0,0,0,0,0,1,0,0,0,0
228268559,1,1,0,0,0,15,2,0,0,1,0,0,0,0,0,0,0,1,0,0,0,0
228508989,1,1,0,0,0,15,2,0,0,1,0,0,0,0,0,0,0,1,0,0,0,0
228746866,1,1,0,0,0,15,2,0,0,1,0,0,0,0,0,0,0,1,0,0,0,0
228988107,1,1,0,0,0,15,2,0,0,1,0,0,0,0,0,0,0,1,0,0,0,0
229227427,1,1,0,0,0,15,2,0,0,1,0,0,0,0,0,0,0,1,0,0,0,0
229470768,1,1,0,0,0,15,2,0,0,1,0,0,0,0,0,0,0,1,0,0,0,0
229711517,1,1,0,0,0,15,2,0,0,1,0,0,0,0,0,0,0,1,0,0,0,0
229949259,1,1,0,0,0,15,2,0,0,1,0,0,0,0,0,0,0,1,0,0,0,0
230188234,1,1,0,0,0,15,2,0,0,1,0,0,0,0,0,0,0,1,0,0,0,0
230426384,1,1,0,0,0,15,2,0,0,1,0,0,0,0,0,0,0,1,0,0,0,0
230668984,1,1,0,0,0,15,2,0,0,1,0,0,0,0,0,0,0,1,0,0,0,0
230908357,1,1,0,0,0,15,2,0,0,1,0,0,0,0,0,0,0,1,0,0,0,0
231148267,1,1,0,0,0,15,2,0,0,1,0,0,0,0,0,0,0,1,0,0,0,0
231388860,1,1,0,0,0,15,2,0,0,1,0,0,0,0,0,0,0,1,0,0,0,0
231628071,1,1,0,0,0,15,2,0,0,1,0,0,0,0,0,0,0,1,0,0,0,0
231871889,1,1,0,0,0,15,2,0,0,1,0,0,0,0,0,0,0,1,0,0,0,0
232108589,1,1,0,0,0,15,2,0,0,1,0,0,0,0,0,0,0,1,0,0,0,0
232346697,1,1,0,0,0,15,2,0,0,1,0,0,0,0,0,0,0,1,0,0,0,0
232587245,1,1,0,0,0,15,2,0,0,1,0,0,0,0,0,0,0,1,0,0,0,0
232827396,1,1,0,0,0,15,2,0,0,1,0,0,0,0,0,0,0,1,0,0,0,0
233069878,1,1,0,0,0,15,2,0,0,1,0,0,0,0,0,0,0,1,0,0,0,0
233309067,1,1,0,0,0,15,2,0,0,1,0,0,0,0,0,0,0,1,0,0,0,0
233547662,1,1,0,0,0,15,2,0,0,1,0,0,0,0,0,0,0,1,0,0,0,0
233791247,1,1,0,0,0,15,2,0,0,1,0,0,0,0,0,0,0,1,0,0,0,0
234030674,1,1,0,0,0,15,2,0,0,1,0,0,0,0,0,0,0,1,0,0,0,0
234272404,1,1,0,0,0,15,2,0,0,1,0,0,0,0,0,0,0,1,0,0,0,0
234509443,1,1,0,0,0,15,2,0,0,1,0,0,0,0,0,0,0,1,0,0,0,0
234747406,1,1,0,0,0,15,2,0,0,1,0,0,0,0,0,0,0,1,0,0,0,0
234988157,1,1,0,0,0,15,2,0,0,1,0,0,0,0,0,0,0,1,0,0,0,0
235227418,1,1,0,0,0,15,2,0,0,1,0,0,0,0,0,0,0,1,0,0,0,0
235470413,1,1,0,0,0,15,2,0,0,1,0,0,0,0,0,0,0,1,0,0,0,0
235711283,1,1,0,0,0,15,2,0,0,1,0,0,0,0,0,0,0,1,0,0,0,0
235951474,1,1,0,0,0,15,2,0,0,1,0,0,0,0,0,0,0,1,0,0,0,0
236192362,1,1,0,0,0,15,2,0,0,1,0,0,0,0,0,0,0,1,0,0,0,0
236431236,1,1,0,0,0,15,2,0,0,1,0,0,0,0,0,0,0,1,0,0,0,0
236673151,1,1,0,0,0,15,2,0,0,1,0,0,0,0,0,0,0,1,0,0,0,0
236912183,1,1,0,0,0,15,2,0,0,1,0,0,0,0,0,0,0,1,0,0,0,0
237151363,1,1,0,0,0,15,2,0,0,1,0,0,0,0,0,0,0,1,0,0,0,0
237388924,1,1,0,0,0,15,2,0,0,1,0,0,0,0,0,0,0,1,0,0,0,0
237628631,1,1,0,0,0,15,2,0,0,1,0,0,0,0,0,0,0,1,0,0,0,0
237871477,1,1,0,0,0,15,2,0,0,1,0,0,0,0,0,0,0,1,0,0,0,0
238108618,1,1,0,0,0,15,2,0,0,1,0,0,0,0,0,0,0,1,0,0,0,0
238348640,1,1,0,0,0,15,2,0,0,1,0,0,0,0,0,0,0,1,0,0,0,0
238587275,1,1,0,0,0,15,2,0,0,1,0,0,0,0,0,0,0,1,0,0,0,0
238826320,1,1,0,0,0,15,2,0,0,1,0,0,0,0,0,0,0,1,0,0,0,0
239067309,1,1,0,0,0,15,2,0,0,1,0,0,0,0,0,0,0,1,0,0,0,0
239310554,1,1,0,0,0,15,2,0,0,1,0,0,0,0,0,0,0,1,0,0,0,0
239547646,1,1,0,0,0,15,2,0,0,1,0,0,0,0,0,0,0,1,0,0,0,0
239787408,1,1,0,0,0,15,2,0,0,1,0,0,0,0,0,0,0,1,0,0,0,0
240027516,1,1,0,0,0,15,2,0,0,1,0,0,0,0,0,0,0,1,0,0,0,0
240268322,1,1,0,0,0,15,2,0,0,1,0,0,0,0,0,0,0,1,0,0,0,0
240507334,1,1,0,0,0,15,2,0,0,1,0,0,0,0,0,0,0,1,0,0,0,0
240746487,1,1,0,0,0,15,2,0,0,1,0,0,0,0,0,0,0,1,0,0,0,0
240988166,1,1,0,0,0,15,2,0,0,1,0,0,0,0,0,0,0,1,0,0,0,0
241227290,1,1,0,0,0,15,2,0,0,1,0,0,0,0,0,0,0,1,0,0,0,0
241471201,1,1,0,0,0,15,2,0,0,1,0,0,0,0,0,0,0,1,0,0,0,0
241709168,1,1,0,0,0,15,2,0,0,1,0,0,0,0,0,0,0,1,0,0,0,0
241951627,1,1,0,0,0,15,2,0,0,1,0,0,0,0,0,0,0,1,0,0,0,0
242190512,1,1,0,0,0,15,2,0,0,1,0,0,0,0,0,0,0,1,0,0,0,0
242432466,1,1,0,0,0,15,2,0,0,1,0,0,0,0,0,0,0,1,0,0,0,0
242669517,1,1,0,0,0,15,2,0,0,1,0,0,0,0,0,0,0,1,0,0,0,0
242908999,1,1,0,0,0,15,2,0,0,1,0,0,0,0,0,0,0,1,0,0,0,0
243143351,1,1,0,0,0,15,2,0,0,1,0,0,0,0,0,0,0,1,0,0,0,0
243384851,1,1,0,0,0,15,2,0,0,1,0,0,0,0,0,0,0,1,0,0,0,0
243623823,1,1,0,0,0,15,2,0,0,1,0,0,0,0,0,0,0,1,0,0,0,0
243867604,1,1,0,0,0,15,2,0,0,1,0,0,0,0,0,0,0,1,0,0,0,0
244107509,1,1,0,0,0,15,2,0,0,1,0,0,0,0,0,0,0,1,0,0,0,0
244348612,1,1,0,0,0,15,2,0,0,1,0,0,0,0,0,0,0,1,0,0,0,0
244587295,1,1,0,0,0,15,2,0,0,1,0,0,0,0,0,0,0,1,0,0,0,0
244826521,1,1,0,0,0,15,2,0,0,1,0,0,0,0,0,0,0,1,0,0,0,0
245069851,1,1,0,0,0,15,2,0,0,1,0,0,0,0,0,0,0,1,0,0,0,0
245308339,1,1,0,0,0,15,2,0,0,1,0,0,0,0,0,0,0,1,0,0,0,0
245548430,1,1,0,0,0,15,2,0,0,1,0,0,0,0,0,0,0,1,0,0,0,0
245789927,1,1,0,0,0,15,2,0,0,1,0,0,0,0,0,0,0,1,0,0,0,0
246031592,1,1,0,0,0,15,2,0,0,1,0,0,0,0,0,0,0,1,0,0,0,0
246272299,1,1,0,0,0,15,2,0,0,1,0,0,0,0,0,0,0,1,0,0,0,0
246512037,1,1,0,0,0,15,2,0,0,1,0,0,0,0,0,0,0,1,0,0,0,0
246746335,1,1,0,0,0,15,2,0,0,1,0,0,0,0,0,0,0,1,0,0,0,0
246987226,1,1,0,0,0,15,2,0,0,1,0,0,0,0,0,0,0,1,0,0,0,0
247226698,1,1,0,0,0,15,2,0,0,1,0,0,0,0,0,0,0,1,0,0,0,0
247470825,1,1,0,0,0,15,2,0,0,1,0,0,0,0,0,0,0,1,0,0,0,0
247709020,1,1,0,0,0,15,2,0,0,1,0,0,0,0,0,0,0,1,0,0,0,0
247948624,1,1,0,0,0,15,2,0,0,1,0,0,0,0,0,0,0,1,0,0,0,0
248191387,1,1,0,0,0,15,2,0,0,1,0,0,0,0,0,0,0,1,0,0,0,0
248432617,1,1,0,0,0,15,2,0,0,1,0,0,0,0,0,0,0,1,0,0,0,0
248669162,1,1,0,0,0,15,2,0,0,1,0,0,0,0,0,0,0,1,0,0,0,0
248907186,1,1,0,0,0,15,2,0,0,1,0,0,0,0,0,0,0,1,0,0,0,0
249147089,1,1,0,0,0,15,2,0,0,1,0,0,0,0,0,0,0,1,0,0,0,0
249388076,1,1,0,0,0,15,2,0,0,1,0,0,0,0,0,0,0,1,0,0,0,0
249628380,1,1,0,0,0,15,2,0,0,1,0,0,0,0,0,0,0,1,0,0,0,0
249870556,1,1,0,0,0,15,2,0,0,1,0,0,0,0,0,0,0,1,0,0,0,0
250107469,1,1,0,0,0,15,2,0,0,1,0,0,0,0,0,0,0,1,0,0,0,0
250345376,1,1,0,0,0,15,2,0,0,1,0,0,0,0,0,0,0,1,0,0,0,0
250586384,1,1,0,0,0,15,2,0,0,1,0,0,0,0,0,0,0,1,0,0,0,0
250826791,1,1,0,0,0,15,2,0,0,1,0,0,0,0,0,0,0,1,0,0,0,0
251066366,1,1,0,0,0,15,2,0,0,1,0,0,0,0,0,0,0,1,0,0,0,0
251308306,1,1,0,0,0,15,2,0,0,1,0,0,0,0,0,0,0,1,0,0,0,0
251547743,1,1,0,0,0,15,2,0,0,1,0,0,0,0,0,0,0,1,0,0,0,0
251789234,1,1,0,0,0,15,2,0,0,1,0,0,0,0,0,0,0,1,0,0,0,0
252031578,1,1,0,0,0,15,2,0,0,1,0,0,0,0,0,0,0,1,0,0,0,0
252271549,1,1,0,0,0,15,2,0,0,1,0,0,0,0,0,0,0,1,0,0,0,0
252512204,1,1,0,0,0,15,2,0,0,1,0,0,0,0,0,0,0,1,0,0,0,0
252752438,1,1,0,0,0,15,2,0,0,1,0,0,0,0,0,0,0,1,0,0,0,0
252989467,1,1,0,0,0,15,2,0,0,1,0,0,0,0,0,0,0,1,0,0,0,0
253227416,1,1,0,0,0,15,2,0,0,1,0,0,0,0,0,0,0,1,0,0,0,0
253468320,1,1,0,0,0,15,2,0,0,1,0,0,0,0,0,0,0,1,0,0,0,0
253708987,1,1,0,0,0,15,2,0,0,1,0,0,0,0,0,0,0,1,0,0,0,0
253948126,1,1,0,0,0,15,2,0,0,1,0,0,0,0,0,0,0,1,0,0,0,0
254191225,1,1,0,0,0,15,2,0,0,1,0,0,0,0,0,0,0,1,0,0,0,0
254430691,1,1,0,0,0,15,2,0,0,1,0,0,0,0,0,0,0,1,0,0,0,0
254672378,1,1,0,0,0,15,2,0,0,1,0,0,0,0,0,0,0,1,0,0,0,0
254907153,1,1,0,0,0,15,2,0,0,1,0,0,0,0,0,0,0,1,0,0,0,0
255146340,1,1,0,0,0,15,2,0,0,1,0,0,0,0,0,0,0,1,0,0,0,0
255388236,1,1,0,0,0,15,2,0,0,1,0,0,0,0,0,0,0,1,0,0,0,0
255626700,1,1,0,0,0,15,2,0,0,1,0,0,0,0,0,0,0,1,0,0,0,0
255867560,1,1,0,0,0,15,2,0,0,1,0,0,0,0,0,0,0,1,0,0,0,0
256109691,1,1,0,0,0,15,2,0,0,1,0,0,0,0,0,0,0,1,0,0,0,0
256351420,1,1,0,0,0,15,2,0,0,1,0,0,0,0,0,0,0,1,0,0,0,0
256592055,1,1,0,0,0,15,2,0,0,1,0,0,0,0,0,0,0,1,0,0,0,0
256832414,1,1,0,0,0,15,2,0,0,1,0,0,0,0,0,0,0,1,0,0,0,0
257069202,1,1,0,0,0,15,2,0,0,1,0,0,0,0,0,0,0,1,0,0,0,0
257307375,1,1,0,0,0,15,2,0,0,1,0,0,0,0,0,0,0,1,0,0,0,0
257547301,1,1,0,0,0,15,2,0,0,1,0,0,0,0,0,0,0,1,0,0,0,0
257788969,1,1,0,0,0,15,2,0,0,1,0,0,0,0,0,0,0,1,0,0,0,0
258027597,1,1,0,0,0,15,2,0,0,1,0,0,0,0,0,0,0,1,0,0,0,0
258269228,1,1,0,0,0,15,2,0,0,1,0,0,0,0,0,0,0,1,0,0,0,0
258511265,1,1,0,0,0,15,2,0,0,1,0,0,0,0,0,0,0,1,0,0,0,0
258752346,1,1,0,0,0,15,2,0,0,1,0,0,0,0,0,0,0,1,0,0,0,0
258989522,1,1,0,0,0,15,2,0,0,1,0,0,0,0,0,0,0,1,0,0,0,0
259226512,1,1,0,0,0,15,2,0,0,1,0,0,0,0,0,0,0,1,0,0,0,0
259467229,1,1,0,0,0,15,2,0,0,1,0,0,0,0,0,0,0,1,0,0,0,0
259708067,1,1,0,0,0,15,2,0,0,1,0,0,0,0,0,0,0,1,0,0,0,0
259948033,1,1,0,0,0,15,2,0,0,1,0,0,0,0,0,0,0,1,0,0,0,0
260187204,1,1,0,0,0,15,2,0,0,1,0,0,0,0,0,0,0,1,0,0,0,0
260428935,1,1,0,0,0,15,2,0,0,1,0,0,0,0,0,0,0,1,0,0,0,0
260664217,1,1,0,0,0,15,2,0,0,1,0,0,0,0,0,0,0,1,0,0,0,0
260904346,1,1,0,0,0,15,2,0,0,1,0,0,0,0,0,0,0,1,0,0,0,0
261141119,1,1,0,0,0,15,2,0,0,1,0,0,0,0,0,0,0,1,0,0,0,0
261379427,1,1,0,0,0,15,2,0,0,1,0,0,0,0,0,0,0,1,0,0,0,0
261615236,1,1,0,0,0,15,2,0,0,1,0,0,0,0,0,0,0,1,0,0,0,0
261857756,1,1,0,0,0,15,2,0,0,1,0,0,0,0,0,0,0,1,0,0,0,0
262097244,1,1,0,0,0,15,2,0,0,1,0,0,0,0,0,0,0,1,0,0,0,0
262339275,1,1,0,0,0,15,2,0,0,1,0,0,0,0,0,0,0,1,0,0,0,0
262579576,1,1,0,0,0,15,2,0,0,1,0,0,0,0,0,0,0,1,0,0,0,0
262817606,1,1,0,0,0,15,2,0,0,1,0,0,0,0,0,0,0,1,0,0,0,0
263060449,1,1,0,0,0,15,2,0,0,1,0,0,0,0,0,0,0,1,0,0,0,0
263298464,1,1,0,0,0,15,2,0,0,1,0,0,0,0,0,0,0,1,0,0,0,0
263539250,1,1,0,0,0,15,2,0,0,1,0,0,0,0,0,0,0,1,0,0,0,0
263774820,1,1,0,0,0,15,2,0,0,1,0,0,0,0,0,0,0,1,0,0,0,0
264016654,1,1,0,0,0,15,2,0,0,1,0,0,0,0,0,0,0,1,0,0,0,0
264258704,1,1,0,0,0,15,2,0,0,1,0,0,0,0,0,0,0,1,0,0,0,0
264495467,1,1,0,0,0,15,2,0,0,1,0,0,0,0,0,0,0,1,0,0,0,0
264735540,1,1,0,0,0,15,2,0,0,1,0,0,0,0,0,0,0,1,0,0,0,0
264976365,1,1,0,0,0,15,2,0,0,1,0,0,0,0,0,0,0,1,0,0,0,0
265215296,1,1,0,0,0,15,2,0,0,1,0,0,0,0,0,0,0,1,0,0,0,0
265455304,1,1,0,0,0,15,2,0,0,1,0,0,0,0,0,0,0,1,0,0,0,0
265695288,1,1,0,0,0,15,2,0,0,1,0,0,0,0,0,0,0,1,0,0,0,0
265936242,1,1,0,0,0,15,2,0,0,1,0,0,0,0,0,0,0,1,0,0,0,0
266175488,1,1,0,0,0,15,2,0,0,1,0,0,0,0,0,0,0,1,0,0,0,0
266416276,1,1,0,0,0,15,2,0,0,1,0,0,0,0,0,0,0,1,0,0,0,0
266659554,1,1,0,0,0,15,2,0,0,1,0,0,0,0,0,0,0,1,0,0,0,0
266898780,1,1,0,0,0,15,2,0,0,1,0,0,0,0,0,0,0,1,0,0,0,0
267140261,1,1,0,0,0,15,2,0,0,1,0,0,0,0,0,0,0,1,0,0,0,0
267377922,1,1,0,0,0,15,2,0,0,1,0,0,0,0,0,0,0,1,0,0,0,0
267618418,1,1,0,0,0,15,2,0,0,1,0,0,0,0,0,0,0,1,0,0,0,0
267862160,1,1,0,0,0,15,2,0,0,1,0,0,0,0,0,0,0,1,0,0,0,0
268099285,1,1,0,0,0,15,2,0,0,1,0,0,0,0,0,0,0,1,0,0,0,0
268336918,1,1,0,0,0,15,2,0,0,1,0,0,0,0,0,0,0,1,0,0,0,0
268575574,1,1,0,0,0,15,2,0,0,1,0,0,0,0,0,0,0,1,0,0,0,0
268819279,1,1,0,0,0,15,2,0,0,1,0,0,0,0,0,0,0,1,0,0,0,0
269060294,1,1,0,0,0,15,2,0,0,1,0,0,0,0,0,0,0,1,0,0,0,0
269300446,1,1,0,0,0,15,2,0,0,1,0,0,0,0,0,0,0,1,0,0,0,0
269539352,1,1,0,0,0,15,2,0,0,1,0,0,0,0,0,0,0,1,0,0,0,0
269777647,1,1,0,0,0,15,2,0,0,1,0,0,0,0,0,0,0,1,0,0,0,0
270019261,1,1,0,0,0,15,2,0,0,1,0,0,0,0,0,0,0,1,0,0,0,0
270256934,1,1,0,0,0,15,2,0,0,1,0,0,0,0,0,0,0,1,0,0,0,0
270496583,1,1,0,0,0,15,2,0,0,1,0,0,0,0,0,0,0,1,0,0,0,0
270739331,1,1,0,0,0,15,2,0,0,1,0,0,0,0,0,0,0,1,0,0,0,0
270979615,1,1,0,0,0,15,2,0,0,1,0,0,0,0,0,0,0,1,0,0,0,0
271220420,1,1,0,0,0,15,2,0,0,1,0,0,0,0,0,0,0,1,0,0,0,0
271460197,1,1,0,0,0,15,2,0,0,1,0,0,0,0,0,0,0,1,0,0,0,0
271699276,1,1,0,0,0,15,2,0,0,1,0,0,0,0,0,0,0,1,0,0,0,0
271936087,1,1,0,0,0,15,2,0,0,1,0,0,0,0,0,0,0,1,0,0,0,0
272174562,1,1,0,0,0,15,2,0,0,1,0,0,0,0,0,0,0,1,0,0,0,0
272416566,1,1,0,0,0,15,2,0,0,1,0,0,0,0,0,0,0,1,0,0,0,0
272659074,1,1,0,0,0,15,2,0,0,1,0,0,0,0,0,0,0,1,0,0,0,0
272899541,1,1,0,0,0,15,2,0,0,1,0,0,0,0,0,0,0,1,0,0,0,0
273139537,1,1,0,0,0,15,2,0,0,1,0,0,0,0,0,0,0,1,0,0,0,0
273377347,1,1,0,0,0,15,2,0,0,1,0,0,0,0,0,0,0,1,0,0,0,0
273618667,1,1,0,0,0,15,2,0,0,1,0,0,0,0,0,0,0,1,0,0,0,0
273859381,1,1,0,0,0,15,2,0,0,1,0,0,0,0,0,0,0,1,0,0,0,0
274095094,1,1,0,0,0,15,2,0,0,1,0,0,0,0,0,0,0,1,0,0,0,0
274336106,1,1,0,0,0,15,2,0,0,1,0,0,0,0,0,0,0,1,0,0,0,0
274575472,1,1,0,0,0,15,2,0,0,1,0,0,0,0,0,0,0,1,0,0,0,0
274816245,1,1,0,0,0,15,2,0,0,1,0,0,0,0,0,0,0,1,0,0,0,0
275059386,1,1,0,0,0,15,2,0,0,1,0,0,0,0,0,0,0,1,0,0,0,0
275298683,1,1,0,0,0,15,2,0,0,1,0,0,0,0,0,0,0,1,0,0,0,0
275540300,1,1,0,0,0,15,2,0,0,1,0,0,0,0,0,0,0,1,0,0,0,0
275778354,1,1,0,0,0,15,2,0,0,1,0,0,0,0,0,0,0,1,0,0,0,0
276019445,1,1,0,0,0,15,2,0,0,1,0,0,0,0,0,0,0,1,0,0,0,0
276260174,1,1,0,0,0,15,2,0,0,1,0,0,0,0,0,0,0,1,0,0,0,0
276500300,1,1,0,0,0,15,2,0,0,1,0,0,0,0,0,0,0,1,0,0,0,0
276736982,1,1,0,0,0,15,2,0,0,1,0,0,0,0,0,0,0,1,0,0,0,0
276976428,1,1,0,0,0,15,2,0,0,1,0,0,0,0,0,0,0,1,0,0,0,0
277219506,1,1,0,0,0,15,2,0,0,1,0,0,0,0,0,0,0,1,0,0,0,0
277458423,1,1,0,0,0,15,2,0,0,1,0,0,0,0,0,0,0,1,0,0,0,0
277700580,1,1,0,0,0,15,2,0,0,1,0,0,0,0,0,0,0,1,0,0,0,0
277939392,1,1,0,0,0,15,2,0,0,1,0,0,0,0,0,0,0,1,0,0,0,0
278177539,1,1,0,0,0,15,2,0,0,1,0,0,0,0,0,0,0,1,0,0,0,0
278419385,1,1,0,0,0,15,2,0,0,1,0,0,0,0,0,0,0,1,0,0,0,0
278659033,1,1,0,0,0,15,2,0,0,1,0,0,0,0,0,0,0,1,0,0,0,0
278897218,1,1,0,0,0,15,2,0,0,1,0,0,0,0,0,0,0,1,0,0,0,0
279135430,1,1,0,0,0,15,2,0,0,1,0,0,0,0,0,0,0,1,0,0,0,0
279375244,1,1,0,0,0,15,2,0,0,1,0,0,0,0,0,0,0,1,0,0,0,0
279614648,1,1,0,0,0,15,2,0,0,1,0,0,0,0,0,0,0,1,0,0,0,0
279856453,1,1,0,0,0,15,2,0,0,1,0,0,0,0,0,0,0,1,0,0,0,0
280094323,1,1,0,0,0,15,2,0,0,1,0,0,0,0,0,0,0,1,0,0,0,0
280336054,1,1,0,0,0,15,2,0,0,1,0,0,0,0,0,0,0,1,0,0,0,0
280574482,1,1,0,0,0,15,2,0,0,1,0,0,0,0,0,0,0,1,0,0,0,0
280816706,1,1,0,0,0,15,2,0,0,1,0,0,0,0,0,0,0,1,0,0,0,0
281058670,1,1,0,0,0,15,2,0,0,1,0,0,0,0,0,0,0,1,0,0,0,0
281299476,1,1,0,0,0,15,2,0,0,1,0,0,0,0,0,0,0,1,0,0,0,0
281539455,1,1,0,0,0,15,2,0,0,1,0,0,0,0,0,0,0,1,0,0,0,0
281777390,1,1,0,0,0,15,2,0,0,1,0,0,0,0,0,0,0,1,0,0,0,0
282019226,1,1,0,0,0,15,2,0,0,1,0,0,0,0,0,0,0,1,0,0,0,0
282259264,1,1,0,0,0,15,2,0,0,1,0,0,0,0,0,0,0,1,0,0,0,0
282499321,1,1,0,0,0,15,2,0,0,1,0,0,0,0,0,0,0,1,0,0,0,0
282740221,1,1,0,0,0,15,2,0,0,1,0,0,0,0,0,0,0,1,0,0,0,0
282976919,1,1,0,0,0,15,2,0,0,1,0,0,0,0,0,0,0,1,0,0,0,0
283216270,1,1,0,0,0,15,2,0,0,1,0,0,0,0,0,0,0,1,0,0,0,0
283455346,1,1,0,0,0,15,2,0,0,1,0,0,0,0,0,0,0,1,0,0,0,0
283695502,1,1,0,0,0,15,2,0,0,1,0,0,0,0,0,0,0,1,0,0,0,0
283936555,1,1,0,0,0,15,2,0,0,1,0,0,0,0,0,0,0,1,0,0,0,0
284174611,1,1,0,0,0,15,2,0,0,1,0,0,0,0,0,0,0,1,0,0,0,0
284415198,1,1,0,0,0,15,2,0,0,1,0,0,0,0,0,0,0,1,0,0,0,0
284656316,1,1,0,0,0,15,2,0,0,1,0,0,0,0,0,0,0,1,0,0,0,0
284895423,1,1,0,0,0,15,2,0,0,1,0,0,0,0,0,0,0,1,0,0,0,0
285136882,1,1,0,0,0,15,2,0,0,1,0,0,0,0,0,0,0,1,0,0,0,0
285376276,1,1,0,0,0,15,2,0,0,1,0,0,0,0,0,0,0,1,0,0,0,0
285619471,1,1,0,0,0,15,2,0,0,1,0,0,0,0,0,0,0,1,0,0,0,0
285858277,1,1,0,0,0,15,2,0,0,1,0,0,0,0,0,0,0,1,0,0,0,0
286100553,1,1,0,0,0,15,2,0,0,1,0,0,0,0,0,0,0,1,0,0,0,0
286339343,1,1,0,0,0,15,2,0,0,1,0,0,0,0,0,0,0,1,0,0,0,0
286579480,1,1,0,0,0,15,2,0,0,1,0,0,0,0,0,0,0,1,0,0,0,0
286818538,1,1,0,0,0,15,2,0,0,1,0,0,0,0,0,0,0,1,0,0,0,0
287060217,1,1,0,0,0,15,2,0,0,1,0,0,0,0,0,0,0,1,0,0,0,0
287295503,1,1,0,0,0,15,2,0,0,1,0,0,0,0,0,0,0,1,0,0,0,0
287537089,1,1,0,0,0,15,2,0,0,1,0,0,0,0,0,0,0,1,0,0,0,0
287779639,1,1,0,0,0,15,2,0,0,1,0,0,0,0,0,0,0,1,0,0,0,0
288017564,1,1,0,0,0,15,2,0,0,1,0,0,0,0,0,0,0,1,0,0,0,0
288260142,1,1,0,0,0,15,2,0,0,1,0,0,0,0,0,0,0,1,0,0,0,0
288498388,1,1,0,0,0,15,2,0,0,1,0,0,0,0,0,0,0,1,0,0,0,0
288739379,1,1,0,0,0,15,2,0,0,1,0,0,0,0,0,0,0,1,0,0,0,0
288976137,1,1,0,0,0,15,2,0,0,1,0,0,0,0,0,0,0,1,0,0,0,0
289216864,1,1,0,0,0,15,2,0,0,1,0,0,0,0,0,0,0,1,0,0,0,0
289456873,1,1,0,0,0,15,2,0,0,1,0,0,0,0,0,0,0,1,0,0,0,0
289696441,1,1,0,0,0,15,2,0,0,1,0,0,0,0,0,0,0,1,0,0,0,0
289937622,1,1,0,0,0,15,2,0,0,1,0,0,0,0,0,0,0,1,0,0,0,0
290177388,1,1,0,0,0,15,2,0,0,1,0,0,0,0,0,0,0,1,0,0,0,0
290417449,1,1,0,0,0,15,2,0,0,1,0,0,0,0,0,0,0,1,0,0,0,0
290655344,1,1,0,0,0,15,2,0,0,1,0,0,0,0,0,0,0,1,0,0,0,0
290894674,1,1,0,0,0,15,2,0,0,1,0,0,0,0,0,0,0,1,0,0,0,0
291136406,1,1,0,0,0,15,2,0,0,1,0,0,0,0,0,0,0,1,0,0,0,0
291375415,1,1,0,0,0,15,2,0,0,1,0,0,0,0,0,0,0,1,0,0,0,0
291615764,1,1,0,0,0,15,2,0,0,1,0,0,0,0,0,0,0,1,0,0,0,0
291856813,1,1,0,0,0,15,2,0,0,1,0,0,0,0,0,0,0,1,0,0,0,0
291881659,1,1,0,0,0,0,2,0,0,1,0,0,0,0,0,0,0,1,0,0,0,0
292096385,1,1,0,0,0,0,2,0,0,1,0,0,0,0,0,0,0,1,0,0,0,0
292338473,1,1,0,0,0,0,2,0,0,1,0,0,0,0,0,0,0,1,0,0,0,0
292576804,1,1,0,0,0,0,2,0,0,1,0,0,0,0,0,0,0,1,0,0,0,0
292814296,1,1,0,0,0,0,2,0,0,1,0,0,0,0,0,0,0,1,0,0,0,0
293055363,1,1,0,0,0,0,2,0,0,1,0,0,0,0,0,0,0,1,0,0,0,0
293294719,1,1,0,0,0,0,2,0,0,1,0,0,0,0,0,0,0,1,0,0,0,0
293537090,1,1,0,0,0,0,2,0,0,1,0,0,0,0,0,0,0,1,0,0,0,0
293776294,1,1,0,0,0,0,2,0,0,1,0,0,0,0,0,0,0,1,0,0,0,0
294017359,1,1,0,0,0,0,2,0,0,1,0,0,0,0,0,0,0,1,0,0,0,0
294257816,1,1,0,0,0,0,2,0,0,1,0,0,0,0,0,0,0,1,0,0,0,0
294497364,1,1,0,0,0,0,2,0,0,1,0,0,0,0,0,0,0,1,0,0,0,0
294738372,1,1,0,0,0,0,2,0,0,1,0,0,0,0,0,0,0,1,0,0,0,0
294977545,1,1,0,0,0,0,2,0,0,1,0,0,0,0,0,0,0,1,0,0,0,0
295218407,1,1,0,0,0,0,2,0,0,1,0,0,0,0,0,0,0,1,0,0,0,0
295460111,1,1,0,0,0,0,2,0,0,1,0,0,0,0,0,0,0,1,0,0,0,0
295699388,1,1,0,0,0,0,2,0,0,1,0,0,0,0,0,0,0,1,0,0,0,0
295940734,1,1,0,0,0,0,2,0,0,1,0,0,0,0,0,0,0,1,0,0,0,0
296181654,1,1,0,0,0,0,2,0,0,1,0,0,0,0,0,0,0,1,0,0,0,0
296423316,1,1,0,0,0,0,2,0,0,1,0,0,0,0,0,0,0,1,0,0,0,0
296660206,1,1,0,0,0,0,2,0,0,1,0,0,0,0,0,0,0,1,0,0,0,0
296897368,1,1,0,0,0,0,2,0,0,1,0,0,0,0,0,0,0,1,0,0,0,0
297139278,1,1,0,0,0,0,2,0,0,1,0,0,0,0,0,0,0,1,0,0,0,0
297380063,1,1,0,0,0,0,2,0,0,1,0,0,0,0,0,0,0,1,0,0,0,0
297620319,1,1,0,0,0,0,2,0,0,1,0,0,0,0,0,0,0,1,0,0,0,0
297861041,1,1,0,0,0,0,2,0,0,1,0,0,0,0,0,0,0,1,0,0,0,0
298100306,1,1,0,0,0,0,2,0,0,1,0,0,0,0,0,0,0,1,0,0,0,0
298341654,1,1,0,0,0,0,2,0,0,1,0,0,0,0,0,0,0,1,0,0,0,0
298581751,1,1,0,0,0,0,2,0,0,1,0,0,0,0,0,0,0,1,0,0,0,0
298821409,1,1,0,0,0,0,2,0,0,1,0,0,0,0,0,0,0,1,0,0,0,0
299062556,1,1,0,0,0,0,2,0,0,1,0,0,0,0,0,0,0,1,0,0,0,0
299298409,1,1,0,0,0,0,2,0,0,1,0,0,0,0,0,0,0,1,0,0,0,0
299540002,1,1,0,0,0,0,2,0,0,1,0,0,0,0,0,0,0,1,0,0,0,0
299780319,1,1,0,0,0,0,2,0,0,1,0,0,0,0,0,0,0,1,0,0,0,0
300015879,1,1,0,0,0,0,2,0,0,1,0,0,0,0,0,0,0,1,0,0,0,0
300256593,1,1,0,0,0,0,2,0,0,1,0,0,0,0,0,0,0,1,0,0,0,0
300495912,1,1,0,0,0,0,2,0,0,1,0,0,0,0,0,0,0,1,0,0,0,0
300735272,1,1,0,0,0,0,2,0,0,1,0,0,0,0,0,0,0,1,0,0,0,0
300973488,1,1,0,0,0,0,2,0,0,1,0,0,0,0,0,0,0,1,0,0,0,0
301216409,1,1,0,0,0,0,2,0,0,1,0,0,0,0,0,0,0,1,0,0,0,0
301455155,1,1,0,0,0,0,2,0,0,1,0,0,0,0,0,0,0,1,0,0,0,0
301694281,1,1,0,0,0,0,2,0,0,1,0,0,0,0,0,0,0,1,0,0,0,0
301935998,1,1,0,0,0,0,2,0,0,1,0,0,0,0,0,0,0,1,0,0,0,0
302175459,1,1,0,0,0,0,2,0,0,1,0,0,0,0,0,0,0,1,0,0,0,0
302415436,1,1,0,0,0,0,2,0,0,1,0,0,0,0,0,0,0,1,0,0,0,0
302657920,1,1,0,0,0,0,2,0,0,1,0,0,0,0,0,0,0,1,0,0,0,0
302899640,1,1,0,0,0,0,2,0,0,1,0,0,0,0,0,0,0,1,0,0,0,0
303140146,1,1,0,0,0,0,2,0,0,1,0,0,0,0,0,0,0,1,0,0,0,0
303380241,1,1,0,0,0,0,2,0,0,1,0,0,0,0,0,0,0,1,0,0,0,0
303618344,1,1,0,0,0,0,2,0,0,1,0,0,0,0,0,0,0,1,0,0,0,0
303860098,1,1,0,0,0,0,2,0,0,1,0,0,0,0,0,0,0,1,0,0,0,0
304099291,1,1,0,0,0,0,2,0,0,1,0,0,0,0,0,0,0,1,0,0,0,0
304340915,1,1,0,0,0,0,2,0,0,1,0,0,0,0,0,0,0,1,0,0,0,0
304580898,1,1,0,0,0,0,2,0,0,1,0,0,0,0,0,0,0,1,0,0,0,0
304820669,1,1,0,0,0,0,2,0,0,1,0,0,0,0,0,0,0,1,0,0,0,0
305061600,1,1,0,0,0,0,2,0,0,1,0,0,0,0,0,0,0,1,0,0,0,0
305301419,1,1,0,0,0,0,2,0,0,1,0,0,0,0,0,0,0,1,0,0,0,0
305541268,1,1,0,0,0,0,2,0,0,1,0,0,0,0,0,0,0,1,0,0,0,0
305783536,1,1,0,0,0,0,2,0,0,1,0,0,0,0,0,0,0,1,0,0,0,0
306020296,1,1,0,0,0,0,2,0,0,1,0,0,0,0,0,0,0,1,0,0,0,0
306260363,1,1,0,0,0,0,2,0,0,1,0,0,0,0,0,0,0,1,0,0,0,0
306499591,1,1,0,0,0,0,2,0,0,1,0,0,0,0,0,0,0,1,0,0,0,0
306740726,1,1,0,0,0,0,2,0,0,1,0,0,0,0,0,0,0,1,0,0,0,0
306979257,1,1,0,0,0,0,2,0,0,1,0,0,0,0,0,0,0,1,0,0,0,0
307219396,1,1,0,0,0,0,2,0,0,1,0,0,0,0,0,0,0,1,0,0,0,0
307458656,1,1,0,0,0,0,2,0,0,1,0,0,0,0,0,0,0,1,0,0,0,0
307697596,1,1,0,0,0,0,2,0,0,1,0,0,0,0,0,0,0,1,0,0,0,0
307939564,1,1,0,0,0,0,2,0,0,1,0,0,0,0,0,0,0,1,0,0,0,0
308177872,1,1,0,0,0,0,2,0,0,1,0,0,0,0,0,0,0,1,0,0,0,0
308408371,1,1,0,0,0,0,2,0,0,1,0,0,0,0,0,0,0,1,0,0,0,0
308647470,1,1,0,0,0,0,2,0,0,1,0,0,0,0,0,0,0,1,0,0,0,0
308888644,1,1,0,0,0,0,2,0,0,1,0,0,0,0,0,0,0,1,0,0,0,0
309128021,1,1,0,0,0,0,2,0,0,1,0,0,0,0,0,0,0,1,0,0,0,0
309368313,1,1,0,0,0,0,2,0,0,1,0,0,0,0,0,0,0,1,0,0,0,0
309611979,1,1,0,0,0,0,2,0,0,1,0,0,0,0,0,0,0,1,0,0,0,0
309849460,1,1,0,0,0,0,2,0,0,1,0,0,0,0,0,0,0,1,0,0,0,0
310090676,1,1,0,0,0,0,2,0,0,1,0,0,0,0,0,0,0,1,0,0,0,0
310331243,1,1,0,0,0,0,2,0,0,1,0,0,0,0,0,0,0,1,0,0,0,0
310567312,1,1,0,0,0,0,2,0,0,1,0,0,0,0,0,0,0,1,0,0,0,0
310809092,1,1,0,0,0,0,2,0,0,1,0,0,0,0,0,0,0,1,0,0,0,0
311048022,1,1,0,0,0,0,2,0,0,1,0,0,0,0,0,0,0,1,0,0,0,0
311289668,1,1,0,0,0,0,2,0,0,1,0,0,0,0,0,0,0,1,0,0,0,0
311529636,1,1,0,0,0,0,2,0,0,1,0,0,0,0,0,0,0,1,0,0,0,0
311769411,1,1,0,0,0,0,2,0,0,1,0,0,0,0,0,0,0,1,0,0,0,0
312009234,1,1,0,0,0,0,2,0,0,1,0,0,0,0,0,0,0,1,0,0,0,0
312246285,1,1,0,0,0,0,2,0,0,1,0,0,0,0,0,0,0,1,0,0,0,0
312487155,1,1,0,0,0,0,2,0,0,1,0,0,0,0,0,0,0,1,0,0,0,0
312727459,1,1,0,0,0,0,2,0,0,1,0,0,0,0,0,0,0,1,0,0,0,0
312967503,1,1,0,0,0,0,2,0,0,1,0,0,0,0,0,0,0,1,0,0,0,0
313209118,1,1,0,0,0,0,2,0,0,1,0,0,0,0,0,0,0,1,0,0,0,0
313447356,1,1,0,0,0,0,2,0,0,1,0,0,0,0,0,0,0,1,0,0,0,0
313687375,1,1,0,0,0,0,2,0,0,1,0,0,0,0,0,0,0,1,0,0,0,0
313925586,1,1,0,0,0,0,2,0,0,1,0,0,0,0,0,0,0,1,0,0,0,0
314165409,1,1,0,0,0,0,2,0,0,1,0,0,0,0,0,0,0,1,0,0,0,0
314407594,1,1,0,0,0,0,2,0,0,1,0,0,0,0,0,0,0,1,0,0,0,0
314646466,1,1,0,0,0,0,2,0,0,1,0,0,0,0,0,0,0,1,0,0,0,0
314888172,1,1,0,0,0,0,2,0,0,1,0,0,0,0,0,0,0,1,0,0,0,0
315126549,1,1,0,0,0,0,2,0,0,1,0,0,0,0,0,0,0,1,0,0,0,0
315356910,1,1,0,0,0,0,2,0,0,1,0,0,0,0,0,0,0,1,0,0,0,0
315406764,1,1,0,0,0,5,2,0,1,1,0,0,0,0,0,1,0,1,0,0,0,0
315596215,1,1,0,0,0,5,2,0,1,1,0,0,0,0,0,1,0,1,0,0,0,0
315839414,1,1,0,0,0,5,2,0,1,1,0,0,0,0,0,1,0,1,0,0,0,0
316077703,1,1,0,0,0,5,2,0,1,1,0,0,0,0,0,1,0,1,0,0,0,0
316316871,1,1,0,0,0,5,2,0,1,1,0,0,0,0,0,1,0,1,0,0,0,0
316554434,1,1,0,0,0,5,2,0,1,1,0,0,0,0,0,1,0,1,0,0,0,0
316793741,1,1,0,0,0,5,2,0,1,1,0,0,0,0,0,1,0,1,0,0,0,0
317034529,1,1,0,0,0,5,2,0,1,1,0,0,0,0,0,1,0,1,0,0,0,0
317275332,1,1,0,0,0,5,2,0,1,1,0,0,0,0,0,1,0,1,0,0,0,0
317511589,1,1,0,0,0,5,2,0,1,1,0,0,0,0,0,1,0,1,0,0,0,0
317741208,1,1,0,0,0,5,2,0,1,1,0,0,0,0,0,1,0,1,0,0,0,0
317980271,1,1,0,0,0,5,2,0,1,1,0,0,0,0,0,1,0,1,0,0,0,0
318220089,1,1,0,0,0,5,2,0,1,1,0,0,0,0,0,1,0,1,0,0,0,0
318461223,1,1,0,0,0,5,2,0,1,1,0,0,0,0,0,1,0,1,0,0,0,0
318701898,1,1,0,0,0,5,2,0,1,1,0,0,0,0,0,1,0,1,0,0,0,0
318941894,1,1,0,0,0,5,2,0,1,1,0,0,0,0,0,1,0,1,0,0,0,0
319178426,1,1,0,0,0,5,2,0,1,1,0,0,0,0,0,1,0,1,0,0,0,0
319189854,1,1,0,0,0,0,2,0,0,1,0,0,0,0,0,0,0,1,0,0,0,0
319410772,1,1,0,0,0,0,2,0,0,1,0,0,0,0,0,0,0,1,0,0,0,0
319651400,1,1,0,0,0,0,2,0,0,1,0,0,0,0,0,0,0,1,0,0,0,0
319891224,1,1,0,0,0,0,2,0,0,1,0,0,0,0,0,0,0,1,0,0,0,0
320121119,1,1,0,0,0,0,2,0,0,1,0,0,0,0,0,0,0,1,0,0,0,0
320353214,1,1,0,0,0,0,2,0,0,1,0,0,0,0,0,0,0,1,0,0,0,0
320590623,1,1,0,0,0,0,2,0,0,1,0,0,0,0,0,0,0,1,0,0,0,0
320830501,1,1,0,0,0,0,2,0,0,1,0,0,0,0,0,0,0,1,0,0,0,0
321071076,1,1,0,0,0,0,2,0,0,1,0,0,0,0,0,0,0,1,0,0,0,0
321166464,1,1,0,0,0,5,2,0,1,1,0,0,0,0,0,1,0,1,0,0,0,0
321297686,1,1,0,0,0,0,2,0,0,1,0,0,0,0,0,0,0,1,0,0,0,0
321310553,1,1,0,0,0,0,2,0,0,1,0,0,0,0,0,0,0,1,0,0,0,0
321550592,1,1,0,0,0,0,2,0,0,1,0,0,0,0,0,0,0,1,0,0,0,0
321779069,1,1,0,0,0,0,2,0,0,1,0,0,0,0,0,0,0,1,0,0,0,0
322007578,1,1,0,0,0,0,2,0,0,1,0,0,0,0,0,0,0,1,0,0,0,0
322247001,1,1,0,0,0,0,2,0,0,1,0,0,0,0,0,0,0,1,0,0,0,0
322487408,1,1,0,0,0,0,2,0,0,1,0,0,0,0,0,0,0,1,0,0,0,0
322727618,1,1,0,0,0,0,2,0,0,1,0,0,0,0,0,0,0,1,0,0,0,0
322964623,1,1,0,0,0,0,2,0,0,1,0,0,0,0,0,0,0,1,0,0,0,0
323202047,1,1,0,0,0,0,2,0,0,1,0,0,0,0,0,0,0,1,0,0,0,0
323442084,1,1,0,0,0,0,2,0,0,1,0,0,0,0,0,0,0,1,0,0,0,0
323682799,1,1,0,0,0,0,2,0,0,1,0,0,0,0,0,0,0,1,0,0,0,0
323922639,1,1,0,0,0,0,2,0,0,1,0,0,0,0,0,0,0,1,0,0,0,0
324163783,1,1,0,0,0,0,2,0,0,1,0,0,0,0,0,0,0,1,0,0,0,0
324399307,1,1,0,0,0,0,2,0,0,1,0,0,0,0,0,0,0,1,0,0,0,0
324632299,1,1,0,0,0,0,2,0,0,1,0,0,0,0,0,0,0,1,0,0,0,0
324873059,1,1,0,0,0,0,2,0,0,1,0,0,0,0,0,0,0,1,0,0,0,0
325113237,1,1,0,0,0,0,2,0,0,1,0,0,0,0,0,0,0,1,0,0,0,0
325353523,1,1,0,0,0,0,2,0,0,1,0,0,0,0,0,0,0,1,0,0,0,0
325593833,1,1,0,0,0,0,2,0,0,1,0,0,0,0,0,0,0,1,0,0,0,0
325834179,1,1,0,0,0,0,2,0,0,1,0,0,0,0,0,0,0,1,0,0,0,0
326062614,1,1,0,0,0,0,2,0,0,1,0,0,0,0,0,0,0,1,0,0,0,0
326302429,1,1,0,0,0,0,2,0,0,1,0,0,0,0,0,0,0,1,0,0,0,0
326530611,1,1,0,0,0,0,2,0,0,1,0,0,0,0,0,0,0,1,0,0,0,0
326767232,1,1,0,0,0,0,2,0,0,1,0,0,0,0,0,0,0,1,0,0,0,0
327008374,1,1,0,0,0,0,2,0,0,1,0,0,0,0,0,0,0,1,0,0,0,0
327249097,1,1,0,0,0,0,2,0,0,1,0,0,0,0,0,0,0,1,0,0,0,0
327274396,1,1,0,0,0,5,2,0,1,1,0,0,0,0,0,1,0,1,0,0,0,0
327489255,1,1,0,0,0,5,2,0,1,1,0,0,0,0,0,1,0,1,0,0,0,0
327729400,1,1,0,0,0,5,2,0,1,1,0,0,0,0,0,1,0,1,0,0,0,0
327965704,1,1,0,0,0,5,2,0,1,1,0,0,0,0,0,1,0,1,0,0,0,0
328206577,1,1,0,0,0,5,2,0,1,1,0,0,0,0,0,1,0,1,0,0,0,0
328434484,1,1,0,0,0,5,2,0,1,1,0,0,0,0,0,1,0,1,0,0,0,0
328676339,1,1,0,0,0,5,2,0,1,1,0,0,0,0,0,1,0,1,0,0,0,0
328915365,1,1,0,0,0,5,2,0,1,1,0,0,0,0,0,1,0,1,0,0,0,0
329151430,1,1,0,0,0,5,2,0,1,1,0,0,0,0,0,1,0,1,0,0,0,0
329391510,1,1,0,0,0,5,2,0,1,1,0,0,0,0,0,1,0,1,0,0,0,0
329628148,1,1,0,0,0,5,2,0,1,1,0,0,0,0,0,1,0,1,0,0,0,0
329868288,1,1,0,0,0,5,2,0,1,1,0,0,0,0,0,1,0,1,0,0,0,0
330101815,1,1,0,0,0,5,2,0,1,1,0,0,0,0,0,1,0,1,0,0,0,0
330341618,1,1,0,0,0,5,2,0,1,1,0,0,0,0,0,1,0,1,0,0,0,0
330570965,1,1,0,0,0,5,2,0,1,1,0,0,0,0,0,1,0,1,0,0,0,0
330810713,1,1,0,0,0,5,2,0,1,1,0,0,0,0,0,1,0,1,0,0,0,0
331039373,1,1,0,0,0,5,2,0,1,1,0,0,0,0,0,1,0,1,0,0,0,0
331276354,1,1,0,0,0,5,2,0,1,1,0,0,0,0,0,1,0,1,0,0,0,0
331516157,1,1,0,0,0,5,2,0,1,1,0,0,0,0,0,1,0,1,0,0,0,0
331757491,1,1,0,0,0,5,2,0,1,1,0,0,0,0,0,1,0,1,0,0,0,0
331996890,1,1,0,0,0,5,2,0,1,1,0,0,0,0,0,1,0,1,0,0,0,0
332238219,1,1,0,0,0,5,2,0,1,1,0,0,0,0,0,1,0,1,0,0,0,0
332478267,1,1,0,0,0,5,2,0,1,1,0,0,0,0,0,1,0,1,0,0,0,0
332718625,1,1,0,0,0,5,2,0,1,1,0,0,0,0,0,1,0,1,0,0,0,0
332959047,1,1,0,0,0,5,2,0,1,1,0,0,0,0,0,1,0,1,0,0,0,0
332970522,1,1,0,0,0,0,2,0,0,1,0,0,0,0,0,0,0,1,0,0,0,0
333194347,1,1,0,0,0,0,2,0,0,1,0,0,0,0,0,0,0,1,0,0,0,0
333427226,1,1,0,0,0,0,2,0,0,1,0,0,0,0,0,0,0,1,0,0,0,0
333659374,1,1,0,0,0,0,2,0,0,1,0,0,0,0,0,0,0,1,0,0,0,0
333899561,1,1,0,0,0,0,2,0,0,1,0,0,0,0,0,0,0,1,0,0,0,0
334136338,1,1,0,0,0,0,2,0,0,1,0,0,0,0,0,0,0,1,0,0,0,0
334376329,1,1,0,0,0,0,2,0,0,1,0,0,0,0,0,0,0,1,0,0,0,0
334614451,1,1,0,0,0,0,2,0,0,1,0,0,0,0,0,0,0,1,0,0,0,0
334853983,1,1,0,0,0,0,2,0,0,1,0,0,0,0,0,0,0,1,0,0,0,0
335094562,1,1,0,0,0,0,2,0,0,1,0,0,0,0,0,0,0,1,0,0,0,0
335335168,1,1,0,0,0,0,2,0,0,1,0,0,0,0,0,0,0,1,0,0,0,0
335575327,1,1,0,0,0,0,2,0,0,1,0,0,0,0,0,0,0,1,0,0,0,0
335808214,1,1,0,0,0,0,2,0,0,1,0,0,0,0,0,0,0,1,0,0,0,0
336043869,1,1,0,0,0,0,2,0,0,1,0,0,0,0,0,0,0,1,0,0,0,0
336284645,1,1,0,0,0,0,2,0,0,1,0,0,0,0,0,0,0,1,0,0,0,0
336520984,1,1,0,0,0,0,2,0,0,1,0,0,0,0,0,0,0,1,0,0,0,0
336761196,1,1,0,0,0,0,2,0,0,1,0,0,0,0,0,0,0,1,0,0,0,0
336989959,1,1,0,0,0,0,2,0,0,1,0,0,0,0,0,0,0,1,0,0,0,0
337229728,1,1,0,0,0,0,2,0,0,1,0,0,0,0,0,0,0,1,0,0,0,0
337471417,1,1,0,0,0,0,2,0,0,1,0,0,0,0,0,0,0,1,0,0,0,0
337710773,1,1,0,0,0,0,2,0,0,1,0,0,0,0,0,0,0,1,0,0,0,0
337723059,1,1,0,0,0,5,2,0,1,1,0,0,0,0,0,1,0,1,0,0,0,0
337947207,1,1,0,0,0,5,2,0,1,1,0,0,0,0,0,1,0,1,0,0,0,0
338180061,1,1,0,0,0,5,2,0,1,1,0,0,0,0,0,1,0,1,0,0,0,0
338419585,1,1,0,0,0,5,2,0,1,1,0,0,0,0,0,1,0,1,0,0,0,0
338657305,1,1,0,0,0,5,2,0,1,1,0,0,0,0,0,1,0,1,0,0,0,0
338897024,1,1,0,0,0,5,2,0,1,1,0,0,0,0,0,1,0,1,0,0,0,0
339137603,1,1,0,0,0,5,2,0,1,1,0,0,0,0,0,1,0,1,0,0,0,0
339378378,1,1,0,0,0,5,2,0,1,1,0,0,0,0,0,1,0,1,0,0,0,0
339618018,1,1,0,0,0,5,2,0,1,1,0,0,0,0,0,1,0,1,0,0,0,0
339858703,1,1,0,0,0,5,2,0,1,1,0,0,0,0,0,1,0,1,0,0,0,0
340093211,1,1,0,0,0,5,2,0,1,1,0,0,0,0,0,1,0,1,0,0,0,0
340326964,1,1,0,0,0,5,2,0,1,1,0,0,0,0,0,1,0,1,0,0,0,0
340568180,1,1,0,0,0,5,2,0,1,1,0,0,0,0,0,1,0,1,0,0,0,0
340808599,1,1,0,0,0,5,2,0,1,1,0,0,0,0,0,1,0,1,0,0,0,0
341048795,1,1,0,0,0,5,2,0,1,1,0,0,0,0,0,1,0,1,0,0,0,0
341289412,1,1,0,0,0,5,2,0,1,1,0,0,0,0,0,1,0,1,0,0,0,0
341526267,1,1,0,0,0,5,2,0,1,1,0,0,0,0,0,1,0,1,0,0,0,0
341765692,1,1,0,0,0,5,2,0,1,1,0,0,0,0,0,1,0,1,0,0,0,0
342006702,1,1,0,0,0,5,2,0,1,1,0,0,0,0,0,1,0,1,0,0,0,0
342246169,1,1,0,0,0,5,2,0,1,1,0,0,0,0,0,1,0,1,0,0,0,0
342487261,1,1,0,0,0,5,2,0,1,1,0,0,0,0,0,1,0,1,0,0,0,0
342725207,1,1,0,0,0,5,2,0,1,1,0,0,0,0,0,1,0,1,0,0,0,0
342956194,1,1,0,0,0,5,2,0,1,1,0,0,0,0,0,1,0,1,0,0,0,0
343196175,1,1,0,0,0,5,2,0,1,1,0,0,0,0,0,1,0,1,0,0,0,0
343432371,1,1,0,0,0,5,2,0,1,1,0,0,0,0,0,1,0,1,0,0,0,0
343672207,1,1,0,0,0,5,2,0,1,1,0,0,0,0,0,1,0,1,0,0,0,0
343909400,1,1,0,0,0,5,2,0,1,1,0,0,0,0,0,1,0,1,0,0,0,0
344145535,1,1,0,0,0,5,2,0,1,1,0,0,0,0,0,1,0,1,0,0,0,0
344382868,1,1,0,0,0,5,2,0,1,1,0,0,0,0,0,1,0,1,0,0,0,0
344622677,1,1,0,0,0,5,2,0,1,1,0,0,0,0,0,1,0,1,0,0,0,0
344863274,1,1,0,0,0,5,2,0,1,1,0,0,0,0,0,1,0,1,0,0,0,0
345103433,1,1,0,0,0,5,2,0,1,1,0,0,0,0,0,1,0,1,0,0,0,0
345344154,1,1,0,0,0,5,2,0,1,1,0,0,0,0,0,1,0,1,0,0,0,0
345584353,1,1,0,0,0,5,2,0,1,1,0,0,0,0,0,1,0,1,0,0,0,0
345825114,1,1,0,0,0,5,2,0,1,1,0,0,0,0,0,1,0,1,0,0,0,0
346065071,1,1,0,0,0,5,2,0,1,1,0,0,0,0,0,1,0,1,0,0,0,0
346306009,1,1,0,0,0,5,2,0,1,1,0,0,0,0,0,1,0,1,0,0,0,0
346545763,1,1,0,0,0,5,2,0,1,1,0,0,0,0,0,1,0,1,0,0,0,0
346782804,1,1,0,0,0,5,2,0,1,1,0,0,0,0,0,1,0,1,0,0,0,0
347022601,1,1,0,0,0,5,2,0,1,1,0,0,0,0,0,1,0,1,0,0,0,0
347263658,1,1,0,0,0,5,2,0,1,1,0,0,0,0,0,1,0,1,0,0,0,0
347503445,1,1,0,0,0,5,2,0,1,1,0,0,0,0,0,1,0,1,0,0,0,0
347743902,1,1,0,0,0,5,2,0,1,1,0,0,0,0,0,1,0,1,0,0,0,0
347984515,1,1,0,0,0,5,2,0,1,1,0,0,0,0,0,1,0,1,0,0,0,0
348220239,1,1,0,0,0,5,2,0,1,1,0,0,0,0,0,1,0,1,0,0,0,0
348460270,1,1,0,0,0,5,2,0,1,1,0,0,0,0,0,1,0,1,0,0,0,0
348690795,1,1,0,0,0,5,2,0,1,1,0,0,0,0,0,1,0,1,0,0,0,0
348930544,1,1,0,0,0,5,2,0,1,1,0,0,0,0,0,1,0,1,0,0,0,0
349170742,1,1,0,0,0,5,2,0,1,1,0,0,0,0,0,1,0,1,0,0,0,0
349411012,1,1,0,0,0,5,2,0,1,1,0,0,0,0,0,1,0,1,0,0,0,0
349642865,1,1,0,0,0,5,2,0,1,1,0,0,0,0,0,1,0,1,0,0,0,0
349870479,1,1,0,0,0,5,2,0,1,1,0,0,0,0,0,1,0,1,0,0,0,0
350108477,1,1,0,0,0,5,2,0,1,1,0,0,0,0,0,1,0,1,0,0,0,0
350348075,1,1,0,0,0,5,2,0,1,1,0,0,0,0,0,1,0,1,0,0,0,0
350584404,1,1,0,0,0,5,2,0,1,1,0,0,0,0,0,1,0,1,0,0,0,0
350824209,1,1,0,0,0,5,2,0,1,1,0,0,0,0,0,1,0,1,0,0,0,0
351057230,1,1,0,0,0,5,2,0,1,1,0,0,0,0,0,1,0,1,0,0,0,0
351294359,1,1,0,0,0,5,2,0,1,1,0,0,0,0,0,1,0,1,0,0,0,0
351523290,1,1,0,0,0,5,2,0,1,1,0,0,0,0,0,1,0,1,0,0,0,0
351763109,1,1,0,0,0,5,2,0,1,1,0,0,0,0,0,1,0,1,0,0,0,0
352003219,1,1,0,0,0,5,2,0,1,1,0,0,0,0,0,1,0,1,0,0,0,0
352243441,1,1,0,0,0,5,2,0,1,1,0,0,0,0,0,1,0,1,0,0,0,0
352485490,1,1,0,0,0,5,2,0,1,1,0,0,0,0,0,1,0,1,0,0,0,0
352725816,1,1,0,0,0,5,2,0,1,1,0,0,0,0,0,1,0,1,0,0,0,0
352966578,1,1,0,0,0,5,2,0,1,1,0,0,0,0,0,1,0,1,0,0,0,0
353206709,1,1,0,0,0,5,2,0,1,1,0,0,0,0,0,1,0,1,0,0,0,0
353446736,1,1,0,0,0,5,2,0,1,1,0,0,0,0,0,1,0,1,0,0,0,0
353686689,1,1,0,0,0,5,2,0,1,1,0,0,0,0,0,1,0,1,0,0,0,0
353926565,1,1,0,0,0,5,2,0,1,1,0,0,0,0,0,1,0,1,0,0,0,0
354166679,1,1,0,0,0,5,2,0,1,1,0,0,0,0,0,1,0,1,0,0,0,0
354407343,1,1,0,0,0,5,2,0,1,1,0,0,0,0,0,1,0,1,0,0,0,0
354637275,1,1,0,0,0,5,2,0,1,1,0,0,0,0,0,1,0,1,0,0,0,0
354877200,1,1,0,0,0,5,2,0,1,1,0,0,0,0,0,1,0,1,0,0,0,0
355116459,1,1,0,0,0,5,2,0,1,1,0,0,0,0,0,1,0,1,0,0,0,0
355356287,1,1,0,0,0,5,2,0,1,1,0,0,0,0,0,1,0,1,0,0,0,0
355596471,1,1,0,0,0,5,2,0,1,1,0,0,0,0,0,1,0,1,0,0,0,0
355830223,1,1,0,0,0,5,2,0,1,1,0,0,0,0,0,1,0,1,0,0,0,0
356069882,1,1,0,0,0,5,2,0,1,1,0,0,0,0,0,1,0,1,0,0,0,0
356301873,1,1,0,0,0,5,2,0,1,1,0,0,0,0,0,1,0,1,0,0,0,0
356538770,1,1,0,0,0,5,2,0,1,1,0,0,0,0,0,1,0,1,0,0,0,0
356775292,1,1,0,0,0,5,2,0,1,1,0,0,0,0,0,1,0,1,0,0,0,0
357008097,1,1,0,0,0,5,2,0,1,1,0,0,0,0,0,1,0,1,0,0,0,0
357248304,1,1,0,0,0,5,2,0,1,1,0,0,0,0,0,1,0,1,0,0,0,0
357488555,1,1,0,0,0,5,2,0,1,1,0,0,0,0,0,1,0,1,0,0,0,0
357729132,1,1,0,0,0,5,2,0,1,1,0,0,0,0,0,1,0,1,0,0,0,0
357969131,1,1,0,0,0,5,2,0,1,1,0,0,0,0,0,1,0,1,0,0,0,0
358209385,1,1,0,0,0,5,2,0,1,1,0,0,0,0,0,1,0,1,0,0,0,0
358445811,1,1,0,0,0,5,2,0,1,1,0,0,0,0,0,1,0,1,0,0,0,0
358686848,1,1,0,0,0,5,2,0,1,1,0,0,0,0,0,1,0,1,0,0,0,0
358918319,1,1,0,0,0,5,2,0,1,1,0,0,0,0,0,1,0,1,0,0,0,0
359155373,1,1,0,0,0,5,2,0,1,1,0,0,0,0,0,1,0,1,0,0,0,0
359383836,1,1,0,0,0,5,2,0,1,1,0,0,0,0,0,1,0,1,0,0,0,0
359612221,1,1,0,0,0,5,2,0,1,1,0,0,0,0,0,1,0,1,0,0,0,0
359852094,1,1,0,0,0,5,2,0,1,1,0,0,0,0,0,1,0,1,0,0,0,0
360092442,1,1,0,0,0,5,2,0,1,1,0,0,0,0,0,1,0,1,0,0,0,0
360333078,1,1,0,0,0,5,2,0,1,1,0,0,0,0,0,1,0,1,0,0,0,0
360573004,1,1,0,0,0,5,2,0,1,1,0,0,0,0,0,1,0,1,0,0,0,0
360801619,1,1,0,0,0,5,2,0,1,1,0,0,0,0,0,1,0,1,0,0,0,0
361041931,1,1,0,0,0,5,2,0,1,1,0,0,0,0,0,1,0,1,0,0,0,0
361271637,1,1,0,0,0,5,2,0,1,1,0,0,0,0,0,1,0,1,0,0,0,0
361511114,1,1,0,0,0,5,2,0,1,1,0,0,0,0,0,1,0,1,0,0,0,0
361751314,1,1,0,0,0,5,2,0,1,1,0,0,0,0,0,1,0,1,0,0,0,0
361991557,1,1,0,0,0,5,2,0,1,1,0,0,0,0,0,1,0,1,0,0,0,0
362231958,1,1,0,0,0,5,2,0,1,1,0,0,0,0,0,1,0,1,0,0,0,0
362471790,1,1,0,0,0,5,2,0,1,1,0,0,0,0,0,1,0,1,0,0,0,0
362709495,1,1,0,0,0,5,2,0,1,1,0,0,0,0,0,1,0,1,0,0,0,0
362949416,1,1,0,0,0,5,2,0,1,1,0,0,0,0,0,1,0,1,0,0,0,0
363189875,1,1,0,0,0,5,2,0,1,1,0,0,0,0,0,1,0,1,0,0,0,0
363430233,1,1,0,0,0,5,2,0,1,1,0,0,0,0,0,1,0,1,0,0,0,0
363670989,1,1,0,0,0,5,2,0,1,1,0,0,0,0,0,1,0,1,0,0,0,0
363910584,1,1,0,0,0,5,2,0,1,1,0,0,0,0,0,1,0,1,0,0,0,0
364143002,1,1,0,0,0,5,2,0,1,1,0,0,0,0,0,1,0,1,0,0,0,0
364379503,1,1,0,0,0,5,2,0,1,1,0,0,0,0,0,1,0,1,0,0,0,0
364619484,1,1,0,0,0,5,2,0,1,1,0,0,0,0,0,1,0,1,0,0,0,0
364859507,1,1,0,0,0,5,2,0,1,1,0,0,0,0,0,1,0,1,0,0,0,0
365096893,1,1,0,0,0,5,2,0,1,1,0,0,0,0,0,1,0,1,0,0,0,0
365337402,1,1,0,0,0,5,2,0,1,1,0,0,0,0,0,1,0,1,0,0,0,0
365569439,1,1,0,0,0,5,2,0,1,1,0,0,0,0,0,1,0,1,0,0,0,0
365805939,1,1,0,0,0,5,2,0,1,1,0,0,0,0,0,1,0,1,0,0,0,0
366042689,1,1,0,0,0,5,2,0,1,1,0,0,0,0,0,1,0,1,0,0,0,0
366282828,1,1,0,0,0,5,2,0,1,1,0,0,0,0,0,1,0,1,0,0,0,0
366523203,1,1,0,0,0,5,2,0,1,1,0,0,0,0,0,1,0,1,0,0,0,0
366759278,1,1,0,0,0,5,2,0,1,1,0,0,0,0,0,1,0,1,0,0,0,0
366990840,1,1,0,0,0,5,2,0,1,1,0,0,0,0,0,1,0,1,0,0,0,0
367227286,1,1,0,0,0,5,2,0,1,1,0,0,0,0,0,1,0,1,0,0,0,0
367467768,1,1,0,0,0,5,2,0,1,1,0,0,0,0,0,1,0,1,0,0,0,0
367704176,1,1,0,0,0,5,2,0,1,1,0,0,0,0,0,1,0,1,0,0,0,0
367944300,1,1,0,0,0,5,2,0,1,1,0,0,0,0,0,1,0,1,0,0,0,0
368178457,1,1,0,0,0,5,2,0,1,1,0,0,0,0,0,1,0,1,0,0,0,0
368417992,1,1,0,0,0,5,2,0,1,1,0,0,0,0,0,1,0,1,0,0,0,0
368646415,1,1,0,0,0,5,2,0,1,1,0,0,0,0,0,1,0,1,0,0,0,0
368880295,1,1,0,0,0,5,2,0,1,1,0,0,0,0,0,1,0,1,0,0,0,0
369115436,1,1,0,0,0,5,2,0,1,1,0,0,0,0,0,1,0,1,0,0,0,0
369348297,1,1,0,0,0,5,2,0,1,1,0,0,0,0,0,1,0,1,0,0,0,0
369575533,1,1,0,0,0,5,2,0,1,1,0,0,0,0,0,1,0,1,0,0,0,0
369815484,1,1,0,0,0,5,2,0,1,1,0,0,0,0,0,1,0,1,0,0,0,0
370052173,1,1,0,0,0,5,2,0,1,1,0,0,0,0,0,1,0,1,0,0,0,0
370292474,1,1,0,0,0,5,2,0,1,1,0,0,0,0,0,1,0,1,0,0,0,0
370529948,1,1,0,0,0,5,2,0,1,1,0,0,0,0,0,1,0,1,0,0,0,0
370769860,1,1,0,0,0,5,2,0,1,1,0,0,0,0,0,1,0,1,0,0,0,0
371007115,1,1,0,0,0,5,2,0,1,1,0,0,0,0,0,1,0,1,0,0,0,0
371239386,1,1,0,0,0,5,2,0,1,1,0,0,0,0,0,1,0,1,0,0,0,0
371470352,1,1,0,0,0,5,2,0,1,1,0,0,0,0,0,1,0,1,0,0,0,0
371707624,1,1,0,0,0,5,2,0,1,1,0,0,0,0,0,1,0,1,0,0,0,0
371947320,1,1,0,0,0,5,2,0,1,1,0,0,0,0,0,1,0,1,0,0,0,0
372188209,1,1,0,0,0,5,2,0,1,1,0,0,0,0,0,1,0,1,0,0,0,0
372428634,1,1,0,0,0,5,2,0,1,1,0,0,0,0,0,1,0,1,0,0,0,0
372669072,1,1,0,0,0,5,2,0,1,1,0,0,0,0,0,1,0,1,0,0,0,0
372909185,1,1,0,0,0,5,2,0,1,1,0,0,0,0,0,1,0,1,0,0,0,0
373141478,1,1,0,0,0,5,2,0,1,1,0,0,0,0,0,1,0,1,0,0,0,0
373377882,1,1,0,0,0,5,2,0,1,1,0,0,0,0,0,1,0,1,0,0,0,0
373614777,1,1,0,0,0,5,2,0,1,1,0,0,0,0,0,1,0,1,0,0,0,0
373855015,1,1,0,0,0,5,2,0,1,1,0,0,0,0,0,1,0,1,0,0,0,0
374095419,1,1,0,0,0,5,2,0,1,1,0,0,0,0,0,1,0,1,0,0,0,0
374335643,1,1,0,0,0,5,2,0,1,1,0,0,0,0,0,1,0,1,0,0,0,0
374569253,1,1,0,0,0,5,2,0,1,1,0,0,0,0,0,1,0,1,0,0,0,0
374807797,1,1,0,0,0,5,2,0,1,1,0,0,0,0,0,1,0,1,0,0,0,0
375047599,1,1,0,0,0,5,2,0,1,1,0,0,0,0,0,1,0,1,0,0,0,0
375284377,1,1,0,0,0,5,2,0,1,1,0,0,0,0,0,1,0,1,0,0,0,0
375524700,1,1,0,0,0,5,2,0,1,1,0,0,0,0,0,1,0,1,0,0,0,0
375761868,1,1,0,0,0,5,2,0,1,1,0,0,0,0,0,1,0,1,0,0,0,0
376001763,1,1,0,0,0,5,2,0,1,1,0,0,0,0,0,1,0,1,0,0,0,0
376242426,1,1,0,0,0,5,2,0,1,1,0,0,0,0,0,1,0,1,0,0,0,0
376483854,1,1,0,0,0,5,2,0,1,1,0,0,0,0,0,1,0,1,0,0,0,0
376723178,1,1,0,0,0,5,2,0,1,1,0,0,0,0,0,1,0,1,0,0,0,0
376963287,1,1,0,0,0,5,2,0,1,1,0,0,0,0,0,1,0,1,0,0,0,0
377204471,1,1,0,0,0,5,2,0,1,1,0,0,0,0,0,1,0,1,0,0,0,0
377444240,1,1,0,0,0,5,2,0,1,1,0,0,0,0,0,1,0,1,0,0,0,0
377680358,1,1,0,0,0,5,2,0,1,1,0,0,0,0,0,1,0,1,0,0,0,0
377920191,1,1,0,0,0,5,2,0,1,1,0,0,0,0,0,1,0,1,0,0,0,0
378154411,1,1,0,0,0,5,2,0,1,1,0,0,0,0,0,1,0,1,0,0,0,0
378393632,1,1,0,0,0,5,2,0,1,1,0,0,0,0,0,1,0,1,0,0,0,0
378634474,1,1,0,0,0,5,2,0,1,1,0,0,0,0,0,1,0,1,0,0,0,0
378875467,1,1,0,0,0,5,2,0,1,1,0,0,0,0,0,1,0,1,0,0,0,0
379115145,1,1,0,0,0,5,2,0,1,1,0,0,0,0,0,1,0,1,0,0,0,0
379355498,1,1,0,0,0,5,2,0,1,1,0,0,0,0,0,1,0,1,0,0,0,0
379583400,1,1,0,0,0,5,2,0,1,1,0,0,0,0,0,1,0,1,0,0,0,0
379823677,1,1,0,0,0,5,2,0,1,1,0,0,0,0,0,1,0,1,0,0,0,0
380063401,1,1,0,0,0,5,2,0,1,1,0,0,0,0,0,1,0,1,0,0,0,0
380300811,1,1,0,0,0,5,2,0,1,1,0,0,0,0,0,1,0,1,0,0,0,0
380541056,1,1,0,0,0,5,2,0,1,1,0,0,0,0,0,1,0,1,0,0,0,0
380782064,1,1,0,0,0,5,2,0,1,1,0,0,0,0,0,1,0,1,0,0,0,0
381021635,1,1,0,0,0,5,2,0,1,1,0,0,0,0,0,1,0,1,0,0,0,0
381263109,1,1,0,0,0,5,2,0,1,1,0,0,0,0,0,1,0,1,0,0,0,0
381502679,1,1,0,0,0,5,2,0,1,1,0,0,0,0,0,1,0,1,0,0,0,0
381740592,1,1,0,0,0,5,2,0,1,1,0,0,0,0,0,1,0,1,0,0,0,0
