timestamp,voltage_v,voltage_filtered_v,current_a,current_filtered_a,discharged_mah,remaining,scale,cell_count,connected,warning
25572646,11.029,11.20664,0.0,0.00051786,0.003729782,0.4272684,1.12245,3,1,0
25877562,11.1192,11.185564,0.0,0.0003188882,0.003729782,0.42411274,1.1232078,3,1,0
26178332,11.1274,11.166625,0.0,0.00019243789,0.003729782,0.42080492,1.1240033,3,1,0
26480056,11.0864,11.154243,0.0,0.00011612954,0.003729782,0.41920945,1.1243873,3,1,0
26780672,11.1274,11.145625,0.0,7.008011e-05,0.003729782,0.41839108,1.1245844,3,1,0
27081468,11.1356,11.138177,0.0,4.2290896e-05,0.003729782,0.41744313,1.1248128,3,1,0
27382292,11.0864,11.134481,0.0,2.552108e-05,0.003729782,0.41758177,1.1247795,3,1,0
27683109,11.1684,11.132252,0.0,1.5401078e-05,0.003729782,0.41795772,1.1246887,3,1,0
27984701,11.1602,11.132935,0.0,9.294013e-06,0.003729782,0.4192578,1.1243757,3,1,0
28285462,11.152,11.131706,0.0,5.608611e-06,0.003729782,0.41953552,1.1243088,3,1,0
28586358,11.2176,11.1422615,0.0,0.005690946,0.0048820726,0.42543727,1.1228896,3,1,0
28887127,11.5784,11.220071,0.0,0.0034342865,0.0048820726,0.4615594,1.1142807,3,1,0
29187875,11.5374,11.2911,0.0,0.0020724717,0.0048820726,0.49401316,1.1066579,3,1,0
29488683,11.4472,11.343758,0.0,0.0012506644,0.0048820726,0.5181776,1.1010495,3,1,0
29789519,11.5456,11.3868475,0.0,0.0007547322,0.0048820726,0.53786033,1.0965232,3,1,0
30091104,11.6112,11.419898,0.0,0.0004554544,0.0048820726,0.55297774,1.0930718,3,1,0
30391864,11.5866,11.445876,0.0,0.00027485078,0.0048820726,0.5648484,1.090377,3,1,0
30692756,11.4882,11.466,0.0,0.00016586283,0.0048820726,0.57404697,1.0882978,3,1,0
30993451,11.562,11.466597,0.0,0.000100092395,0.0048820726,0.5749289,1.0880989,3,1,0
31294389,11.0864,11.453635,0.0,6.0402253e-05,0.0048820726,0.57002044,1.0892069,3,1,0
31595125,11.3488,11.44899,0.0,3.645064e-05,0.0048820726,0.56846696,1.0895581,3,1,0
31895953,11.5292,11.441486,0.0,2.1996686e-05,0.0048820726,0.56563836,1.090198,3,1,0
32197488,11.5538,11.446856,0.0,1.3274231e-05,0.0048820726,0.5681073,1.0896394,3,1,0
32498281,11.2176,11.440804,0.0,8.010535e-06,0.0048820726,0.5657667,1.0901691,3,1,0
32799123,11.0208,11.425196,0.0,4.8340776e-06,0.0048820726,0.5594022,1.0916117,3,1,0
33099893,11.5456,11.432602,0.0,2.917196e-06,0.0048820726,0.56259716,1.0908871,3,1,0
33400708,11.5128,11.441862,0.0,1.7604258e-06,0.0048820726,0.566541,1.0899937,3,1,0
33701537,11.5784,11.463978,0.0,1.0623555e-06,0.0048820726,0.5758217,1.0878977,3,1,0
34003213,11.521,11.477238,0.0,6.410944e-07,0.0048820726,0.5813974,1.0866421,3,1,0
34303864,11.5292,11.489724,0.0,3.8687804e-07,0.0048820726,0.59029084,1.0846455,3,1,0
34604664,11.4800005,11.485589,0.7564,0.092250384,0.021560606,0.5985445,1.0827992,3,1,0
34905571,11.4554,11.470301,0.7068,0.30692017,0.074967965,0.60117936,1.082211,3,1,0
35206324,11.2504,11.446334,1.7608,0.5400599,0.14597528,0.60031587,1.0824037,3,1,0
35507099,11.0536,11.391196,2.8272,1.3087916,0.34951586,0.5912186,1.0844376,3,1,0
35808682,10.7174,11.303425,4.8855996,2.447556,0.69373155,0.57182765,1.0887988,3,1,0
36109605,10.4304,11.185438,6.9812,3.89352,1.1950442,0.542913,1.0953672,3,1,0
36410248,10.8322,11.050689,9.684401,5.6158986,1.876912,0.5083662,1.1033199,3,1,0
36711084,10.496,10.917499,9.076799,6.954883,2.6280231,0.4715793,1.1119161,3,1,0
37011864,10.332,10.802809,8.7916,7.72555,3.3715248,0.43842125,1.11978,3,1,0
37312708,10.6108,10.724813,8.5188,8.1849785,4.1157303,0.41675013,1.1249799,3,1,0
37613512,11.4800005,10.82371,0.0,5.747127,4.3109055,0.44088805,1.119191,3,1,0
37914284,11.4226,10.961738,0.0,3.4681902,4.3109055,0.47200996,1.1118146,3,1,0
38215177,11.4882,11.069339,0.0,2.0929313,4.3109055,0.49631545,1.1061211,3,1,0
38516684,11.5128,11.157441,0.0,1.2630107,4.3109055,0.5170569,1.1013085,3,1,0
38817519,11.4800005,11.224518,0.0,0.7621828,4.3109055,0.5325855,1.0977325,3,1,0
39118364,11.4800005,11.278762,0.0,0.4599506,4.3109055,0.54552627,1.0947703,3,1,0
39419133,11.4472,11.317168,0.0,0.27756408,4.3109055,0.5540145,1.0928359,3,1,0
39719919,11.4308,11.350319,0.0,0.1675002,4.3109055,0.5619829,1.0910263,3,1,0
40020646,11.4308,11.373376,0.0,0.10108052,4.3109055,0.56704336,1.0898801,3,1,0
40321489,11.4718,11.396226,0.0,0.060998563,4.3109055,0.57302874,1.0885276,3,1,0
40622251,11.4964,11.414666,0.0,0.036810495,4.3109055,0.57796144,1.0874155,3,1,0
40923911,11.4144,11.42663,0.0,0.022671336,4.3109884,0.58080673,1.086775,3,1,0
41224664,11.4882,11.438318,0.0,0.01368136,4.3109884,0.58401304,1.0860541,3,1,0
41525568,11.4882,11.444883,0.0,0.008256223,4.3109884,0.5854542,1.0857304,3,1,0
41826293,11.4800005,11.453693,0.0,0.004982342,4.3109884,0.5881186,1.0851325,3,1,0
42127154,11.4882,11.459176,0.0,0.003006669,4.3109884,0.5896197,1.084796,3,1,0
42427921,11.4964,11.468276,0.0,0.0018144198,4.3109884,0.5928016,1.0840832,3,1,0
42728680,11.4554,11.469653,0.0,0.0010949391,4.3109884,0.5929018,1.0840608,3,1,0
43030309,11.5128,11.475145,0.0,0.0006607573,4.3109884,0.594822,1.083631,3,1,0
43331086,11.4882,11.475447,0.0,0.0015896399,4.3112097,0.59466106,1.083667,3,1,0
43632031,11.521,11.478092,0.0,0.0009592921,4.3112097,0.59554,1.0834706,3,1,0
43932664,11.5128,11.479971,0.0,0.0005788993,4.3112097,0.59614855,1.0833344,3,1,0
44233615,11.4636,11.451466,0.0,0.00034934547,4.3112097,0.5841359,1.0860265,3,1,0
44534363,11.4964,11.448782,0.0,0.00021081779,4.3112097,0.58291346,1.0863012,3,1,0
44835148,11.504601,11.45702,0.0,0.00012722118,4.3112097,0.58626497,1.0855484,3,1,0
45135880,11.5128,11.43832,0.0,7.677353e-05,4.3112097,0.57841027,1.0873144,3,1,0
45436716,11.4472,11.434228,0.0,4.6330144e-05,4.3112097,0.5766552,1.0877098,3,1,0
45738324,11.3078,11.428509,0.0,2.7958626e-05,4.3112097,0.574235,1.0882554,3,1,0
46038301,11.1684,11.4136095,0.0,1.6872054e-05,4.3112097,0.567996,1.0896646,3,1,0
46339963,11.5128,11.424734,0.0,1.0181694e-05,4.3112097,0.57260853,1.0886225,3,1,0
46640690,11.4472,11.425849,0.0,6.1442956e-06,4.3112097,0.5730541,1.0885218,3,1,0
46941488,11.5374,11.434228,0.0,3.7078667e-06,4.3112097,0.57653165,1.0877376,3,1,0
47242264,11.4882,11.444885,0.0,2.237568e-06,4.3112097,0.58096075,1.0867404,3,1,0
47543138,11.4636,11.441746,0.0,1.3502943e-06,4.3112097,0.5796445,1.0870365,3,1,0
47844003,11.439,11.440907,0.0,8.148556e-07,4.3112097,0.5792886,1.0871166,3,1,0
48144788,11.4964,11.440451,0.0,4.9173684e-07,4.3112097,0.5790934,1.0871606,3,1,0
48445480,11.521,11.444939,0.0,2.9674598e-07,4.3112097,0.5809591,1.0867406,3,1,0
48746356,11.504601,11.450047,0.0,1.7907584e-07,4.3112097,0.5830835,1.0862631,3,1,0
49048127,11.398,11.455361,0.0,1.08066e-07,4.3112097,0.5852956,1.0857661,3,1,0
49348763,11.4718,11.4605465,0.0,6.521406e-08,4.3112097,0.58745456,1.0852815,3,1,0
49649510,11.4636,11.4679365,0.0,3.9354408e-08,4.3112097,0.5905331,1.0845913,3,1,0
49950299,11.4800005,11.462818,0.0,2.3749012e-08,4.3112097,0.5883997,1.0850695,3,1,0
50251109,11.3816,11.466876,0.0,1.4331699e-08,4.3112097,0.5900897,1.0846906,3,1,0
50551883,11.4964,11.464486,0.0,8.648679e-09,4.3112097,0.5890941,1.0849137,3,1,0
50852754,11.504601,11.459982,0.0,0.00086118584,4.3113756,0.5872171,1.0853348,3,1,0
51153519,11.4964,11.46741,0.0,0.0005196956,4.3113756,0.590311,1.0846411,3,1,0
51466311,11.4882,11.473107,0.0,0.0003073457,4.3113756,0.59268326,1.0841097,3,1,0
51767072,11.316,11.473012,0.0,0.00018547238,4.3113756,0.59264404,1.0841185,3,1,0
52067885,11.4554,11.474327,0.0,0.0001119261,4.3113756,0.5931916,1.0839959,3,1,0
52357499,11.4308,11.455182,0.0,6.892192e-05,4.3113756,0.5852131,1.0857846,3,1,0
52670434,11.4800005,11.450243,0.0,4.0760133e-05,4.3113756,0.58315426,1.0862471,3,1,0
52971077,11.562,11.445514,0.0,2.4597317e-05,4.3113756,0.58118236,1.0866904,3,1,0
53271904,11.4636,11.454541,0.0,1.4843618e-05,4.3113756,0.58494365,1.0858451,3,1,0
53572676,11.4882,11.460571,0.0,8.957603e-06,4.3113756,0.5874569,1.085281,3,1,0
53873536,11.4718,11.462864,0.0,5.405601e-06,4.3113756,0.58841264,1.0850666,3,1,0
54174268,11.4472,11.467077,0.0,3.2620912e-06,4.3113756,0.59016794,1.084673,3,1,0
54475232,11.5292,11.465811,0.0,1.9685579e-06,4.3113756,0.58964115,1.0847911,3,1,0
54775909,11.5456,11.471406,0.0,1.1879558e-06,4.3113756,0.5919729,1.0842687,3,1,0
55076805,11.4964,11.466764,0.0,7.168898e-07,4.3113756,0.5900385,1.0847021,3,1,0
55377480,11.5128,11.461916,0.0,4.326179e-07,4.3113756,0.5880182,1.085155,3,1,0
55678450,11.5128,11.465407,0.0,2.610698e-07,4.3113756,0.5894738,1.0848286,3,1,0
55979136,11.4636,11.469705,0.0,1.5754651e-07,4.3113756,0.5912646,1.0844274,3,1,0
56279877,11.521,11.4672165,0.0,9.507381e-08,4.3113756,0.5902273,1.0846598,3,1,0
56580666,11.398,11.456098,0.16119999,0.003224057,4.311913,0.58912045,1.0849079,3,1,0
56882383,10.7994,11.407096,5.0343995,0.7406255,4.451312,0.5930841,1.08402,3,1,0
57182287,10.6928005,11.242518,7.6632,3.2604902,5.040706,0.5517702,1.0933467,3,1,0
57483850,10.2992,11.058441,9.4116,5.5286617,5.7904654,0.5020145,1.1047945,3,1,0
57784808,10.004,10.863336,11.9784,7.755828,6.714322,0.446326,1.1178951,3,1,0
58085484,10.25,10.62676,15.276799,10.449978,7.92601,0.3737817,1.1354342,3,1,0
58988287,9.7498,10.197232,14.942,13.62503,11.570181,0.24359626,1.1683292,3,1,0
59589464,9.7662,10.031862,14.384,14.190453,13.992814,0.19182009,1.1819478,3,1,0
59890298,9.4464,9.962975,14.136,14.308983,15.204335,0.16894573,1.1880661,3,1,0
60191060,9.8482,9.912492,14.470799,14.346865,16.406729,0.15244624,1.1925187,3,1,0
60491877,9.471,9.881934,14.0864,14.380674,17.613056,0.14323933,1.1950179,3,1,1
60792693,9.6186,9.848099,14.594799,14.3865795,18.81571,0.13213126,1.198047,3,1,1
61093518,9.2988,9.737363,18.1288,15.835559,20.31813,0.093804665,1.2086178,3,1,1
61394265,9.4054,9.649985,18.091599,16.737722,21.8317,0.06362452,1.2170739,3,1,2
61695983,9.3808,9.599568,18.228,17.318825,23.356703,0.04745964,1.2216519,3,1,3
61995909,9.3644,9.539489,18.2032,17.667154,24.872662,0.026192727,1.2277275,3,1,3
62297473,9.3726,9.498686,18.066801,17.892902,26.402086,0.01212143,1.2317809,3,1,3
62597554,9.758,9.479707,18.4388,18.00697,27.918516,0.0064921393,1.2334099,3,1,3
62899123,9.3234005,9.444453,18.500801,18.066202,29.438696,0.0,1.235294,3,1,3
63199864,9.3398,9.422579,17.9428,18.064177,30.947731,0.0,1.235294,3,1,3
63500664,9.3152,9.394213,17.918,18.033417,32.450413,0.0,1.235294,3,1,3
63801472,9.102,9.372363,17.67,17.992687,33.94941,0.0,1.235294,3,1,3
64102303,9.389,9.366532,18.0048,18.007366,35.455673,0.0,1.235294,3,1,3
64403148,9.0282,9.353689,17.9552,17.965237,36.951775,0.0,1.235294,3,1,3
64703864,9.3152,9.35458,17.8188,17.945446,38.448254,0.0,1.235294,3,1,3
65004675,9.0036,9.349422,17.9428,17.906229,39.93956,0.0,1.235294,3,1,3
65305497,9.0856,9.342649,17.5212,17.848475,41.424427,0.0,1.235294,3,1,3
65606399,9.0528,9.326898,17.1492,17.691105,42.884144,0.0,1.235294,3,1,3
65907217,9.266,9.3049555,17.3352,17.583672,44.34022,0.0,1.235294,3,1,3
66207924,9.2824,9.304776,17.3352,17.498686,45.791115,0.0007409442,1.2350787,3,1,3
66508680,9.02,9.28447,17.1492,17.469816,47.2472,0.0,1.235294,3,1,3
66809525,9.2742,9.285494,17.260801,17.399305,48.692883,0.0,1.235294,3,1,3
67110374,9.2414,9.269312,18.091599,17.407452,50.148228,0.0,1.235294,3,1,3
67411088,9.2004,9.253748,17.1864,17.393196,51.598812,0.0,1.235294,3,1,3
67711865,9.6022005,9.259517,17.794,17.395586,53.05141,0.00065099116,1.2351049,3,1,3
68012697,9.1184,9.250317,17.1244,17.388205,54.50363,0.0,1.235294,3,1,3
68313446,9.1758,9.237586,17.6204,17.411945,55.960655,0.0,1.235294,3,1,3
68614337,9.4628,9.230355,17.161598,17.303467,57.39458,7.0155686e-05,1.2352737,3,1,3
68915218,9.2496,9.234906,17.285599,17.237541,58.82701,0.0,1.235294,3,1,3
69215862,9.4136,9.2327,17.6204,17.201294,60.259457,3.608466e-05,1.2352835,3,1,3
69516680,9.0036,9.205856,16.802,17.146423,61.6865,0.0,1.235294,3,1,3
69817537,9.2168,9.198877,16.8144,17.03676,63.0966,0.0,1.235294,3,1,3
70118322,9.471,9.203787,17.0376,16.976336,64.50787,0.000100184516,1.2352649,3,1,3
70419155,8.9872,9.195912,16.6656,16.96434,65.924355,0.0,1.235294,3,1,3
70720108,9.7088,9.186413,17.161598,16.903315,67.32999,0.0010813051,1.2349799,3,1,3
71020691,9.6104,9.25087,12.648,15.800283,68.52191,0.004599657,1.2339585,3,1,3
71321479,10.209,9.366357,10.6144,14.029299,69.47711,0.024774835,1.2281348,3,1,3
71622264,9.799,9.459359,9.982,12.422338,70.31003,0.039290167,1.2239786,3,1,3
71923134,10.004,9.573925,8.7916,11.040149,71.06093,0.065537676,1.2165343,3,1,2
72223869,10.1434,9.690274,7.5888,9.741359,71.71273,0.09453129,1.2084156,3,1,1
72524703,10.0778,9.787238,8.035199,8.94539,72.35836,0.119540945,1.2014991,3,1,1
72825481,10.127,9.872655,7.7004004,8.483562,73.00887,0.1431591,1.1950397,3,1,1
73138379,10.209,9.937798,7.502,8.14417,73.674164,0.1606626,1.1902972,3,1,1
73427995,10.373,10.008851,7.6136,7.9326844,74.2849,0.18335149,1.1842057,3,1,1
73728753,10.4468,10.055432,7.9111996,7.782197,74.91581,0.19712591,1.1805377,3,1,1
74029623,10.168,10.097767,7.4895997,7.7234535,75.55364,0.21038415,1.1770285,3,1,1
74341470,10.1106,10.120745,7.5888,7.666052,76.21108,0.21643074,1.1754352,3,1,1
74643075,10.2172,10.147211,7.8616,7.6892786,76.8576,0.22483395,1.1732279,3,1,1
74943133,9.9548,10.157173,7.378,7.695299,77.50046,0.22694235,1.1726753,3,1,1
75243867,10.2172,10.183505,7.7747993,7.7110043,78.14595,0.23632568,1.1702226,3,1,1
75545523,10.2992,10.186867,7.6632,7.6903257,78.78709,0.23649076,1.1701796,3,1,1
75846328,10.168,10.19998,7.564,7.695736,79.4309,0.24099359,1.1690062,3,1,1
76147138,10.4632,10.217496,8.06,7.726122,80.08001,0.24754484,1.1673036,3,1,1
76447882,10.1106,10.222447,7.6632,7.759567,80.732445,0.24902663,1.166919,3,1,1
76748010,10.1352005,10.220462,7.6632,7.758609,81.3794,0.24774757,1.1672509,3,1,1
77049510,10.0778,10.221076,7.7871995,7.8130198,82.041275,0.24765155,1.1672758,3,1,1
77350341,10.2254,10.21597,7.6756,7.8148274,82.69507,0.24525055,1.1678993,3,1,1
77651081,10.3156,10.233967,7.8492,7.8251824,83.35063,0.2525372,1.1660092,3,1,1
77951893,10.2828,10.246952,7.6632,7.807194,84.001335,0.25772768,1.1646665,3,1,1
78252664,10.1844,10.256609,8.3824005,7.803805,84.652794,0.2615426,1.1636817,3,1,1
78553544,10.373,10.252673,7.8864,7.7783937,85.29992,0.25974053,1.1641468,3,1,1
78853508,10.168,10.262004,7.5888,7.77551,85.947334,0.26346597,1.1631858,3,1,1
79154317,10.1352005,10.263444,7.1052003,7.676319,86.57841,0.26337045,1.1632105,3,1,1
79456043,9.8728,10.259565,7.2043996,7.6074476,87.207085,0.26099113,1.163824,3,1,1
79755968,10.0942,10.259169,7.1672,7.5534453,87.83039,0.26016182,1.164038,3,1,1
80056684,10.2582,10.2709255,6.4728,7.201016,88.38826,0.26249003,1.1634374,3,1,1
80357499,10.5698,10.285782,6.9068,6.9800577,88.94406,0.26667556,1.1623594,3,1,1
80658354,10.5206,10.307631,6.6463995,6.800287,89.48905,0.27414382,1.1604404,3,1,1
80959893,10.2992,10.317147,6.51,6.700684,90.038025,0.27676463,1.1597686,3,1,1
81259864,10.537,10.332215,6.9192,6.6931386,90.59389,0.2819778,1.1584346,3,1,1
81560675,10.3894005,10.348416,6.7208,6.693271,91.153076,0.28789976,1.1569228,3,1,1
81861527,9.9384,10.350671,6.2743998,6.7096896,91.71643,0.28819445,1.1568477,3,1,1
82162267,10.5124,10.3635235,6.8572,6.713128,92.27774,0.29298535,1.1556277,3,1,1
82463104,10.3484,10.38487,5.6792,6.4297786,92.78083,0.29901674,1.1540955,3,1,1
82763926,10.5944,10.399798,5.952,6.2015605,93.26942,0.30292475,1.1531049,3,1,1
83064680,10.4714,10.395586,5.8032002,6.03218,93.75222,0.29946995,1.1539805,3,1,1
83365491,10.5944,10.422287,6.0263996,5.993271,94.248024,0.3093577,1.1514779,3,1,1
83666373,10.496,10.423484,5.9272003,5.9535403,94.740845,0.30889297,1.1515954,3,1,1
83967094,10.5124,10.422838,6.2248,5.9194155,95.230995,0.30787468,1.1518526,3,1,1
84267927,10.5288,10.423679,5.9147997,5.899781,95.72221,0.30764154,1.1519115,3,1,1
84568708,10.3648,10.440643,5.642,5.889729,96.21331,0.314256,1.1502422,3,1,1
84869524,10.4796,10.468077,5.828,5.9163694,96.71081,0.32531014,1.1474632,3,1,1
85170264,10.4304,10.454722,5.766,5.890572,97.19916,0.31938508,1.148951,3,1,1
85471072,10.578,10.467319,5.89,5.903974,97.69487,0.3243528,1.1477033,3,1,1
85771893,10.5616,10.483144,5.704,5.880268,98.18414,0.3307287,1.1461058,3,1,1
86084673,10.373,10.4923525,5.6792,5.861087,98.69115,0.33438998,1.1451905,3,1,1
86385524,10.66,10.482111,6.1008,5.842877,99.177155,0.32999185,1.1462902,3,1,1
86686330,10.5124,10.486243,5.7288,5.8456645,99.66632,0.33161202,1.1458849,3,1,1
86987144,10.6928005,10.474609,6.1628,5.8266525,100.151184,0.3266851,1.1471184,3,1,1
87287885,10.2828,10.48152,5.5676,5.850201,100.64324,0.32950345,1.1464124,3,1,1
87588729,10.6026,10.476867,6.0512,5.8480773,101.13167,0.32751763,1.1469098,3,1,1
87889491,10.578,10.485686,5.9272003,5.87591,101.62573,0.33115458,1.1459993,3,1,1
88190341,10.332,10.492753,5.6296,5.9000087,102.12193,0.3340711,1.1452701,3,1,1
88491134,10.6354,10.490246,6.076,5.924384,102.61931,0.33300436,1.1455367,3,1,1
88791864,10.3566,10.483448,5.6916,5.9195776,103.11329,0.3301537,1.1462497,3,1,1
89092704,10.4878,10.476511,5.7412,5.9039216,103.605576,0.32725045,1.1469767,3,1,1
89393512,10.3976,10.483962,5.5923996,5.893571,104.09692,0.33034438,1.146202,3,1,1
89694332,10.3238,10.494264,5.828,5.90605,104.59173,0.3346271,1.1451312,3,1,1
89995103,10.004,10.493264,5.3816,5.9208794,105.08889,0.33420485,1.1452367,3,1,1
90295908,10.4878,10.489676,5.952,5.9325285,105.58586,0.3327058,1.1456114,3,1,1
90596786,10.4140005,10.494285,5.8032002,5.963064,106.08837,0.33462203,1.1451325,3,1,1
90897532,10.6436,10.50085,6.1752,5.967865,106.58752,0.33737925,1.1444442,3,1,1
91198305,10.4796,10.487942,6.7952,6.196854,107.13095,0.33413526,1.1452541,3,1,1
91499083,10.2582,10.466756,6.7208,6.4389524,107.699905,0.32758322,1.1468933,3,1,1
91799160,10.5452,10.446005,6.8572,6.5786223,108.26633,0.32070693,1.1486187,3,1,1
92099911,10.537,10.438245,7.2292,6.690213,108.83958,0.31885105,1.1490854,3,1,1
92400708,10.373,10.434378,6.7952,6.765876,109.41419,0.3183113,1.1492211,3,1,1
92701508,10.6272,10.438905,7.192,6.812975,109.98956,0.32102928,1.1485378,3,1,1
93002265,10.332,10.434826,6.758,6.8234477,110.56048,0.3199772,1.1488022,3,1,1
93303122,10.4304,10.435742,6.758,6.844546,111.13525,0.32086253,1.1485796,3,1,1
93603966,10.4304,10.437939,6.7332,6.8589144,111.71029,0.3221692,1.1482514,3,1,1
93904707,10.6272,10.443463,7.1424,6.8926826,112.29039,0.32477543,1.1475973,3,1,1
94205480,10.3402,10.435063,6.696,6.889928,112.86558,0.32143143,1.1484367,3,1,1
94506449,10.5616,10.433575,6.9936,6.8883905,113.44115,0.320922,1.1485647,3,1,1
94807186,10.25,10.437181,6.9936,6.9064937,114.01951,0.32251105,1.1481656,3,1,1
95108148,10.4058,10.431899,7.0928,6.9052134,114.5965,0.32037684,1.1487017,3,1,1
95408729,10.1024,10.420348,6.5596,6.925405,115.177216,0.31561622,1.1498995,3,1,1
95709468,10.5288,10.421811,6.9936,6.9341,115.757355,0.316266,1.1497359,3,1,1
96010337,10.3156,10.424324,6.696,6.9452696,116.33929,0.317344,1.1494645,3,1,1
96311098,10.496,10.432042,7.1052003,6.9639125,116.923,0.32058418,1.1486496,3,1,1
96611867,10.537,10.428157,7.068,6.9666286,117.50515,0.31898525,1.1490515,3,1,1
96912664,10.291,10.412743,6.7455997,6.967116,118.08804,0.31257662,1.1506655,3,1,1
97213538,10.5944,10.410992,7.378,6.9803963,118.67269,0.31185946,1.1508465,3,1,1
97525539,10.5206,10.42198,7.0308,6.9794445,119.2776,0.31644702,1.1496903,3,1,1
97827175,10.6272,10.415809,7.3036,6.967057,119.85971,0.31388268,1.1503363,3,1,1
98127209,10.4796,10.419876,6.9564,6.9572554,120.43806,0.31558365,1.1499077,3,1,1
98427866,10.6354,10.419229,7.2664,6.9482617,121.01687,0.31531823,1.1499746,3,1,1
98728666,10.5206,10.413812,6.9812,6.9492226,121.597595,0.31306407,1.1505426,3,1,1
99029489,10.3402,10.415229,7.0803995,6.9505777,122.178795,0.31365755,1.150393,3,1,1
99330401,10.4468,10.405895,6.7827997,6.8962865,122.748146,0.30977026,1.1513737,3,1,1
99631076,10.3074,10.425796,6.5968,6.8910484,123.32299,0.31806427,1.1492833,3,1,1
99931925,10.3074,10.429012,6.758,6.887942,123.89884,0.31940544,1.1489459,3,1,1
100232715,10.209,10.430687,6.9688,6.908966,124.47848,0.32010406,1.1487702,3,1,1
100533503,10.332,10.426483,6.6836,6.8779902,125.04911,0.3183526,1.1492107,3,1,1
100834340,10.6354,10.423335,7.1052003,6.8291264,125.61375,0.31704172,1.1495405,3,1,1
101135267,10.332,10.430737,6.6588,6.79558,126.17751,0.3200787,1.1487767,3,1,1
101436039,10.5534,10.438245,6.82,6.787635,126.7434,0.32312602,1.1480111,3,1,1
101736718,10.291,10.43413,6.634,6.798835,127.31305,0.321348,1.1484576,3,1,1
102037525,10.1516,10.419972,6.5843997,6.7956734,127.88051,0.31540003,1.149954,3,1,1
102337582,10.6272,10.412467,6.2992,6.772129,128.44402,0.3116028,1.1509112,3,1,1
102638300,10.4796,10.428484,5.27,6.471715,128.94762,0.31532374,1.1499732,3,1,1
102939137,10.742,10.478434,4.7616,5.751956,129.33844,0.32863295,1.1466304,3,1,1
103239864,10.66,10.496816,5.8156,5.413739,129.74359,0.3316491,1.1458756,3,1,1
103540704,10.4468,10.508589,5.1832,5.4143677,130.19614,0.33486918,1.1450708,3,1,1
103841469,10.7092,10.522671,5.6047997,5.398873,130.6449,0.33942807,1.1439333,3,1,1
104142330,10.496,10.523545,5.3444,5.4484086,131.10597,0.33884767,1.144078,3,1,1
104443075,10.5534,10.518141,5.7163997,5.4761686,131.56683,0.33588082,1.1448182,3,1,1
104743910,10.783,10.525131,5.6916,5.488834,132.02766,0.33823267,1.1442314,3,1,1
105044713,10.3812,10.531209,5.1583996,5.436955,132.4751,0.34024137,1.1437306,3,1,1
105345521,10.6436,10.538972,5.3816,5.414393,132.92459,0.3430678,1.1430268,3,1,1
105646288,10.6928005,10.539535,5.4807997,5.3652205,133.36682,0.3429859,1.1430472,3,1,1
105947164,10.4058,10.546454,5.1088,5.349371,133.81163,0.3456239,1.1423911,3,1,1
106247885,10.5944,10.548336,5.1583996,5.3010206,134.24846,0.3462163,1.1422439,3,1,1
106548680,10.578,10.555991,5.6544,5.2934117,134.68922,0.3492562,1.1414889,3,1,1
106849546,10.5616,10.554034,5.3072,5.2928834,135.13123,0.34832513,1.1417199,3,1,1
107149613,10.7338,10.568801,5.5304,5.3321996,135.58102,0.3543876,1.1402167,3,1,1
107451073,10.5042,10.570255,5.0592003,5.3063617,136.02191,0.3549228,1.1400841,3,1,1
107751144,10.5944,10.566951,5.4312,5.288214,136.46123,0.35349107,1.1404388,3,1,1
108051864,10.168,10.553937,4.96,5.2786207,136.90163,0.34802625,1.1417942,3,1,1
108352646,10.1598,10.552696,4.8112,5.2880006,137.34528,0.34747565,1.1419309,3,1,1
108653471,10.4304,10.555253,5.394,5.297233,137.78906,0.34851554,1.1416727,3,1,1
108954278,10.578,10.560436,5.1335998,5.262487,138.22429,0.3506553,1.1411418,3,1,1
109255122,10.701,10.567591,5.3444,5.240381,138.65918,0.35362083,1.1404066,3,1,1
109556031,10.5452,10.573429,4.9228,5.1999507,139.08864,0.35599846,1.139818,3,1,1
109856724,10.7256,10.578454,5.2948,5.1901293,139.5203,0.3580005,1.1393228,3,1,1
110157462,10.6026,10.572614,5.1832,5.1819644,139.95186,0.35549575,1.1399424,3,1,1
110458331,10.7092,10.580681,5.0964,5.1888757,140.38664,0.35880217,1.1391245,3,1,1
110758386,10.3976,10.585424,4.9352,5.1866074,140.8187,0.36073524,1.138647,3,1,1
111059076,10.5288,10.590187,4.9352,5.181118,141.25117,0.36268562,1.1381655,3,1,1
111371882,10.5042,10.589461,5.0095997,5.1923428,141.70334,0.36235607,1.1382469,3,1,1
111672712,10.66,10.588861,5.2576,5.175636,142.13391,0.3620858,1.1383135,3,1,1
111973465,10.7748,10.594987,5.4063997,5.163466,142.56407,0.36455992,1.1377032,3,1,1
112274270,10.5698,10.606044,4.9352,5.144865,142.99144,0.36907724,1.1365906,3,1,1
112575241,10.7502,10.608011,5.2823997,5.1350985,143.41966,0.3698271,1.1364062,3,1,1
112875880,10.3074,10.622431,4.712,5.1508913,143.85188,0.37578005,1.1349437,3,1,1
113176680,10.5288,10.620911,4.8980002,5.1389904,144.28004,0.37510377,1.1351097,3,1,1
113477521,10.7584,10.614247,5.3568,5.127927,144.7068,0.37229434,1.1357995,3,1,1
113778412,10.6928005,10.609835,5.1832,5.1376143,145.1367,0.37043044,1.1362578,3,1,1
114079080,10.5042,10.614003,5.0716,5.158309,145.57024,0.37213108,1.1358397,3,1,1
114379902,10.209,10.5985155,4.774,5.1578846,146.00137,0.3655738,1.1374533,3,1,1
114680197,10.7256,10.601409,5.2204,5.171577,146.43436,0.36675355,1.1371627,3,1,1
114980673,10.4058,10.590874,4.8608,5.113975,146.85443,0.3622881,1.1382636,3,1,1
115281502,10.6764,10.587664,5.1335998,5.11748,147.28238,0.36089227,1.1386082,3,1,1
115582369,10.7174,10.60671,5.3195996,5.152737,147.71805,0.36878294,1.136663,3,1,1
115883150,10.4304,10.6007595,4.8732,5.141561,148.14615,0.3662682,1.1372823,3,1,1
116183886,10.7584,10.606579,4.402,4.9748487,148.54552,0.36706936,1.1370848,3,1,1
116484791,10.25,10.614201,3.8563998,4.700467,148.90402,0.36763018,1.1369468,3,1,1
116785575,10.5124,10.634533,4.0796,4.5506268,149.26544,0.3740756,1.135362,3,1,1
117086322,10.5206,10.638772,4.3524,4.442464,149.62308,0.37420413,1.1353304,3,1,1
117386307,10.742,10.646913,4.1664,4.3724465,149.97868,0.3762918,1.1348182,3,1,1
117687090,10.6764,10.661246,4.216,4.3375382,150.33653,0.38124985,1.1336032,3,1,1
117987880,10.6272,10.654642,4.2903996,4.3246813,150.69559,0.37770864,1.1344707,3,1,1
118288733,10.7584,10.648394,4.5012,4.3248715,151.05746,0.37449047,1.1352601,3,1,1
118589531,10.619,10.660955,4.1168,4.3424115,151.4224,0.37924662,1.1340938,3,1,1
118890262,10.7912,10.675005,4.4515996,4.359789,151.78871,0.38472855,1.1327524,3,1,1
119191099,10.9142,10.684195,4.712,4.3804636,152.15742,0.38826838,1.1318879,3,1,1
119491864,10.5616,10.6781645,4.154,4.3610163,152.51991,0.38553175,1.1325561,3,1,1
119792681,10.5124,10.678541,4.03,4.320242,152.87662,0.38551396,1.1325604,3,1,1
120093467,10.3648,10.665884,4.3772,4.318944,153.23708,0.38010457,1.1338836,3,1,1
120393464,10.4140005,10.671379,4.0672,4.33144,153.60011,0.38228875,1.133349,3,1,1
120694232,10.7994,10.66532,4.4143996,4.2967253,153.95587,0.37968212,1.1339871,3,1,1
120995214,10.4632,10.670213,4.0424,4.297653,154.31563,0.38165623,1.1335038,3,1,1
121295997,10.6272,10.661921,4.3276,4.2918572,154.6729,0.3780841,1.1343787,3,1,1
121596753,10.7748,10.672525,4.4392,4.305965,155.03445,0.38238674,1.133325,3,1,1
121897553,10.6928005,10.677639,4.2655997,4.324172,155.39781,0.3844287,1.1328257,3,1,1
122198425,10.8814,10.677119,4.526,4.3258476,155.76031,0.384143,1.1328955,3,1,1
122499084,10.6928005,10.683154,4.1292,4.2910132,156.1142,0.38660228,1.1322945,3,1,1
122800001,10.6272,10.685052,4.1788,4.280111,156.47063,0.38735026,1.132112,3,1,1
123100714,10.2828,10.681399,3.8316,4.2619076,156.8249,0.3857953,1.1324917,3,1,1
123400671,10.7256,10.672185,4.2408,4.2369885,157.1756,0.38192984,1.1334368,3,1,1
123701467,10.8896,10.6793165,4.526,4.232859,157.52867,0.38488215,1.1327149,3,1,1
124014376,10.824,10.6799345,4.3648,4.235669,157.89755,0.3851229,1.132656,3,1,1
124315102,10.8076,10.686118,4.526,4.2417593,158.252,0.38768756,1.1320297,3,1,1
124615888,10.6928005,10.677235,4.3152003,4.2494063,158.6084,0.3839765,1.1329362,3,1,1
124916727,10.7994,10.687353,4.4392,4.295559,158.97327,0.38818473,1.1319083,3,1,1
125217480,10.5698,10.684675,4.2283998,4.2976613,159.33243,0.3870646,1.1321818,3,1,1
125518397,10.824,10.696898,4.3896,4.297042,159.69127,0.39215305,1.1309407,3,1,1
125819193,10.5616,10.704875,3.968,4.2805777,160.0472,0.3954721,1.1301327,3,1,1
126119076,10.783,10.704672,4.3276,4.2876463,160.40579,0.3953859,1.1301537,3,1,1
126419846,10.6108,10.706652,4.3276,4.2864165,160.76382,0.39620808,1.1299536,3,1,1
126720705,10.7584,10.712915,4.3027997,4.2839932,161.12138,0.39881647,1.1293197,3,1,1
127021467,10.5452,10.714847,3.9432,4.2325616,161.47021,0.39889076,1.1293015,3,1,1
127322358,10.865,10.709917,3.7447999,4.0912604,161.79495,0.39538088,1.1301548,3,1,1
127623188,10.8896,10.723347,3.7324,3.8952353,162.09589,0.3986062,1.1293707,3,1,1
127924050,10.7502,10.727923,3.472,3.7559202,162.39241,0.39855856,1.1293824,3,1,1
128224677,10.8896,10.729619,3.8068,3.673064,162.68814,0.3976766,1.1295966,3,1,1
128525525,10.6272,10.738422,3.6332,3.63997,162.98793,0.4001104,1.1290054,3,1,1
128825480,10.8404,10.727303,3.7696002,3.6188328,163.28645,0.39451566,1.1303654,3,1,1
129126284,10.8896,10.730156,3.7447999,3.6263921,163.59048,0.39495742,1.1302578,3,1,1
129427090,10.6354,10.736534,3.3851998,3.6315246,163.8948,0.39703372,1.1297529,3,1,1
129727924,10.8404,10.744798,3.8563998,3.626283,164.19704,0.40002474,1.1290262,3,1,1
130028680,10.8568,10.760239,3.596,3.6217277,164.4988,0.40610704,1.1275513,3,1,1
130329464,10.8404,10.763455,3.8316,3.6101882,164.79881,0.4071739,1.1272931,3,1,1
130630390,10.8568,10.767401,3.7447999,3.6034381,165.09918,0.40860504,1.1269467,3,1,1
130930270,10.5698,10.758709,3.472,3.593377,165.39737,0.40481833,1.1278635,3,1,1
131231937,10.6272,10.757305,3.6332,3.5727406,165.69382,0.40410507,1.1280364,3,1,1
131531963,10.8568,10.759053,3.7447999,3.5882363,165.99478,0.4047334,1.1278841,3,1,1
131832703,10.7256,10.757573,3.906,3.604858,166.29756,0.40403837,1.1280526,3,1,1
132133544,10.8568,10.770094,3.658,3.6081455,166.59953,0.40916985,1.1268101,3,1,1
132434291,10.8896,10.773263,3.7696002,3.621202,166.90404,0.41035074,1.1265246,3,1,1
132735174,10.6436,10.768204,2.5544,3.3507428,167.1515,0.40558556,1.1276777,3,1,1
133035888,10.8486,10.777722,2.852,3.1437335,167.38745,0.40718907,1.1272894,3,1,1
133347866,10.619,10.785419,2.5047998,3.018599,167.63307,0.40849638,1.126973,3,1,1
133648680,10.8404,10.798799,2.8767998,2.9734242,167.87573,0.41259772,1.1259817,3,1,1
133949464,10.701,10.802641,2.666,2.930737,168.11482,0.41301987,1.1258798,3,1,1
134250312,10.9552,10.81776,2.9264,2.91983,168.35773,0.41840228,1.1245817,3,1,1
134551078,10.824,10.823839,2.9016001,2.9044247,168.59793,0.42022195,1.1241436,3,1,1
134851864,10.9716,10.82518,3.038,2.888153,168.83612,0.42022517,1.1241428,3,1,1
135152705,10.9552,10.823364,3.0131998,2.8581731,169.07085,0.4190367,1.1244289,3,1,1
135453566,10.742,10.829449,2.5916,2.8678644,169.31192,0.4212002,1.123908,3,1,1
135754269,10.8978,10.826443,2.914,2.8472903,169.547,0.41960332,1.1242924,3,1,1
136054294,10.9716,10.839424,2.3188,2.6383665,169.74284,0.42230847,1.1236415,3,1,1
136355170,11.0044,10.857513,2.2816,2.4620955,169.92589,0.4273292,1.1224355,3,1,1
136655967,11.0372,10.866489,2.294,2.351153,170.10826,0.42886543,1.1220669,3,1,1
136956692,11.0126,10.8814,2.1327999,2.2466798,170.28271,0.4333338,1.1209964,3,1,1
137257599,10.8732,10.882498,2.0584,2.1992862,170.46034,0.43243334,1.1212119,3,1,1
137558315,11.0044,10.889009,2.2691998,2.1850274,170.64082,0.43409088,1.120815,3,1,1
137858416,10.5616,10.887984,1.7484,2.1689491,170.81972,0.43306586,1.1210605,3,1,1
138159141,10.9388,10.882583,3.0751998,2.3703198,171.0401,0.43254718,1.1211846,3,1,1
138459864,10.6846,10.87127,2.8396,2.5871723,171.28424,0.43004152,1.1217849,3,1,1
138760743,10.6436,10.851186,2.7652,2.702307,171.5247,0.42334315,1.1233928,3,1,1
139061505,10.9388,10.857301,3.0131998,2.8187628,171.77489,0.42726648,1.1224505,3,1,1
139362254,10.7092,10.862976,2.6288,2.8893998,172.02544,0.43070078,1.1216269,3,1,1
139663088,10.6928005,10.86031,2.8023999,2.915299,172.27223,0.43044314,1.1216886,3,1,1
139964056,10.8568,10.86155,3.0628,2.960552,172.52551,0.43189362,1.1213411,3,1,1
140264676,10.906,10.846903,3.782,3.247465,172.83186,0.4292028,1.1219859,3,1,1
140564686,10.6764,10.829472,3.6456,3.4055786,173.13602,0.4246497,1.1230788,3,1,1
140865532,10.8404,10.822708,3.658,3.5026827,173.4412,0.42394024,1.1232492,3,1,1
141166421,10.8896,10.800819,3.8191998,3.5623167,173.74646,0.4164469,1.1250529,3,1,1
141467121,10.742,10.787681,3.72,3.5963323,174.05072,0.41215855,1.1260878,3,1,1
141768104,10.824,10.785729,4.4888,3.7416506,174.37747,0.41383108,1.125684,3,1,1
142068014,10.824,10.774007,4.7864,4.0125213,174.74573,0.41250405,1.1260043,3,1,1
142368779,10.6436,10.755072,4.402,4.190481,175.11787,0.40739444,1.1272397,3,1,1
142669594,10.455,10.729024,4.3027997,4.292871,175.4892,0.39862922,1.1293652,3,1,1
142970294,10.7748,10.712572,4.6872,4.392588,175.8682,0.3933981,1.1306374,3,1,1
143271072,10.6928005,10.714039,4.3152003,4.437264,176.2445,0.3952725,1.1301812,3,1,1
143571932,10.8568,10.711385,4.7864,4.4651523,176.62129,0.39514863,1.1302114,3,1,1
143872710,10.5124,10.697319,4.526,4.4893193,176.9991,0.39005148,1.1314529,3,1,1
144173477,10.7584,10.70037,4.5755997,4.4853115,177.37349,0.39191642,1.1309984,3,1,1
144473528,10.6682005,10.7108345,4.6252003,4.476007,177.74522,0.3967395,1.1298244,3,1,1
144786284,10.5452,10.689585,4.2903996,4.4147854,178.12006,0.38825732,1.1318905,3,1,1
145087131,10.7584,10.700925,4.5136,4.4084597,178.48853,0.3932594,1.1306713,3,1,1
145387934,10.7338,10.70169,4.34,4.4010415,178.85501,0.39379382,1.1305411,3,1,1
145688720,10.7994,10.700406,4.6376,4.4081163,179.22447,0.39342627,1.1306306,3,1,1
145989464,10.66,10.699242,4.2283998,4.4035854,179.59137,0.39307117,1.130717,3,1,1
146290427,10.6764,10.698691,4.3152003,4.3970966,179.95868,0.39294273,1.1307483,3,1,1
146590265,10.66,10.687633,4.6252003,4.4023695,180.32562,0.3884142,1.1318523,3,1,1
146891104,10.5452,10.684777,4.34,4.4492397,180.70363,0.38728508,1.1321279,3,1,1
147191980,10.8404,10.6913595,4.65,4.4763255,181.081,0.39007577,1.131447,3,1,1
147492796,10.8814,10.69709,4.6995997,4.4834166,181.45656,0.39249972,1.1308563,3,1,1
147793560,10.66,10.695852,4.3152003,4.4702563,181.82835,0.39201358,1.1309747,3,1,1
148094329,10.865,10.701692,4.526,4.4427896,182.19627,0.39446995,1.1303766,3,1,1
148395182,10.8568,10.700279,4.6003995,4.428841,182.56447,0.39389792,1.1305157,3,1,1
148695124,10.5944,10.702479,4.216,4.4165897,182.93051,0.39482853,1.1302893,3,1,1
148995932,10.5452,10.69269,4.2408,4.389458,183.2947,0.39075994,1.1312802,3,1,1
149308689,10.5944,10.694005,4.4515996,4.4012256,183.67876,0.39131716,1.1311444,3,1,1
149609484,10.8568,10.689653,4.5755997,4.3867974,184.04375,0.3895101,1.1315849,3,1,1
149910311,10.2746,10.672976,3.968,4.3819046,184.40904,0.38256592,1.1332811,3,1,1
150211124,10.742,10.673934,4.4268,4.378827,184.77498,0.38296962,1.1331824,3,1,1
150511074,10.6108,10.681633,4.4143996,4.357235,185.13527,0.38618046,1.1323977,3,1,1
150811890,10.783,10.674407,4.5383997,4.3431296,185.49623,0.38317224,1.1331329,3,1,1
151112646,10.824,10.680459,4.712,4.380042,185.8666,0.38569635,1.1325159,3,1,1
151413468,10.6436,10.682221,4.3896,4.3990307,186.23622,0.38643193,1.1323363,3,1,1
151714363,10.8568,10.691762,4.65,4.4188814,186.60818,0.3904087,1.1313658,3,1,1
152015257,10.496,10.691086,4.4143996,4.412541,186.97623,0.3901271,1.1314344,3,1,1
152315964,10.7912,10.690289,4.3772,4.3850894,187.33884,0.38979453,1.1315156,3,1,1
152616010,10.906,10.691549,4.6003995,4.3649693,187.69962,0.3903204,1.1313874,3,1,1
152916834,10.8158,10.703752,4.3896,4.3905153,188.06969,0.39540547,1.1301489,3,1,1
153217535,10.865,10.698414,4.6995997,4.3967133,188.43698,0.3931817,1.1306902,3,1,1
153518286,10.7666,10.689157,4.278,4.3744445,188.79967,0.38932475,1.1316302,3,1,1
153819190,10.8404,10.698145,4.5136,4.379791,189.16618,0.39307,1.1307173,3,1,1
154119871,10.8568,10.697945,4.4888,4.3841376,189.53288,0.3929873,1.1307375,3,1,1
154419887,10.7912,10.694419,4.4392,4.3693943,189.89441,0.3915179,1.1310954,3,1,1
154720747,10.8076,10.689392,4.6995997,4.3930926,190.26431,0.3894235,1.1316061,3,1,1
155021446,10.66,10.686104,4.278,4.4021397,190.63373,0.38805464,1.13194,3,1,1
155322263,10.8076,10.690319,4.4392,4.383593,190.99788,0.3898108,1.1315116,3,1,1
155623183,10.7584,10.68702,4.7243996,4.3883667,191.36447,0.3884362,1.1318469,3,1,1
155924030,10.66,10.681424,4.3648,4.402205,191.73343,0.38610443,1.1324162,3,1,1
156223864,10.7584,10.687579,4.464,4.4237385,192.10464,0.388669,1.1317902,3,1,1
156524714,10.6518,10.68801,4.6128,4.4308457,192.47575,0.38884833,1.1317464,3,1,1
156825480,10.7912,10.687122,4.3896,4.4021444,192.83974,0.38847864,1.1318365,3,1,1
157126441,10.8732,10.685563,4.5508,4.3808393,193.20357,0.38783064,1.1319947,3,1,1
157427117,10.6682005,10.678763,4.278,4.3617573,193.56558,0.38499695,1.1326867,3,1,1
157728109,10.7912,10.690533,4.4392,4.363267,193.93066,0.3899009,1.1314896,3,1,1
158040004,10.8158,10.696969,4.5383997,4.377362,194.31178,0.39258158,1.1308362,3,1,1
158340654,10.7666,10.699373,4.5136,4.3908453,194.67993,0.39358303,1.1305925,3,1,1
158641577,10.5616,10.7033205,4.1788,4.3960013,195.0482,0.39522812,1.130192,3,1,1
158942348,10.7174,10.694459,4.4888,4.4047055,195.41763,0.3915354,1.1310912,3,1,1
159243210,10.8322,10.701023,4.6252003,4.43334,195.79114,0.3942699,1.1304252,3,1,1
159543864,10.5124,10.69874,4.1292,4.4333234,196.16138,0.39331815,1.130657,3,1,1
159844075,10.5124,10.703137,4.1664,4.4403877,196.53268,0.39515,1.130211,3,1,1
160144652,10.7748,10.692052,4.588,4.4244666,196.90033,0.39053068,1.1313361,3,1,1
160445495,10.8076,10.704669,4.6128,4.452908,197.2761,0.39578858,1.1300557,3,1,1
160746303,10.6108,10.695674,4.3524,4.434009,197.64417,0.39204103,1.130968,3,1,1
161047162,10.824,10.684799,4.5755997,4.4457054,198.01701,0.3875098,1.132073,3,1,1
161348064,10.6764,10.691402,4.34,4.460439,198.3917,0.3902612,1.1314018,3,1,1
161647880,10.6518,10.695783,4.216,4.4485874,198.7611,0.39208603,1.130957,3,1,1
161948707,10.7584,10.703686,4.5136,4.4545107,199.13408,0.39537898,1.1301553,3,1,1
162249541,10.5944,10.705973,4.2283998,4.4595103,199.50752,0.396332,1.1299235,3,1,1
162550269,10.7584,10.706044,4.5508,4.462279,199.88046,0.39636192,1.1299163,3,1,1
162851135,10.7912,10.689106,4.7367997,4.460202,200.2525,0.3893037,1.1316353,3,1,1
163151876,10.6436,10.682309,4.3027997,4.451407,200.62383,0.38647175,1.1323265,3,1,1
163451864,10.6272,10.684544,4.3896,4.4671764,200.99883,0.3874028,1.1320992,3,1,1
163752685,10.865,10.678546,4.6624,4.467984,201.37224,0.38490418,1.1327094,3,1,1
164053519,10.496,10.672093,4.2283998,4.4676166,201.74535,0.38221544,1.133367,3,1,1
164354268,10.7256,10.66459,4.4268,4.477166,202.12013,0.37908927,1.1341324,3,1,1
164655134,10.7994,10.669538,4.5508,4.4530983,202.48961,0.38115025,1.1336275,3,1,1
164955928,10.496,10.675603,4.5755997,4.4646688,202.8641,0.38367677,1.1330096,3,1,1
165267896,10.6764,10.680115,4.3896,4.492632,203.25658,0.38555732,1.1325499,3,1,1
165568803,10.6928005,10.663647,4.5383997,4.486377,203.63069,0.37869495,1.134229,3,1,1
165869521,10.537,10.652753,4.278,4.4859633,204.00548,0.3741561,1.1353422,3,1,1
166170267,10.6764,10.649521,4.3896,4.4780784,204.37943,0.37280867,1.1356732,3,1,1
166471121,10.7584,10.65905,4.6376,4.52256,204.76341,0.37677962,1.1346985,3,1,1
166771078,10.7748,10.663247,4.7864,4.5356517,205.14279,0.37852824,1.1342697,3,1,1
167071891,10.5124,10.647272,4.3648,4.5289598,205.5203,0.3718726,1.1359031,3,1,1
167372707,10.496,10.645247,4.3152003,4.5491285,205.90395,0.37102947,1.1361104,3,1,1
167673510,10.742,10.647613,4.6376,4.543589,206.283,0.37201443,1.1358683,3,1,1
167974278,10.5124,10.659356,4.2655997,4.554354,206.66463,0.37690753,1.1346672,3,1,1
168274356,10.742,10.656086,4.5508,4.531944,207.0395,0.37554425,1.1350015,3,1,1
168575130,10.5124,10.647624,4.4764,4.522007,207.41617,0.37201902,1.1358672,3,1,1
168875926,10.496,10.644056,4.3276,4.5183206,207.79381,0.37053213,1.1362327,3,1,1
169176790,10.5206,10.644717,4.278,4.4977202,208.1675,0.37080774,1.1361649,3,1,1
169477520,10.7912,10.6504545,4.6128,4.509868,208.54626,0.3731983,1.1355774,3,1,1
169778301,10.6108,10.6567,4.3896,4.4980345,208.91998,0.3758009,1.1349386,3,1,1
170078339,10.578,10.654655,4.4764,4.5049396,209.29642,0.3749493,1.1351475,3,1,1
170379182,10.7338,10.647106,4.6872,4.479653,209.66818,0.37180433,1.1359199,3,1,1
170680036,10.783,10.651106,4.7616,4.483897,210.04309,0.37346888,1.135511,3,1,1
170980671,10.5452,10.645503,4.216,4.4432526,210.40924,0.37104708,1.1361061,3,1,1
171281589,10.6682005,10.644787,4.464,4.406972,210.77357,0.37067562,1.1361974,3,1,1
171581464,10.8322,10.648263,4.7367997,4.435059,211.14694,0.3720683,1.1358551,3,1,1
171882288,10.8322,10.647983,3.9555998,4.3489203,211.50319,0.3706376,1.1362067,3,1,1
172183056,10.2336,10.645986,3.348,4.1103396,211.81639,0.36711347,1.137074,3,1,1
172483869,10.6928005,10.6627655,3.6704,3.9679677,212.13007,0.3720105,1.1358693,3,1,1
172784672,10.8732,10.669606,3.906,3.8882391,212.44496,0.37323156,1.1355693,3,1,1
173085628,10.8404,10.67911,3.8316,3.842026,212.76021,0.37592486,1.1349082,3,1,1
173385597,10.865,10.699043,3.8935997,3.8168125,213.07504,0.3832434,1.1331155,3,1,1
173686389,10.6272,10.699874,3.596,3.7762778,213.3847,0.38282263,1.1332184,3,1,1
173987165,10.5534,10.704641,2.4676,3.6508975,213.6775,0.38296017,1.1331847,3,1,1
174287869,10.7666,10.7073765,3.038,3.3444736,213.91838,0.38078967,1.1337159,3,1,1
174588737,10.988,10.727764,3.1,3.1675217,214.16054,0.38670897,1.1322685,3,1,1
174900855,10.7174,10.744689,2.728,3.0573566,214.41156,0.3916878,1.131054,3,1,1
175201470,10.8568,10.7574625,2.914,2.9988122,214.65492,0.3954683,1.1301336,3,1,1
175502321,10.8076,10.761578,3.0504,2.9628,214.89845,0.39598316,1.1300083,3,1,1
175803074,10.7912,10.764291,2.8767998,2.9447296,215.14288,0.39617896,1.1299607,3,1,1
176103967,10.8568,10.768744,3.1743999,2.9517758,215.3905,0.39730808,1.1296862,3,1,1
176403985,10.66,10.787724,2.914,2.990769,215.64452,0.40465143,1.1279039,3,1,1
176704708,10.7912,10.800596,3.0504,3.004312,215.89716,0.40957657,1.1267118,3,1,1
177005487,10.6436,10.797529,2.7156,2.981148,216.14307,0.40795732,1.1271034,3,1,1
177306369,10.8404,10.786861,3.0131998,2.9660249,216.38873,0.40324664,1.1282444,3,1,1
177607118,10.8896,10.787905,2.9884,2.9597476,216.6351,0.40347534,1.1281891,3,1,1
177907908,10.9142,10.787712,3.1496,2.9706838,216.88477,0.4032343,1.1282475,3,1,1
178207902,10.9798,10.795903,3.1248,2.9490423,217.12798,0.40646744,1.127464,3,1,1
178508742,10.66,10.785989,2.7776,2.9133968,217.36693,0.40218294,1.1285024,3,1,1
178809446,10.6928005,10.782533,2.8023999,2.9191852,217.61198,0.40078515,1.1288416,3,1,1
179110323,10.8732,10.785829,2.9016001,2.9204109,217.85654,0.40218955,1.1285008,3,1,1
179411119,10.9142,10.788148,3.1371999,2.9162085,218.09978,0.4031816,1.1282603,3,1,1
179711077,10.988,10.792437,3.1248,2.9218366,218.34373,0.40498725,1.1278226,3,1,1
180011906,10.6354,10.788541,3.0256,2.9053612,218.58423,0.40337896,1.1282123,3,1,1
180312782,10.6764,10.793417,2.7652,2.9211218,218.82954,0.40542156,1.1277174,3,1,1
180613551,10.7256,10.796708,2.6536,2.9235823,219.0742,0.40680087,1.1273834,3,1,1
180914284,10.8896,10.810909,3.0131998,2.930354,219.31984,0.412726,1.1259507,3,1,1
181214412,10.9224,10.815454,2.9884,2.9288008,219.56404,0.41462505,1.1254923,3,1,1
181515103,10.9552,10.82004,3.1371999,2.9296687,219.80888,0.41653973,1.1250305,3,1,1
181815997,10.8732,10.815128,3.038,2.9243667,220.05237,0.41449654,1.1255233,3,1,1
182116732,10.701,10.817334,2.6164,2.9264517,220.29695,0.415419,1.1253009,3,1,1
182417468,10.7256,10.8036585,2.9264,2.9158378,220.53906,0.40972254,1.1266764,3,1,1
182717480,10.1844,10.791109,2.4552,2.927436,220.78493,0.40443003,1.1279576,3,1,1
183018386,10.9224,10.79368,3.1,2.9546084,221.03651,0.4054253,1.1277164,3,1,1
183319074,10.906,10.799272,3.1743999,2.9830623,221.2889,0.40769514,1.127167,3,1,1
183619920,10.9224,10.798208,3.0751998,2.9554527,221.53189,0.40720505,1.1272855,3,1,1
183919893,10.7338,10.805071,2.7652,2.9515116,221.77754,0.410029,1.1266024,3,1,1
184221530,10.701,10.809009,2.7776,2.9377127,222.0218,0.4116418,1.1262126,3,1,1
184521468,10.8896,10.808626,3.0008,2.9262931,222.26439,0.41146076,1.1262563,3,1,1
184822329,10.8732,10.806245,2.8892,2.9015107,222.50386,0.4104526,1.1265,3,1,1
185123129,10.701,10.808284,2.7031999,2.8962884,222.74557,0.41126877,1.1263027,3,1,1
185423911,10.9306,10.81956,2.9264,2.8904278,222.98653,0.41586992,1.125192,3,1,1
185735866,10.9552,10.831158,3.0628,2.8999305,223.2389,0.42062408,1.1240467,3,1,1
186036680,10.906,10.822758,3.1743999,2.8984098,223.48135,0.41706586,1.1249038,3,1,1
186337509,10.9388,10.825277,3.0008,2.9105556,223.72606,0.4180694,1.1246619,3,1,1
186638368,10.9470005,10.825356,2.2444,2.8809388,223.96428,0.41734838,1.1248356,3,1,1
186938312,10.988,10.844768,2.2691998,2.6229832,224.15015,0.42271686,1.1235433,3,1,1
187239133,10.824,10.854155,2.3436,2.4681609,224.33644,0.42445645,1.1231252,3,1,1
187539972,10.8322,10.859158,2.1824,2.3810897,224.52477,0.4248178,1.1230384,3,1,1
187840680,10.7748,10.8667,2.1948,2.3193505,224.71086,0.42661968,1.1226057,3,1,1
188141638,11.0044,10.859911,2.4427998,2.294408,224.89948,0.42274863,1.1235358,3,1,1
188442300,10.8896,10.861132,2.3683999,2.2838557,225.08876,0.42238784,1.1236224,3,1,1
188742250,10.9552,10.875186,1.4011999,2.0793672,225.23941,0.42545772,1.1228846,3,1,1
189043075,10.988,10.8858,2.356,2.021094,225.39714,0.4286989,1.1221068,3,1,1
189343940,10.9962,10.884792,2.4056,2.1117802,225.5852,0.42847887,1.1221596,3,1,1
189644664,10.9552,10.888313,2.4304,2.1707618,225.7742,0.4300741,1.121777,3,1,1
189944677,10.8896,10.881812,2.356,2.2145326,225.9645,0.42746443,1.1224029,3,1,1
190245561,10.9962,10.869597,2.3932,2.2298946,226.15347,0.4224522,1.1236069,3,1,1
190546280,10.9798,10.8787775,2.3932,2.2416904,226.34239,0.426338,1.1226733,3,1,1
190847139,10.8896,10.884759,2.294,2.2342584,226.52785,0.4288774,1.122064,3,1,1
191148165,10.9470005,10.890154,2.418,2.248289,226.71759,0.4311625,1.1215162,3,1,1
191447898,11.0126,10.890826,2.3932,2.2637317,226.90804,0.43147063,1.1214424,3,1,1
191748766,10.9552,10.881469,2.3683999,2.2743378,227.0987,0.42759353,1.122372,3,1,1
192049491,10.988,10.867475,2.3188,2.255185,227.28453,0.42177925,1.1237688,3,1,1
192362369,10.8568,10.8689165,2.046,2.2543688,227.48012,0.42239335,1.1236211,3,1,1
192662390,10.9716,10.866896,2.3064,2.2428875,227.66544,0.42156142,1.1238213,3,1,1
192963078,10.9962,10.877403,2.3312,2.240062,227.8515,0.42594707,1.1227671,3,1,1
193263868,10.9716,10.876557,2.4056,2.2434914,228.03914,0.42560077,1.1228503,3,1,1
193564681,10.8568,10.865962,2.3808,2.2424407,228.22585,0.4211913,1.1239103,3,1,1
193865515,10.8568,10.870517,2.0832,2.249804,228.4144,0.42309305,1.1234529,3,1,1
194165480,10.7748,10.880887,2.0212,2.2499852,228.60216,0.42741662,1.1224144,3,1,1
194466349,11.0044,10.884702,2.3312,2.2469368,228.78917,0.4290081,1.1220326,3,1,1
194767138,11.0044,10.886743,2.3683999,2.2392905,228.97527,0.42986047,1.1218283,3,1,1
195068088,10.9552,10.895992,2.3064,2.2574995,229.166,0.43371573,1.1209049,3,1,1
195368692,10.7584,10.887071,2.232,2.2760692,229.35797,0.42999953,1.1217949,3,1,1
195668771,11.0536,10.895037,2.4304,2.2756646,229.54756,0.43331876,1.1209999,3,1,1
195969551,10.8896,10.889344,2.1327999,2.2653713,229.73497,0.4309486,1.1215675,3,1,1
196270385,10.9962,10.898712,2.3064,2.268195,229.92482,0.4348511,1.1206332,3,1,1
196571122,10.9716,10.900286,2.418,2.2882974,230.11859,0.43550745,1.1204762,3,1,1
196871846,10.7994,10.880682,2.2568,2.267695,230.30537,0.42734036,1.1224327,3,1,1
197171990,10.8568,10.881593,2.0956001,2.2646747,230.49345,0.42772,1.1223416,3,1,1
197472698,10.9716,10.886182,2.294,2.250449,230.68018,0.42963254,1.1218829,3,1,1
197773547,10.9716,10.893567,2.3064,2.260081,230.87024,0.43271035,1.1211456,3,1,1
198074336,10.824,10.8883295,1.9964,2.25074,231.0569,0.43047976,1.1216798,3,1,1
198374316,10.6928005,10.877421,1.9467999,2.2205586,231.2383,0.42576003,1.122812,3,1,1
198675123,10.9962,10.885337,1.6492,2.022298,231.3852,0.42663804,1.1226013,3,1,1
198975880,11.0946,10.909427,1.6863999,1.846439,231.51701,0.43413833,1.1208037,3,1,1
199276797,10.496,10.918404,1.0292,1.7145292,231.6438,0.4359046,1.1203812,3,1,1
199577484,10.9798,10.922682,1.5996,1.6576691,231.77513,0.4362162,1.1203068,3,1,1
199877484,10.9142,10.930238,1.4508001,1.6263468,231.90665,0.4382473,1.1198214,3,1,1
200178373,10.7748,10.922453,1.5375999,1.5988674,232.03731,0.43413457,1.1208047,3,1,1
200479147,10.9388,10.91303,1.1904,1.5613036,232.16402,0.4290533,1.1220218,3,1,1
200780023,11.0618,10.937597,0.97959995,1.3110626,232.24223,0.43573174,1.1204226,3,1,1
201079915,11.0536,10.961092,0.97959995,1.1758233,232.32306,0.44276735,1.1187428,3,1,1
201380674,11.0782,10.964896,0.4464,0.94400984,232.37494,0.44013533,1.1193706,3,1,1
201681537,10.701,10.969035,0.2976,0.74088424,232.41103,0.43774268,1.119942,3,1,1
201994389,10.824,10.956604,1.7235999,0.72530085,232.46844,0.4314865,1.1214386,3,1,1
202294311,10.9716,10.946772,1.6615999,1.0830683,232.60428,0.4306443,1.1216404,3,1,1
202595167,11.07,10.941894,1.7608,1.2895203,232.738,0.43114594,1.1215203,3,1,1
202895965,10.9470005,10.937636,1.736,1.4301616,232.87517,0.43133774,1.1214743,3,1,1
203196681,10.7666,10.926011,1.5871999,1.4864014,233.00664,0.4278701,1.1223056,3,1,1
203497566,11.0864,10.935203,1.6863999,1.5405838,233.1421,0.4327462,1.1211369,3,1,1
203797480,10.906,10.920817,3.6704,2.0664937,233.37447,0.43336102,1.1209898,3,1,1
204098357,10.7994,10.884827,4.1043997,2.810361,233.70348,0.4270118,1.1225116,3,1,1
204399086,10.6108,10.847783,3.72,3.273414,234.03665,0.4182843,1.1246101,3,1,1
204700111,10.6354,10.823913,3.6704,3.5265605,234.36388,0.4135552,1.1257505,3,1,1
204999980,10.7092,10.800657,3.7076,3.6339111,234.68027,0.40792394,1.1271116,3,1,1
205300758,10.824,10.793807,3.9308,3.7308192,235.00488,0.40822616,1.1270385,3,1,1
205601514,10.578,10.785621,3.7944,3.786644,235.32812,0.40727013,1.1272697,3,1,1
205902265,10.3566,10.774513,3.3976,3.8090448,235.64917,0.4045506,1.1279284,3,1,1
206202348,10.7666,10.752678,3.8316,3.8147671,235.96794,0.3969381,1.1297761,3,1,1
206503174,10.8404,10.750934,3.9432,3.8423066,236.29292,0.39736694,1.1296718,3,1,1
206803899,10.7912,10.737462,3.968,3.8595805,236.61739,0.39265263,1.130819,3,1,1
207104681,10.3648,10.723746,6.1503997,4.1684794,236.99619,0.39034733,1.1313808,3,1,1
207405597,10.4140005,10.688296,6.2496,5.112653,237.5441,0.38437104,1.1328398,3,1,1
207705483,10.5698,10.650727,6.6463995,5.7171364,238.09634,0.37571052,1.1349608,3,1,1
208006343,10.6026,10.603136,6.696,6.0719547,238.6491,0.36132246,1.138502,3,1,1
208307136,10.3402,10.562429,6.572,6.2117395,239.18544,0.34859475,1.1416531,3,1,1
208607920,10.4058,10.548912,6.262,6.3169546,239.72667,0.34625456,1.1422343,3,1,1
208919909,10.5288,10.538873,6.7208,6.3821716,240.28748,0.3447228,1.1426152,3,1,1
209220671,10.2992,10.524131,6.2992,6.452151,240.83385,0.34055257,1.1436532,3,1,1
209521485,10.4632,10.50313,6.4356,6.4899626,241.38087,0.33333653,1.1454537,3,1,1
209822393,10.5944,10.490011,6.7455997,6.4858456,241.92224,0.3290627,1.1465228,3,1,1
210123095,10.3812,10.483174,6.5348,6.4392147,242.45421,0.3271425,1.1470038,3,1,1
210423064,10.3894005,10.478181,6.1752,6.4201117,242.98608,0.3257518,1.1473525,3,1,1
210723896,10.5452,10.494627,6.2248,6.3810363,243.51439,0.33308217,1.1455172,3,1,1
211024719,10.6928005,10.484923,6.6463995,6.3517165,244.04163,0.32940912,1.1464361,3,1,1
211325637,10.4222,10.468432,6.2992,6.325741,244.56743,0.3228276,1.1480861,3,1,1
211625644,10.3648,10.468013,6.1132,6.341756,245.09703,0.32287636,1.1480738,3,1,1
211926358,10.3648,10.471344,6.9564,6.383854,245.63374,0.32502183,1.1475354,3,1,1
212227075,10.25,10.432596,7.7127995,6.9285254,246.28238,0.31285194,1.1505961,3,1,1
212527915,10.1434,10.40222,7.4772,7.2452884,246.92848,0.30327025,1.1530174,3,1,1
212828680,10.0204,10.380326,7.3036,7.4341135,247.57422,0.29654,1.1547241,3,1,1
213128680,10.2336,10.354454,7.564,7.526221,248.2141,0.28762075,1.156994,3,1,1
213429555,10.3976,10.356605,7.3904,7.548077,248.84839,0.28996354,1.1563969,3,1,1
213730264,10.5944,10.368394,7.812,7.5452647,249.47849,0.29600182,1.1548609,3,1,1
214031120,10.5862,10.3562355,7.998,7.5507,250.10922,0.29181176,1.1559263,3,1,1
214331172,10.2172,10.3337345,7.4028,7.5397086,250.73608,0.2831167,1.1581435,3,1,1
214631867,10.3156,10.324554,7.3904,7.5483685,251.36835,0.27982166,1.158986,3,1,1
214932667,10.3156,10.328408,7.3283997,7.5138545,251.99228,0.28183988,1.1584698,3,1,1
215233506,10.5288,10.33803,7.688,7.5078278,252.61906,0.28616843,1.1573644,3,1,1
215545532,10.004,10.338157,7.2416,7.5265675,253.27414,0.28647897,1.1572851,3,1,1
215846354,10.2992,10.338814,7.2292,7.518615,253.90234,0.2869444,1.1571665,3,1,1
216147137,10.332,10.3403015,7.2167997,7.4738445,254.52165,0.28771326,1.1569704,3,1,1
216448014,10.5616,10.339322,7.13,7.372539,255.12692,0.286932,1.1571696,3,1,1
216747908,10.4304,10.350314,6.9315996,7.2238226,255.7091,0.2906045,1.1562337,3,1,1
217048764,10.5616,10.346105,7.44,7.15981,256.299,0.28824028,1.1568359,3,1,1
217349537,10.3812,10.355075,7.192,7.124897,256.89014,0.29150337,1.1560048,3,1,1
217650297,10.2418,10.357775,6.6712003,7.0423427,257.46838,0.29225883,1.1558125,3,1,1
217951183,10.332,10.360949,6.6463995,6.941037,258.03598,0.29329398,1.1555492,3,1,1
218251119,10.0122,10.371006,6.3115997,6.8864512,258.60355,0.29719713,1.1545573,3,1,1
218551864,10.4796,10.357355,7.0308,6.904082,259.18274,0.29116666,1.1560905,3,1,1
218852748,10.4796,10.371309,6.8943996,6.9150767,259.76324,0.29671392,1.15468,3,1,1
219153468,10.3976,10.385463,6.5843997,6.8723683,260.33286,0.30240345,1.153237,3,1,1
219453477,10.5944,10.394668,6.8572,6.7886653,260.88797,0.30607635,1.1523073,3,1,1
219754326,10.5288,10.392165,6.9688,6.7339554,261.4444,0.30490908,1.1526026,3,1,1
220055120,10.4796,10.394116,6.882,6.6957817,261.99905,0.30562374,1.1524217,3,1,1
220355935,10.332,10.405796,6.386,6.651494,262.5495,0.3104142,1.1512111,3,1,1
220655910,9.8810005,10.408973,6.076,6.637178,263.1007,0.31167918,1.150892,3,1,1
220956680,10.455,10.399589,6.4852,6.6191525,263.65088,0.30772328,1.1518909,3,1,1
221257480,10.2828,10.407352,6.386,6.577845,264.19553,0.31092313,1.1510826,3,1,1
221569468,10.3074,10.399892,6.3487997,6.531188,264.75607,0.30778503,1.1518753,3,1,1
221870252,10.3484,10.3987255,6.3612003,6.5066137,265.2967,0.30727714,1.1520036,3,1,1
222171143,10.3648,10.400592,6.448,6.4911494,265.8382,0.3080382,1.1518112,3,1,1
222471864,10.4632,10.406907,6.3487997,6.514249,266.386,0.31065643,1.15115,3,1,1
222772743,10.4058,10.407922,6.3984,6.481072,266.92407,0.31106913,1.1510459,3,1,1
223072817,10.578,10.41167,6.4975996,6.450466,267.4576,0.31262317,1.1506538,3,1,1
223373571,10.5288,10.418796,6.7084,6.454561,267.99673,0.31558594,1.1499071,3,1,1
223674369,10.2172,10.413407,6.5472,6.454151,268.53574,0.31333584,1.1504741,3,1,1
223975164,10.2992,10.4084425,6.3984,6.463372,269.0763,0.31126443,1.1509966,3,1,1
224275276,10.3812,10.411882,6.3115997,6.475581,269.61826,0.3126956,1.1506356,3,1,1
224575953,10.5124,10.42148,6.448,6.4953623,270.16315,0.31669316,1.1496283,3,1,1
224876804,10.1434,10.411447,6.3487997,6.5030193,270.70715,0.31250992,1.1506823,3,1,1
225177530,10.6272,10.403496,6.8696,6.520541,271.25385,0.30919614,1.1515187,3,1,1
225477487,10.5616,10.405199,6.7827997,6.5363817,271.80035,0.30990383,1.15134,3,1,1
225778284,10.3648,10.4094095,6.4356,6.540707,272.3475,0.3116567,1.1508976,3,1,1
226079075,10.3894005,10.398722,6.5224,6.5578923,272.89764,0.30720362,1.1520222,3,1,1
226379864,10.2746,10.398763,6.3736,6.577715,273.44986,0.30721954,1.1520182,3,1,1
226680011,10.3812,10.411054,6.6092,6.6060166,274.0043,0.3123405,1.1507251,3,1,1
226980725,10.5124,10.406626,6.8324,6.6445475,274.56317,0.3104949,1.1511908,3,1,1
227281468,10.5944,10.415013,6.9688,6.677292,275.12436,0.31398878,1.1503096,3,1,1
227582385,10.5944,10.416718,6.9068,6.674819,275.68118,0.3146987,1.1501306,3,1,1
227894301,10.0368,10.3957,6.324,6.667494,276.25827,0.30594203,1.1523412,3,1,1
228195123,10.0696,10.387874,6.386,6.6885347,276.81952,0.30268076,1.1531667,3,1,1
228496057,10.1352005,10.393171,6.5224,6.7268686,277.38672,0.30488732,1.152608,3,1,1
228796762,10.2992,10.388487,6.7332,6.7499223,277.95392,0.30293593,1.153102,3,1,1
229096690,10.127,10.365262,6.8076,6.7537537,278.51727,0.2932587,1.1555581,3,1,1
229397597,10.6436,10.357774,7.192,6.8155055,279.09485,0.29013887,1.1563523,3,1,1
229698293,10.0614,10.357075,6.3487997,6.8223805,279.66617,0.2898475,1.1564265,3,1,1
229999153,10.0696,10.358974,6.386,6.793248,280.23102,0.2906396,1.1562247,3,1,1
230299100,10.4140005,10.371376,6.5348,6.732013,280.78445,0.29573715,1.1549281,3,1,1
230600017,10.3648,10.384785,6.51,6.6797137,281.33597,0.30124816,1.1535296,3,1,1
230900672,10.4058,10.378986,6.5968,6.6397724,281.88477,0.2987722,1.1541575,3,1,1
231201454,10.3976,10.3645,6.7952,6.618213,282.43457,0.29269052,1.1557027,3,1,1
231501464,10.5534,10.36589,7.0555997,6.674115,282.99728,0.2932336,1.1555645,3,1,1
231802311,10.2172,10.366559,6.6463995,6.669494,283.55402,0.29348475,1.1555007,3,1,1
232103120,10.2992,10.373106,6.3984,6.6174145,284.1002,0.2961913,1.1548127,3,1,1
232403846,10.1024,10.370706,6.1008,6.556842,284.64023,0.29517362,1.1550714,3,1,1
232703937,10.25,10.371808,6.2496,6.500143,285.17523,0.29561993,1.1549579,3,1,1
233004711,10.2746,10.369776,6.3487997,6.489946,285.71536,0.29476255,1.1551758,3,1,1
233305507,10.3648,10.371388,6.4728,6.5073633,286.26068,0.29542735,1.1550069,3,1,1
233606333,10.1844,10.359909,6.3612003,6.519938,286.8067,0.29063722,1.1562253,3,1,1
233906309,10.1762,10.350085,6.4852,6.592747,287.36505,0.28653935,1.1572697,3,1,1
234207070,10.3402,10.354353,6.4975996,6.610855,287.9195,0.28831428,1.1568171,3,1,1
234508022,10.6026,10.365993,6.634,6.5863214,288.467,0.2931622,1.1555827,3,1,1
234820714,10.332,10.374973,6.7332,6.5362196,289.02704,0.29690087,1.1546326,3,1,1
235120670,10.2418,10.366992,6.6092,6.493708,289.56198,0.29357252,1.1554784,3,1,1
235421587,10.578,10.378404,6.8448,6.497799,290.1052,0.29832658,1.1542705,3,1,1
235722331,10.1106,10.373568,6.386,6.4625793,290.64026,0.29631063,1.1547824,3,1,1
236023147,10.5288,10.371468,6.696,6.4620066,291.1793,0.2954347,1.155005,3,1,1
236323117,10.2664,10.377286,6.3115997,6.468609,291.71912,0.29785734,1.1543897,3,1,1
236624038,10.3648,10.381641,6.2,6.459855,292.25848,0.2996714,1.1539295,3,1,1
236924682,10.4632,10.397654,6.3736,6.466919,292.79968,0.30634174,1.1522402,3,1,1
237225586,10.5452,10.395352,6.6215997,6.459995,293.33878,0.30538365,1.1524825,3,1,1
237525462,10.6108,10.393154,6.758,6.4632907,293.87762,0.30446768,1.1527143,3,1,1
237826309,10.2172,10.387294,6.4232,6.47303,294.41968,0.30202574,1.1533326,3,1,1
238127119,10.2828,10.380768,6.5348,6.4962807,294.9651,0.29930663,1.154022,3,1,1
238428036,10.2992,10.361004,6.5968,6.545448,295.5176,0.29107174,1.1561147,3,1,1
238727880,10.2992,10.359558,6.5596,6.652678,296.0856,0.29046896,1.1562681,3,1,1
239028681,10.5288,10.360134,6.6092,6.62317,296.63617,0.29070866,1.1562071,3,1,1
239329493,10.5944,10.374228,6.6588,6.559323,297.17636,0.29658094,1.1547137,3,1,1
239629464,10.5616,10.383649,6.6712003,6.548706,297.7201,0.30050626,1.1537178,3,1,1
239930409,10.4140005,10.38504,6.5843997,6.5402246,298.2653,0.301086,1.1535708,3,1,1
240231167,10.168,10.388741,6.3984,6.522979,298.80777,0.30262893,1.1531798,3,1,1
240531876,10.3238,10.391522,6.2496,6.5238504,299.35287,0.3037876,1.1528864,3,1,1
240843961,10.5206,10.383505,6.5224,6.502008,299.91345,0.3004464,1.1537329,3,1,1
241144750,10.5206,10.380795,6.5843997,6.500182,300.45715,0.29931775,1.1540191,3,1,1
241445523,10.5944,10.382366,6.5843997,6.471594,300.9951,0.2999719,1.1538533,3,1,1
241746415,10.6272,10.396244,6.4852,6.443503,301.5306,0.30575472,1.1523886,3,1,1
242046287,10.5534,10.386836,6.6463995,6.3288336,302.04257,0.30183524,1.1533809,3,1,1
242347100,10.5616,10.395405,6.6463995,6.427,302.59204,0.30540547,1.1524769,3,1,1
242648020,10.3812,10.391135,6.1008,6.371982,303.11783,0.3036267,1.1529272,3,1,1
242948680,10.332,10.390684,6.4108,6.3667245,303.6484,0.30343795,1.152975,3,1,1
243248689,10.4386,10.3778,6.7455997,6.4393673,304.1934,0.29807052,1.1543356,3,1,1
243549566,10.5616,10.383113,6.7332,6.530958,304.75116,0.30028403,1.153774,3,1,1
243850341,10.578,10.377899,6.6712003,6.499162,305.2911,0.29811028,1.1543255,3,1,1
244151055,10.455,10.381923,6.634,6.4711404,305.8281,0.29978764,1.1538999,3,1,1
244451118,10.3074,10.3855505,6.5472,6.444034,306.36053,0.30129945,1.1535167,3,1,1
244751907,10.25,10.382027,6.1752,6.4135737,306.89218,0.29983112,1.153889,3,1,1
245052664,10.3648,10.395115,6.138,6.3962374,307.4252,0.30528444,1.1525075,3,1,1
245353607,10.5124,10.404826,6.386,6.3908515,307.95847,0.30933055,1.1514847,3,1,1
245653481,10.2008,10.389027,5.7908,6.3014317,308.47372,0.30267537,1.153168,3,1,1
245954293,10.3238,10.392442,6.2,6.22496,308.9839,0.30402207,1.152827,3,1,1
246255241,10.332,10.399045,6.0635996,6.2041597,309.49915,0.30671534,1.1521456,3,1,1
246555106,10.3238,10.397287,6.1256,6.2471967,310.02423,0.3059369,1.1523424,3,1,1
246855938,10.3156,10.390524,6.4108,6.3293347,310.5626,0.3030829,1.1530648,3,1,1
247156790,10.2418,10.382893,6.4852,6.4158535,311.10944,0.2998757,1.1538776,3,1,1
247457471,10.3484,10.374213,6.7455997,6.5108147,311.66492,0.29625362,1.154797,3,1,1
247757553,10.4714,10.364645,7.0308,6.61155,312.22903,0.29233783,1.1557925,3,1,1
248058416,10.0778,10.373698,6.2743998,6.681226,312.79645,0.2961655,1.1548194,3,1,1
248359080,10.25,10.357632,6.696,6.7090626,313.36087,0.28951484,1.1565112,3,1,1
248660017,10.3648,10.366878,6.5968,6.749588,313.9308,0.29340115,1.1555219,3,1,1
248959904,10.3976,10.361632,6.9315996,6.7893643,314.50125,0.2912423,1.1560712,3,1,1
249260703,10.5698,10.349218,7.2292,6.8390293,315.07938,0.28609046,1.1573843,3,1,1
249561471,10.537,10.349806,7.3036,6.9126945,315.666,0.28635043,1.157318,3,1,1
249873449,10.2828,10.357139,7.2912,6.9949603,316.2817,0.28941858,1.1565357,3,1,1
250174389,10.3648,10.346846,7.2043996,7.020945,316.87186,0.2851397,1.1576269,3,1,1
250475136,10.1844,10.339056,6.6463995,6.9871907,317.45178,0.28190112,1.1584542,3,1,1
250775964,10.168,10.347421,6.5596,6.9397826,318.02563,0.28539172,1.1575626,3,1,1
251075881,10.2746,10.355654,6.5348,6.8917427,318.594,0.2888267,1.1566865,3,1,1
251376729,10.2664,10.353861,6.5348,6.8496203,319.16132,0.28808287,1.1568762,3,1,1
251677490,10.4468,10.340779,6.7208,6.8066177,319.72412,0.28263465,1.1582667,3,1,1
251978287,10.537,10.351237,7.0183997,6.79057,320.28888,0.28699312,1.157154,3,1,1
252278355,10.373,10.351166,6.7827997,6.7506323,320.84616,0.28696555,1.157161,3,1,1
252579087,10.209,10.352913,6.6712003,6.7378335,321.40695,0.28769585,1.1569748,3,1,1
252879962,10.0614,10.353442,6.51,6.735346,321.96954,0.2879174,1.1569183,3,1,1
253179976,10.086,10.340932,6.6588,6.790994,322.54218,0.28270498,1.1582488,3,1,1
253480817,10.0368,10.345851,6.6588,6.8224835,323.11743,0.28475425,1.1577253,3,1,1
253781553,10.3976,10.345844,6.634,6.7811017,323.6794,0.2847528,1.1577257,3,1,1
254082333,10.4714,10.3562765,6.758,6.741866,324.23834,0.28910062,1.1566168,3,1,1
254382392,10.5616,10.372622,6.9192,6.7363577,324.79965,0.29591057,1.1548841,3,1,1
254683080,10.5288,10.3659115,7.0803995,6.727798,325.36,0.29311535,1.1555946,3,1,1
254983908,10.1516,10.35008,6.634,6.7367067,325.9238,0.28651926,1.1572748,3,1,1
255284710,10.045,10.342087,6.3115997,6.740125,326.48798,0.28318948,1.1581249,3,1,1
255584666,10.3402,10.358086,6.4975996,6.732978,327.0478,0.28985447,1.1564246,3,1,1
255885503,10.3976,10.365167,6.4232,6.6661696,327.59674,0.29280505,1.1556736,3,1,1
256186255,10.5042,10.37033,6.7208,6.6321454,328.14618,0.29495695,1.1551263,3,1,1
256487093,10.5452,10.380731,6.758,6.618574,328.69693,0.29929116,1.1540259,3,1,1
256787177,10.496,10.381505,6.8572,6.594323,329.24362,0.29961264,1.1539444,3,1,1
257088129,10.2336,10.371303,6.1752,6.5459843,329.78513,0.29536262,1.1550233,3,1,1
257388731,10.3976,10.383273,6.4603996,6.523612,330.32642,0.30035028,1.1537572,3,1,1
257688732,10.209,10.385289,6.324,6.555898,330.87628,0.3011908,1.1535442,3,1,1
257989489,10.5944,10.384622,6.7455997,6.5636926,331.42557,0.3009125,1.1536148,3,1,1
258302356,10.5042,10.388182,6.758,6.5596485,331.99466,0.30239537,1.153239,3,1,1
258603105,10.291,10.392058,6.2743998,6.5388045,332.538,0.30401072,1.1528299,3,1,1
258903057,10.4386,10.389466,6.5596,6.560749,333.08716,0.3029309,1.1531034,3,1,1
259203968,10.2664,10.393109,6.2868,6.559437,333.6359,0.3044489,1.152719,3,1,1
259504766,10.4468,10.399568,6.4975996,6.5597363,334.18448,0.3071403,1.1520382,3,1,1
259805469,10.4714,10.394503,6.758,6.5402513,334.72867,0.30502903,1.1525722,3,1,1
260105556,10.5452,10.38756,6.8448,6.5644183,335.2789,0.30213594,1.1533047,3,1,1
260406450,10.619,10.373133,7.068,6.618872,335.8387,0.29612428,1.1548297,3,1,1
260707164,10.2008,10.366097,6.8448,6.6686263,336.40213,0.29319292,1.1555749,3,1,1
261008171,10.3648,10.361725,6.6712003,6.7050147,336.9666,0.29136997,1.1560388,3,1,1
261308065,10.4632,10.36424,6.6463995,6.6985574,337.52438,0.29241878,1.1557719,3,1,1
261608723,10.5616,10.378842,6.7827997,6.6908994,338.08264,0.298503,1.1542258,3,1,1
261909469,10.5944,10.38752,6.882,6.687847,338.6409,0.30211914,1.153309,3,1,1
262209508,10.1516,10.383165,6.8076,6.691662,339.1984,0.300305,1.1537688,3,1,1
262510339,10.2582,10.385414,6.572,6.695314,339.758,0.30124208,1.1535312,3,1,1
262811079,10.2336,10.3841915,6.4975996,6.7132,340.32117,0.30073294,1.1536603,3,1,1
263111925,10.2336,10.375686,6.5224,6.7018714,340.88037,0.29718927,1.1545594,3,1,1
263411868,10.168,10.366827,6.3612003,6.6688595,341.4326,0.29349816,1.1554973,3,1,1
263712802,10.4632,10.373616,6.8324,6.6397266,341.9851,0.2963273,1.1547782,3,1,1
264013512,10.5288,10.371838,6.8448,6.6386633,342.53952,0.29558575,1.1549666,3,1,1
264325480,10.5616,10.3754,7.0183997,6.669424,343.12115,0.29707035,1.1545895,3,1,1
264626360,10.4714,10.369773,6.8572,6.68285,343.68213,0.29472667,1.155185,3,1,1
264927093,10.5288,10.3671465,7.1548,6.6846843,344.24072,0.29363203,1.1554632,3,1,1
265227881,10.25,10.3648205,6.4728,6.705848,344.804,0.29266247,1.1557099,3,1,1
265528061,10.5288,10.376544,6.82,6.734422,345.3692,0.29754734,1.1544684,3,1,1
265828854,10.5288,10.382457,6.8943996,6.761268,345.93768,0.30001035,1.1538435,3,1,1
266129468,10.4468,10.376044,6.8572,6.7862935,346.50742,0.2973382,1.1545215,3,1,1
266429631,10.4878,10.380699,6.8448,6.7844043,347.0721,0.29927698,1.1540295,3,1,1
266730351,10.291,10.385046,6.6215997,6.752824,347.63232,0.3010882,1.1535702,3,1,1
267031082,10.5534,10.390109,6.882,6.73421,348.19235,0.30319807,1.1530356,3,1,1
267331990,10.5042,10.386333,6.882,6.707785,348.74908,0.30162546,1.153434,3,1,1
267631864,10.4632,10.378722,6.51,6.656894,349.2978,0.29845408,1.1542383,3,1,1
267932787,10.496,10.379098,6.696,6.5984964,349.8414,0.29861104,1.1541984,3,1,1
268233472,10.6108,10.390405,6.944,6.596376,350.39145,0.30332333,1.1530039,3,1,1
268533507,10.4714,10.38273,6.8696,6.639644,350.95032,0.30008495,1.1538246,3,1,1
268834264,10.578,10.380304,7.006,6.678751,351.5138,0.29899058,1.1541021,3,1,1
269135210,10.5698,10.37728,6.9688,6.684924,352.07318,0.29766557,1.1544384,3,1,1
269436040,10.5042,10.378636,6.7952,6.6936584,352.63437,0.2981803,1.1543077,3,1,1
269735885,10.5452,10.377777,6.7827997,6.6724963,353.1871,0.29778406,1.1544083,3,1,1
270036727,10.3566,10.384985,6.7703996,6.645129,353.73862,0.30075777,1.153654,3,1,1
270337482,10.4386,10.377113,6.9068,6.6153884,354.2874,0.29745373,1.1544921,3,1,1
270637597,10.6026,10.387544,6.5968,6.561519,354.82855,0.30134636,1.1535048,3,1,1
270938327,10.332,10.395304,6.4728,6.509922,355.3649,0.3041814,1.1527867,3,1,1
271239145,10.1188,10.385828,6.2124,6.5505977,355.91776,0.3004955,1.1537205,3,1,1
271539868,10.3156,10.389254,6.324,6.5659056,356.46884,0.30212724,1.153307,3,1,1
271839953,10.2992,10.400729,6.3487997,6.5555315,357.0139,0.30706713,1.1520567,3,1,1
272140651,10.3402,10.4132395,6.4356,6.5902147,357.5682,0.3124032,1.1507093,3,1,1
272441526,10.1352005,10.412835,6.2868,6.6051936,358.12317,0.3122806,1.1507403,3,1,1
272742386,10.3812,10.403163,6.3736,6.578434,358.67044,0.30824545,1.1517589,3,1,1
273054275,10.5452,10.396448,6.6836,6.509598,359.22595,0.30544296,1.1524675,3,1,1
273355197,10.6272,10.393299,6.6463995,6.436746,359.7548,0.30412725,1.1528004,3,1,1
273655998,10.619,10.3998785,5.9644,6.3680987,360.28055,0.3060709,1.1523086,3,1,1
273955881,10.6354,10.41171,6.1132,6.165303,360.76825,0.30869478,1.1516454,3,1,1
274256779,10.578,10.428374,5.8403997,6.0509825,361.25992,0.3137285,1.1503751,3,1,1
274557621,10.5616,10.435393,5.8652,5.9509873,361.7441,0.31509885,1.1500298,3,1,1
274857539,10.6026,10.443862,6.0388,5.8879676,362.22632,0.31741065,1.1494477,3,1,1
275158335,10.496,10.44426,5.952,5.759784,362.68994,0.3157423,1.1498678,3,1,1
275459060,10.5862,10.4468,6.138,5.8266068,363.18488,0.3163498,1.1497148,3,1,1
275759864,10.3976,10.447431,5.952,5.8536444,363.67792,0.316273,1.149734,3,1,1
276059955,10.3976,10.450602,6.1008,5.8673368,364.16855,0.31732914,1.1494682,3,1,1
276360669,10.6026,10.449978,5.8528,5.8081636,364.6466,0.31686404,1.1495852,3,1,1
276661507,10.3402,10.460644,5.4932003,5.765796,365.12357,0.32114893,1.1485077,3,1,1
276962317,10.2992,10.458474,5.5304,5.729967,365.5977,0.32012114,1.148766,3,1,1
277262409,10.3074,10.458217,5.394,5.722831,366.0739,0.31991687,1.1488173,3,1,1
277563084,10.3812,10.458585,5.7535996,5.7025747,366.5469,0.3199958,1.1487975,3,1,1
277864046,10.1024,10.447455,5.6296,5.6739407,367.0176,0.31530067,1.149979,3,1,1
278163850,10.291,10.450884,5.456,5.6763897,367.49023,0.31668392,1.1496305,3,1,1
278464664,10.3648,10.459085,5.4188,5.6756434,367.9645,0.320066,1.1487799,3,1,1
278765618,10.2828,10.45371,5.3568,5.6611047,368.4363,0.31779826,1.1493502,3,1,1
279078357,10.6436,10.467605,5.7412,5.657364,368.92764,0.3235658,1.1479008,3,1,1
279378309,10.6436,10.471714,5.8156,5.6415906,369.39532,0.32526094,1.1474755,3,1,1
279679211,10.2418,10.476154,5.4312,5.6465964,369.8678,0.3270978,1.147015,3,1,1
279979868,10.2746,10.466137,5.518,5.6377864,370.33725,0.3229137,1.1480645,3,1,1
280279911,10.5698,10.466224,5.9272003,5.6658826,370.81305,0.32294267,1.1480572,3,1,1
280580693,10.5124,10.475065,5.6296,5.708406,371.2954,0.3266203,1.1471347,3,1,1
280881503,10.66,10.469897,6.0512,5.730072,371.7768,0.32446215,1.1476759,3,1,1
281181475,10.6354,10.474148,5.9892,5.7663426,372.26184,0.3262292,1.1472327,3,1,1
281482269,10.5944,10.461964,6.0016,5.76182,372.7427,0.32115018,1.1485074,3,1,1
281783083,10.6272,10.450103,6.076,5.776419,373.22675,0.3162056,1.1497511,3,1,1
282083865,10.5042,10.441653,5.9768,5.809021,373.71588,0.3127081,1.1506324,3,1,1
282383937,10.6518,10.43506,6.2,5.861785,374.21085,0.31004798,1.1513036,3,1,1
282684666,10.5206,10.438933,6.0263996,5.895267,374.7079,0.31181476,1.1508578,3,1,1
282985498,10.6436,10.431026,6.2992,5.901754,375.2016,0.3086437,1.1516583,3,1,1
283285582,10.4632,10.42865,6.0884,5.9087977,375.69498,0.3077492,1.1518843,3,1,1
283586336,10.455,10.4338,5.9396,5.899805,376.18713,0.30988738,1.1513442,3,1,1
283887223,10.3648,10.422378,5.7535996,5.8401103,376.66824,0.3050277,1.1525725,3,1,1
284187992,10.3812,10.423676,5.9768,5.8469253,377.1572,0.3054841,1.1524571,3,1,1
284488031,10.6272,10.416443,6.2,5.864195,377.6478,0.30240405,1.1532367,3,1,1
284800796,10.6272,10.423516,6.1875997,5.883545,378.1612,0.30529922,1.1525038,3,1,1
285101543,10.5616,10.428932,6.1008,5.8874946,378.65384,0.30751622,1.1519432,3,1,1
285402272,10.578,10.430156,6.1256,5.8956194,379.14706,0.30799446,1.1518223,3,1,1
285702395,10.6354,10.43704,6.0512,5.8879414,379.63672,0.3108386,1.1511041,3,1,1
286003084,10.7748,10.444732,6.3487997,5.912302,380.1328,0.31402534,1.1503003,3,1,1
286303945,10.6108,10.43851,6.2248,5.8946176,380.62213,0.3114177,1.150958,3,1,1
286603992,10.6272,10.448577,6.2248,5.9174814,381.11798,0.31560147,1.1499032,3,1,1
286904671,10.5944,10.443715,6.2248,5.9263377,381.61374,0.31356698,1.1504158,3,1,1
287205534,10.455,10.449372,6.014,5.931446,382.11008,0.31591707,1.1498238,3,1,1
287505524,10.4140005,10.445881,6.0512,5.9218583,382.60187,0.31445736,1.1501914,3,1,1
287806304,10.5944,10.455712,6.0512,5.927855,383.09827,0.31855,1.1491611,3,1,1
288107098,10.5862,10.466551,6.2,5.9441967,383.5977,0.3230634,1.1480268,3,1,1
288408020,10.0778,10.46504,5.5056,5.9315248,384.09274,0.3224316,1.1481855,3,1,1
288707875,10.5124,10.465057,6.2,5.928469,384.58652,0.32243684,1.1481842,3,1,1
289008697,10.291,10.469732,5.7163997,5.9362535,385.0834,0.32438284,1.1476958,3,1,1
289309493,10.0532,10.461822,5.58,5.9273252,385.578,0.32108518,1.1485237,3,1,1
289609450,10.3484,10.457185,5.6047997,5.87282,386.06067,0.3191512,1.1490098,3,1,1
289910358,10.3156,10.449142,5.6544,5.8483195,386.54645,0.3157998,1.1498532,3,1,1
290211100,10.4386,10.4465475,5.8403997,5.8172264,387.02835,0.31471896,1.1501255,3,1,1
290511076,10.332,10.453278,5.8403997,5.804875,387.50977,0.3175225,1.1494195,3,1,1
290811876,10.6682005,10.461838,5.3568,5.639753,387.96307,0.31955734,1.1489078,3,1,1
291112827,10.6436,10.474314,5.3816,5.4374638,388.3917,0.32261395,1.1481397,3,1,1
291413537,10.3976,10.48655,5.1583996,5.3468833,388.8271,0.32604682,1.1472784,3,1,1
291713634,10.6026,10.502547,5.1088,5.2898192,389.26144,0.331416,1.1459339,3,1,1
292014311,10.578,10.511563,5.208,5.244397,389.69424,0.33416432,1.1452469,3,1,1
292315119,10.6272,10.523974,5.1956,5.2102184,390.1258,0.33855176,1.1441518,3,1,1
292615183,10.5452,10.538478,4.9476,5.1926265,390.5568,0.34398556,1.1427984,3,1,1
292915924,10.455,10.525521,4.8236,5.1176877,390.97556,0.33811253,1.1442614,3,1,1
293228762,10.5698,10.519504,5.0343995,5.031514,391.40262,0.33522317,1.1449823,3,1,1
293529490,10.6108,10.484522,5.022,4.965826,391.80835,0.3203631,1.1487051,3,1,1
293829470,10.3402,10.48663,5.0343995,5.010007,392.23038,0.32102063,1.1485399,3,1,1
294130292,10.3238,10.501632,5.0095997,5.128319,392.6738,0.32709897,1.1470146,3,1,1
294431192,10.4058,10.507426,5.2823997,5.2343388,393.12405,0.3293804,1.1464432,3,1,1
294731162,10.332,10.50683,5.3692,5.3659554,393.58774,0.32902804,1.1465315,3,1,1
295031846,10.1352005,10.491012,5.1956,5.440608,394.0525,0.3223559,1.1482044,3,1,1
295332724,10.2992,10.489806,5.4807997,5.5449085,394.52875,0.3217914,1.1483463,3,1,1
295632646,10.5616,10.487101,5.9272003,5.620667,395.00604,0.3206149,1.1486418,3,1,1
295933464,10.3074,10.482663,5.4063997,5.6330814,395.47827,0.31872788,1.1491163,3,1,1
296234366,10.2828,10.470277,5.6792,5.6425176,395.95096,0.31353694,1.1504234,3,1,1
296535198,10.824,10.4696045,5.9396,5.6383653,396.42154,0.3132333,1.1504999,3,1,1
296835154,10.2336,10.450295,5.6172,5.5759325,396.878,0.3051697,1.1525366,3,1,1
297135935,10.6846,10.455945,5.642,5.501149,397.32837,0.30750963,1.1519449,3,1,1
297436723,10.3484,10.443291,5.0716,5.4167237,397.76953,0.3022262,1.1532818,3,1,1
297736762,10.4632,10.442988,5.1212,5.354952,398.20813,0.30209273,1.1533157,3,1,1
298037591,10.5288,10.438822,5.2452,5.3395967,398.65158,0.3003506,1.1537572,3,1,1
298338372,10.6272,10.458513,5.5552,5.3561783,399.10092,0.30854958,1.151682,3,1,1
298650295,10.6436,10.474732,5.7908,5.40819,399.5753,0.31530306,1.1499784,3,1,1
298951074,10.578,10.487777,5.5552,5.4392705,400.03403,0.32073545,1.1486117,3,1,1
299251864,10.66,10.498408,5.58,5.392764,400.47803,0.32516316,1.1475,3,1,1
299552691,10.6354,10.5071535,5.4932003,5.3528047,400.9204,0.32873067,1.146606,3,1,1
299852781,10.578,10.497966,5.5056,5.3001637,401.35464,0.3248252,1.1475848,3,1,1
300153539,10.6764,10.497846,5.456,5.263656,401.78943,0.3247164,1.1476121,3,1,1
300454308,10.701,10.486846,5.3195996,5.191161,402.21344,0.3200867,1.1487746,3,1,1
300754269,10.4140005,10.477188,5.084,5.1340566,402.63342,0.31602687,1.149796,3,1,1
301055233,10.3484,10.489739,4.9723997,5.139439,403.06274,0.3212286,1.1484877,3,1,1
301356050,10.6928005,10.48752,5.4435997,5.1670327,403.4979,0.3202821,1.1487255,3,1,1
301655862,10.4304,10.497137,4.9476,5.1599994,403.9269,0.3242,1.1477417,3,1,1
301956683,10.127,10.487719,4.6872,5.1185384,404.3498,0.32018697,1.1487495,3,1,1
302257523,10.332,10.487721,5.0095997,5.093975,404.7731,0.3200639,1.1487803,3,1,1
302570301,10.4058,10.472398,4.9104,5.0282826,405.20178,0.31354052,1.1504226,3,1,1
302870304,10.3484,10.475736,4.7988,5.0117617,405.61795,0.31483003,1.1500975,3,1,1
303171176,10.4714,10.477204,5.2328,5.0712,406.04944,0.31553078,1.1499211,3,1,1
303471864,10.4304,10.478649,5.0964,5.1422715,406.4888,0.3162167,1.1497482,3,1,1
303771983,10.4632,10.486164,5.2204,5.18614,406.92636,0.3194118,1.1489443,3,1,1
304072711,10.3648,10.490092,5.2452,5.286176,407.38058,0.32109892,1.1485202,3,1,1
304373469,10.2828,10.489407,5.084,5.3265862,407.83087,0.32079726,1.148596,3,1,1
304673518,10.2992,10.49277,5.27,5.3614993,408.28183,0.32214957,1.1482563,3,1,1
304974268,10.3976,10.492947,4.3524,5.2039275,408.70126,0.32069978,1.1486205,3,1,1
305275158,10.4058,10.504492,4.5383997,4.9056544,409.07388,0.32296777,1.1480509,3,1,1
305575923,10.6518,10.486879,6.1008,5.2742333,409.55923,0.31895745,1.1490586,3,1,1
305875884,10.5944,10.476354,6.014,5.5159717,410.0488,0.31728524,1.1494793,3,1,1
306176762,10.6764,10.479269,4.8732,5.487961,410.50952,0.31843242,1.1491905,3,1,1
306477601,10.6764,10.504472,4.34,5.028106,410.87198,0.32466915,1.1476239,3,1,1
306777533,10.701,10.529515,3.8812,4.6769595,411.21805,0.33069876,1.1461133,3,1,1
307078321,10.7338,10.548051,4.0052,4.318723,411.53268,0.3336302,1.1453803,3,1,1
307379102,10.7092,10.568998,3.8316,4.126769,411.8536,0.33863646,1.1441307,3,1,1
307679152,10.496,10.581909,3.9308,3.983227,412.1674,0.34112176,1.1435113,3,1,1
307979903,10.6026,10.596486,3.8935997,3.895294,412.481,0.34494314,1.1425604,3,1,1
308280685,10.7174,10.604453,3.9928,3.8392968,412.79443,0.3465316,1.1421654,3,1,1
308581621,10.5124,10.60098,3.596,3.802502,413.1076,0.34386343,1.1428288,3,1,1
308881554,10.4714,10.597833,3.4968,3.7544925,413.41455,0.34160838,1.1433902,3,1,1
309182300,10.4714,10.588219,3.5091999,3.6781552,413.71353,0.336754,1.1446003,3,1,1
309483074,10.537,10.567092,3.5091999,3.5992491,414.00504,0.32717267,1.1469963,3,1,1
309783078,10.7338,10.575809,3.72,3.562611,414.29654,0.33018857,1.146241,3,1,1
310083950,10.537,10.587234,3.7696002,3.5733914,414.59595,0.33446962,1.1451706,3,1,1
310384672,10.7912,10.608241,3.8191998,3.5937905,414.89825,0.3428504,1.143081,3,1,1
310696702,10.8486,10.614449,3.8191998,3.6049454,415.2115,0.34513617,1.1425123,3,1,1
310997558,10.7912,10.61134,3.7944,3.5837016,415.5087,0.34361723,1.1428901,3,1,1
311298280,10.4468,10.608653,3.286,3.5617497,415.80377,0.34232393,1.143212,3,1,1
311598387,10.332,10.602685,3.0876,3.552424,416.09897,0.33966544,1.1438742,3,1,1
311899072,10.5944,10.584669,3.5091999,3.5197742,416.38873,0.33196914,1.1457956,3,1,1
312199937,10.742,10.600124,3.72,3.5363371,416.68665,0.33824736,1.1442277,3,1,1
312500060,10.7584,10.620802,1.0292,2.8925865,416.85587,0.3391031,1.1440144,3,1,1
312800778,10.6108,10.614717,0.1488,2.1467066,416.9445,0.32650223,1.1471642,3,1,1
313101472,10.9142,10.640306,0.0,1.3060862,416.94724,0.31685576,1.1495874,3,1,1
313402311,10.906,10.694335,0.0,0.7881773,416.94724,0.31730795,1.1494735,3,1,1
313702307,10.9224,10.754427,0.0,0.47563744,416.94724,0.32518393,1.1474948,3,1,1
314003080,10.9224,10.802103,0.0,0.28703058,416.94724,0.33169967,1.1458629,3,1,1
314303943,11.0454,10.839637,0.0,0.1732129,416.94724,0.33695477,1.1445502,3,1,1
314603869,11.0126,10.878977,0.0,0.10452792,416.94724,0.34527066,1.1424788,3,1,1
314904695,10.9634,10.909841,0.0,0.06307895,416.94724,0.351849,1.1408458,3,1,1
315205529,10.9552,10.932447,0.0,0.03806594,416.94724,0.35638127,1.1397232,3,1,1
315505483,10.8076,10.931369,0.0,0.022971462,416.94724,0.3650121,1.1375917,3,1,1
315806280,10.578,10.905903,2.3932,0.36527368,417.0119,0.40223554,1.1284897,3,1,1
316107122,8.8806,10.698225,27.986801,5.1706643,417.96527,0.36631835,1.1372699,3,1,1
316407245,11.0044,10.633953,0.0,6.232987,418.74448,0.3358217,1.144833,3,1,1
316707882,10.988,10.710732,0.0,3.761389,418.74448,0.3523083,1.1407319,3,1,1
317008764,10.9962,10.772162,0.0,2.269867,418.74448,0.36584416,1.1373867,3,1,1
317308692,10.988,10.820633,0.0,1.3697851,418.74448,0.37666005,1.1347278,3,1,1
317609576,11.0044,10.852426,0.0,0.82661754,418.74448,0.38261065,1.1332703,3,1,1
317910311,11.0536,10.877506,0.0,0.4988349,418.74448,0.38738638,1.1321031,3,1,1
318222279,10.7338,10.890286,0.0,0.29500884,418.74448,0.38814247,1.1319185,3,1,1
318523123,10.7748,10.90268,0.0,0.17802751,418.74448,0.38990805,1.1314878,3,1,1
318823914,11.0044,10.924435,0.0,0.107433386,418.74448,0.3963274,1.1299247,3,1,1
319123865,10.9552,10.942835,0.0,0.06483229,418.74448,0.40193817,1.1285619,3,1,1
319424691,11.0208,10.936497,0.0,0.039124023,418.74448,0.38838643,1.1318591,3,1,1
319725589,11.0044,10.949195,0.0,0.023609977,418.74448,0.38348284,1.133057,3,1,1
320026385,11.0864,10.970025,0.0,0.014247794,418.74448,0.3842578,1.1328675,3,1,1
320327993,11.0536,10.98905,0.0,0.0085980445,418.74448,0.386037,1.1324327,3,1,1
320627917,11.0536,11.005444,0.0,0.0051886193,418.74448,0.38808608,1.1319324,3,1,1
320928164,11.0536,11.016344,0.0,0.003131151,418.74448,0.38890803,1.1317319,3,1,1
321227906,10.7994,11.019933,0.0,0.0018895403,418.74448,0.3899342,1.1314815,3,1,1
321528680,11.1028,11.011799,0.0,0.0011402718,418.74448,0.38572526,1.1325088,3,1,1
321829557,11.029,11.021173,0.0,0.00068811415,418.74448,0.3870246,1.1321914,3,1,1
322129632,11.0536,11.031574,0.0,0.00041525287,418.74448,0.3893315,1.1316285,3,1,1
322430264,11.07,11.039019,0.0,0.00025059062,418.74448,0.3908564,1.1312567,3,1,1
322730395,11.0044,11.043671,0.0,0.00015122269,418.74448,0.39156795,1.1310833,3,1,1
323031102,11.0864,11.049777,0.0,9.1257614e-05,418.74448,0.39315665,1.1306963,3,1,1
323331889,11.0618,11.0539,0.0,5.5070774e-05,418.74448,0.3941323,1.1304587,3,1,1
323632739,11.1192,11.0612545,0.0,3.3233297e-05,418.74448,0.39661992,1.1298535,3,1,1
323932722,11.1274,11.061073,0.0,2.0055135e-05,418.74448,0.39609447,1.1299813,3,1,1
324233464,11.029,11.064485,0.0,1.2102573e-05,418.74448,0.39716634,1.1297206,3,1,1
324534289,11.1028,11.06759,0.0,7.3034807e-06,418.74448,0.39818808,1.1294724,3,1,1
324834353,11.0864,11.068984,0.0,4.4073945e-06,418.74448,0.3985577,1.1293825,3,1,1
325135235,11.1028,11.072616,0.0,2.6597083e-06,418.74448,0.39990634,1.1290549,3,1,1
325436061,11.0208,11.074788,0.0,1.6050413e-06,418.74448,0.4006836,1.1288662,3,1,1
325735917,11.07,11.077599,0.0,9.685863e-07,418.74448,0.40175572,1.1286061,3,1,1
326036720,11.0372,11.080624,0.0,5.8450786e-07,418.74448,0.40293992,1.1283188,3,1,1
326337494,11.1356,11.081454,0.0,3.5273004e-07,418.74448,0.40322545,1.1282495,3,1,1
326649481,11.0536,11.085651,0.0,2.0860301e-07,418.74448,0.4049258,1.1278375,3,1,1
326950315,11.1192,11.088757,0.0,1.2588463e-07,418.74448,0.40618333,1.1275328,3,1,1
327251079,11.0864,11.089502,0.0,7.596696e-08,418.74448,0.40646672,1.1274642,3,1,1
327551072,11.1192,11.084167,0.0,4.5843407e-08,418.74448,0.4038796,1.128091,3,1,1
327851937,11.1356,11.087235,0.0,2.7664898e-08,418.74448,0.40484962,1.127856,3,1,1
328152696,11.0864,11.089204,0.0,1.6694793e-08,418.74448,0.40543032,1.1277152,3,1,1
328452716,11.0618,11.087644,0.0,1.0074724e-08,418.74448,0.40459338,1.127918,3,1,1
328753468,11.0618,11.087775,0.0,6.0797447e-09,418.74448,0.40450203,1.1279402,3,1,1
329053509,11.0618,11.087583,0.0,3.6689136e-09,418.74448,0.404309,1.127987,3,1,1
329354257,11.0208,11.086664,0.0,2.214061e-09,418.74448,0.40383855,1.128101,3,1,1
329655141,11.152,11.086685,0.0,1.3361083e-09,418.74448,0.40377912,1.1281154,3,1,1
329955906,11.1274,11.084519,0.0,8.062947e-10,418.74448,0.40282345,1.128347,3,1,1
330255887,11.1438,11.08551,0.0,4.865706e-10,418.74448,0.403194,1.1282573,3,1,1
330556684,11.0618,11.084971,0.0,2.936284e-10,418.74448,0.40293708,1.1283195,3,1,1
330857644,11.0618,11.084243,0.0,1.7719447e-10,418.74448,0.4026093,1.128399,3,1,1
331157523,11.0782,11.086884,0.0,1.0693066e-10,418.74448,0.40369037,1.1281369,3,1,1
331458283,11.1274,11.088163,0.0,6.452892e-11,418.74448,0.40420854,1.1280113,3,1,1
331759135,11.0946,11.089509,0.0,3.8940948e-11,418.74448,0.4047568,1.1278784,3,1,1
332059074,11.0946,11.090167,0.0,2.34995e-11,418.74448,0.40502146,1.1278143,3,1,1
332371900,11.0536,11.090853,0.0,1.3897498e-11,418.74448,0.40529966,1.1277468,3,1,1
332671925,11.152,11.092833,0.0,8.386653e-12,418.74448,0.40611938,1.1275483,3,1,1
332972666,11.0044,11.091823,0.0,5.061052e-12,418.74448,0.40569463,1.1276512,3,1,1
333273520,11.1356,11.092919,0.0,3.0541676e-12,418.74448,0.40651762,1.1274519,3,1,1
333573598,11.1028,11.098241,0.0,1.8430832e-12,418.74448,0.4090171,1.126847,3,1,1
333874353,11.1438,11.1018715,0.0,1.1122361e-12,418.74448,0.41074985,1.1264281,3,1,1
334175211,11.1684,11.104263,0.0,6.711955e-13,418.74448,0.4119187,1.1261457,3,1,1
334475983,11.1028,11.107385,0.0,4.0504308e-13,418.74448,0.41335237,1.1257995,3,1,1
334775919,11.1684,11.110078,0.0,2.4442931e-13,418.74448,0.41457802,1.1255037,3,1,1
335076709,11.1438,11.113661,0.0,1.4750453e-13,418.74448,0.41615185,1.1251241,3,1,1
335376753,11.07,11.112141,0.0,8.901382e-14,418.74448,0.41558117,1.1252617,3,1,1
335677480,11.1192,11.114907,0.0,5.3716715e-14,418.74448,0.41678238,1.1249721,3,1,1
335978334,11.0536,11.114951,0.0,3.241616e-14,418.74448,0.41683802,1.1249586,3,1,1
336278313,11.1274,11.113485,0.0,1.9562018e-14,418.74448,0.41625684,1.1250987,3,1,1
336579087,11.111,11.1147995,0.0,1.1804996e-14,418.74448,0.41682768,1.1249611,3,1,1
336879948,11.1192,11.118042,0.0,7.123903e-15,418.74448,0.41819552,1.1246315,3,1,1
337179864,11.1356,11.120773,0.0,4.299026e-15,418.74448,0.41934875,1.1243538,3,1,1
337480688,11.0372,11.11854,0.0,2.5943118e-15,418.74448,0.41842794,1.1245755,3,1,1
337781493,11.0618,11.1157255,0.0,1.565576e-15,418.74448,0.4171835,1.1248754,3,1,1
338081510,11.1274,11.118362,0.0,9.447703e-16,418.74448,0.41793948,1.1246932,3,1,1
338382314,11.1028,11.116307,0.0,5.7013576e-16,418.74448,0.41681597,1.124964,3,1,1
338683199,10.9798,11.115086,0.0,3.4405703e-16,418.74448,0.4160988,1.1251369,3,1,1
338983173,11.1028,11.114188,0.0,2.0762632e-16,418.74448,0.41556388,1.1252658,3,1,1
339283877,11.0536,11.115631,0.0,1.2529522e-16,418.74448,0.4160388,1.1251514,3,1,1
339595886,11.1192,11.114652,0.0,7.4099044e-17,418.74448,0.41553047,1.125274,3,1,1
339896806,11.0618,11.111879,0.0,4.4716183e-17,418.74448,0.4142994,1.1255709,3,1,1
340197506,11.1684,11.10911,0.0,2.6984652e-17,418.74448,0.41308784,1.1258634,3,1,1
340497462,11.1192,11.111113,0.0,1.6284293e-17,418.74448,0.4138764,1.125673,3,1,1
340798365,11.07,11.111045,0.0,9.827e-18,418.74448,0.41381195,1.1256886,3,1,1
341099118,11.1274,11.102664,0.0,5.930252e-18,418.74448,0.41029325,1.1265385,3,1,1
341399944,11.152,11.096937,0.0,3.5786993e-18,418.74448,0.40788522,1.127121,3,1,1
341699864,11.1274,11.101334,0.0,2.1596197e-18,418.74448,0.4097007,1.1266818,3,1,1
342000705,11.152,11.10572,0.0,1.303255e-18,418.74448,0.41151583,1.126243,3,1,1
342300664,11.0946,11.106397,0.0,7.86469e-19,418.74448,0.4117881,1.1261773,3,1,1
342601584,11.152,11.108954,0.0,4.746065e-19,418.74448,0.4128462,1.1259217,3,1,1
342902294,11.0372,11.108788,0.0,2.864084e-19,418.74448,0.4127703,1.1259401,3,1,1
343202260,11.1274,11.111075,0.0,1.7283745e-19,418.74448,0.41371942,1.1257108,3,1,1
343503106,11.1192,11.1129055,0.0,1.04301336e-19,418.74448,0.41447693,1.1255281,3,1,1
343804043,11.0536,11.113811,0.0,6.29422e-20,418.74448,0.41485083,1.1254379,3,1,1
344103864,11.1274,11.115566,0.0,3.798341e-20,418.74448,0.41557965,1.1252621,3,1,1
344404685,11.1028,11.115765,0.0,2.2921653e-20,418.74448,0.41566035,1.1252426,3,1,1
344705643,11.1766,11.113504,0.0,1.3832418e-20,418.74448,0.41471696,1.1254702,3,1,1
345005480,11.1274,11.114448,0.0,8.3473784e-21,418.74448,0.415109,1.1253756,3,1,1
345306370,11.152,11.115583,0.0,5.0373514e-21,418.74448,0.41558248,1.1252614,3,1,1
345606405,11.0454,11.114648,0.0,3.0398655e-21,418.74448,0.4151913,1.1253557,3,1,1
345907093,11.1028,11.1143,0.0,1.8344523e-21,418.74448,0.41504568,1.1253909,3,1,1
346207928,11.07,11.117794,0.0,1.1070279e-21,418.74448,0.4165015,1.1250397,3,1,1
346507884,11.1602,11.120059,0.0,6.680527e-22,418.74448,0.41744497,1.1248124,3,1,1
346820649,11.1192,11.122305,0.0,3.9508345e-22,418.74448,0.41838092,1.1245868,3,1,1
347121586,11.1684,11.119877,0.0,2.3841903e-22,418.74448,0.41736954,1.1248306,3,1,1
347421554,11.1274,11.121855,0.0,1.4387753e-22,418.74448,0.41819343,1.124632,3,1,1
347722328,11.0618,11.122197,0.0,8.682506e-23,418.74448,0.41833586,1.1245977,3,1,1
348023189,11.0044,11.1215105,0.0,5.2395876e-23,418.74448,0.41804993,1.1246666,3,1,1
348323164,11.1356,11.123438,0.0,3.161908e-23,418.74448,0.41885257,1.1244733,3,1,1
348624668,11.1684,11.127017,0.0,1.9081009e-23,418.74448,0.42034376,1.1241143,3,1,1
348924713,11.1684,11.124931,0.0,1.1514722e-23,418.74448,0.41947448,1.1243235,3,1,1
349224668,11.0864,11.1248,0.0,6.948732e-24,418.74448,0.41941938,1.1243367,3,1,1
349525529,11.1028,11.123428,0.0,4.1933164e-24,418.74448,0.4188483,1.1244743,3,1,1
349825520,11.1848,11.124336,0.0,2.5305198e-24,418.74448,0.4192264,1.1243832,3,1,1
350126364,11.0372,11.121577,0.0,1.5270803e-24,418.74448,0.41807643,1.1246603,3,1,1
350426346,11.1192,11.120564,0.0,9.215396e-25,418.74448,0.41765425,1.1247619,3,1,1
350727090,11.152,11.124014,0.0,5.56117e-25,418.74448,0.41909125,1.1244158,3,1,1
351028101,11.152,11.128359,0.0,3.355972e-25,418.74448,0.42090148,1.12398,3,1,1
351328008,11.0946,11.130028,0.0,2.0252118e-25,418.74448,0.42159647,1.1238128,3,1,1
351628765,11.0372,11.127008,0.0,1.2221442e-25,418.74448,0.42033875,1.1241155,3,1,1
351929468,11.0946,11.123478,0.0,7.375213e-26,418.74448,0.4188682,1.1244695,3,1,1
352229508,11.0946,11.125336,0.0,4.4506836e-26,418.74448,0.41964233,1.1242831,3,1,1
352531082,10.9798,11.124694,0.0,2.685832e-26,418.74448,0.41937593,1.1243472,3,1,1
352832762,11.1766,11.126379,0.0,1.620806e-26,418.74448,0.42007798,1.1241782,3,1,1
353132687,11.0946,11.124775,0.0,9.780998e-27,418.74448,0.41940984,1.1243391,3,1,1
353432673,11.0536,11.1235485,0.0,5.902491e-27,418.74448,0.41889867,1.1244621,3,1,1
353732685,11.1356,11.12118,0.0,3.5619466e-27,418.74448,0.4179121,1.1246998,3,1,1
354044673,11.0864,11.12258,0.0,2.1065198e-27,418.74448,0.41849574,1.1245592,3,1,1
354345566,11.1438,11.123052,0.0,1.2712113e-27,418.74448,0.41869244,1.1245118,3,1,1
354645509,11.1028,11.126128,0.0,7.671314e-28,418.74448,0.419974,1.1242032,3,1,1
354946323,11.1602,11.124703,0.0,4.6293694e-28,418.74448,0.4193805,1.1243461,3,1,1
355247094,11.1356,11.122796,0.0,2.7936632e-28,418.74448,0.41858566,1.1245375,3,1,1
355547155,11.0864,11.121762,0.0,1.6858782e-28,418.74448,0.41815472,1.1246413,3,1,1
355848014,11.1848,11.126547,0.0,1.0173686e-28,418.74448,0.4201484,1.1241612,3,1,1
356147881,11.1356,11.128891,0.0,6.139464e-29,418.74448,0.4211253,1.1239262,3,1,1
356448709,11.1192,11.130325,0.0,3.7049518e-29,418.74448,0.42172387,1.1237822,3,1,1
356749545,11.152,11.12839,0.0,2.2358088e-29,418.74448,0.42091766,1.1239761,3,1,1
357049496,11.1192,11.128856,0.0,1.3492325e-29,418.74448,0.4211117,1.1239294,3,1,1
357350301,11.0864,11.126598,0.0,8.142145e-30,418.74448,0.4201701,1.124156,3,1,1
357650289,11.1766,11.129128,0.0,4.9135e-30,418.74448,0.42122483,1.1239022,3,1,1
357951159,11.2012005,11.1289625,0.0,2.9651254e-30,418.74448,0.42115602,1.1239188,3,1,1
358252274,11.152,11.128461,0.0,1.7893495e-30,418.74448,0.42094743,1.123969,3,1,1
358551852,11.1192,11.129771,0.0,1.0798097e-30,418.74448,0.4214931,1.1238376,3,1,1
358852714,11.2094,11.129209,0.0,6.516272e-31,418.74448,0.4212588,1.1238941,3,1,1
359153596,11.1602,11.127285,0.0,3.9323425e-31,418.74448,0.42045632,1.1240871,3,1,1
359465522,11.1356,11.132052,0.0,2.3255703e-31,418.74448,0.4224428,1.1236092,3,1,1
359766382,11.1274,11.132865,0.0,1.4034004e-31,418.74448,0.42278084,1.1235279,3,1,1
360066304,11.1848,11.132753,0.0,8.46903e-32,418.74448,0.42273495,1.123539,3,1,1
360367098,11.1438,11.132075,0.0,5.1107644e-32,418.74448,0.42245102,1.1236073,3,1,1
360667991,11.1848,11.133881,0.0,3.0841672e-32,418.74448,0.4232039,1.1234262,3,1,1
360968090,11.1192,11.134633,0.0,1.8611872e-32,418.74448,0.42351827,1.1233506,3,1,1
361268704,11.1192,11.133094,0.0,1.1231613e-32,418.74448,0.42287672,1.1235049,3,1,1
361569582,11.152,11.133714,0.0,6.777886e-33,418.74448,0.42313537,1.1234428,3,1,1
361869464,11.1192,11.134745,0.0,4.090217e-33,418.74448,0.42356503,1.1233394,3,1,1
362170354,11.152,11.133777,0.0,2.4683032e-33,418.74448,0.42316124,1.1234365,3,1,1
362470269,11.1602,11.133298,0.0,1.4895346e-33,418.74448,0.4229624,1.1234843,3,1,1
362771061,11.1848,11.133576,0.0,8.98882e-34,418.74448,0.4230786,1.1234564,3,1,1
363071964,11.1192,11.133784,0.0,5.424437e-34,418.74448,0.42316413,1.1234357,3,1,1
363371864,11.1602,11.135698,0.0,3.2734577e-34,418.74448,0.42396197,1.123244,3,1,1
363672726,11.1684,11.137072,0.0,1.9754173e-34,418.74448,0.42453477,1.1231064,3,1,1
363972794,11.1602,11.135,0.0,1.1920951e-34,418.74448,0.4236713,1.1233139,3,1,1
364273508,11.1602,11.136198,0.0,7.1938773e-35,418.74448,0.42417035,1.123194,3,1,1
364574268,11.0864,11.136267,0.0,4.3412536e-35,418.74448,0.42419925,1.123187,3,1,1
364874302,11.0946,11.13664,0.0,2.6197946e-35,418.74448,0.42435437,1.1231498,3,1,1
365175141,11.1684,11.136409,0.0,1.5809545e-35,418.74448,0.42425814,1.1231728,3,1,1
365475123,11.1766,11.135556,0.0,9.540508e-36,418.74448,0.42390284,1.1232582,3,1,1
365775891,11.1192,11.135516,0.0,5.757362e-36,418.74448,0.42388567,1.1232623,3,1,1
366076678,11.1274,11.136373,0.0,3.474367e-36,418.74448,0.4242425,1.1231766,3,1,1
366388728,11.1602,11.1341715,0.0,2.0547256e-36,418.74448,0.42332494,1.1233971,3,1,1
366689625,11.0864,11.135719,0.0,1.239955e-36,418.74448,0.42397058,1.1232419,3,1,1
366989464,11.1684,11.138422,0.0,7.482697e-37,418.74448,0.42509606,1.1229715,3,1,1
367290337,11.193,11.138885,0.0,4.515546e-37,418.74448,0.42528936,1.122925,3,1,1
367591090,11.1274,11.138847,0.0,2.724974e-37,418.74448,0.42527354,1.1229289,3,1,1
367891088,11.0946,11.135926,0.0,1.6444264e-37,418.74448,0.42405567,1.1232215,3,1,1
368192176,11.1684,11.136982,0.0,9.923537e-38,418.74448,0.4244947,1.123116,3,1,1
368492746,11.1438,11.139251,0.0,5.9885073e-38,418.74448,0.42543995,1.1228889,3,1,1
368792708,11.0864,11.13975,0.0,3.6138546e-38,418.74448,0.4256479,1.122839,3,1,1
369093581,11.1684,11.138899,0.0,2.1808348e-38,418.74448,0.42529476,1.1229239,3,1,1
369393466,11.1028,11.1398945,0.0,1.3160575e-38,418.74448,0.4257099,1.1228241,3,1,1
369694373,11.152,11.140256,0.0,7.941947e-39,418.74448,0.42586035,1.122788,3,1,1
369995173,11.1356,11.140289,0.0,4.79269e-39,418.74448,0.42587444,1.1227846,3,1,1
370295172,11.0864,11.142714,0.0,2.892221e-39,418.74448,0.42688438,1.1225421,3,1,1
370595884,11.1602,11.141693,0.0,1.745354e-39,418.74448,0.42645916,1.1226442,3,1,1
370895958,11.193,11.142211,0.0,1.05326e-39,418.74448,0.42667493,1.1225924,3,1,1
371197481,11.1192,11.144985,0.0,6.35604e-40,418.74448,0.42783102,1.1223149,3,1,1
371497533,11.152,11.14526,0.0,3.83568e-40,418.74448,0.42794612,1.1222874,3,1,1
371797462,11.152,11.146622,0.0,2.3147e-40,418.74448,0.428514,1.1221511,3,1,1
372098289,11.193,11.147194,0.0,1.39686e-40,418.74448,0.42875326,1.1220937,3,1,1
372398375,11.152,11.1460285,0.0,8.4297e-41,418.74448,0.42826745,1.1222103,3,1,1
372699074,11.1028,11.144995,0.0,5.0871e-41,418.74448,0.42783576,1.1223139,3,1,1
372999980,11.1602,11.146572,0.0,3.07e-41,418.74448,0.42849275,1.1221561,3,1,1
373311921,11.1028,11.145615,0.0,1.8157e-41,418.74448,0.42809382,1.1222519,3,1,1
373612662,11.1848,11.1452465,0.0,1.0957e-41,418.74448,0.4279407,1.1222887,3,1,1
373912681,11.1438,11.140381,0.0,6.614e-42,418.74448,0.4259132,1.1227753,3,1,1
374213464,11.111,11.137974,0.0,3.991e-42,418.74448,0.42491046,1.1230161,3,1,1
374513471,11.1602,11.139556,0.0,2.407e-42,418.74448,0.42557046,1.1228576,3,1,1
374814354,11.0126,11.1418085,0.0,1.455e-42,418.74448,0.42650786,1.1226325,3,1,1
375115224,11.1192,11.14238,0.0,8.77e-43,418.74448,0.42674392,1.1225759,3,1,1
375415236,11.152,11.144932,0.0,5.28e-43,418.74448,0.42780733,1.1223207,3,1,1
375715998,11.1356,11.146906,0.0,3.18e-43,418.74448,0.42863032,1.1221232,3,1,1
376015896,11.1684,11.14803,0.0,1.93e-43,418.74448,0.42909917,1.1220108,3,1,1
376316753,11.152,11.144886,0.0,1.16e-43,418.74448,0.4277893,1.122325,3,1,1
376617506,11.152,11.145404,0.0,7.6e-44,418.74448,0.42800507,1.1222732,3,1,1
376917541,11.1684,11.149079,0.0,4e-44,418.74448,0.42953718,1.1219058,3,1,1
377218401,11.1192,11.147298,0.0,3.5e-44,418.74448,0.42879438,1.1220839,3,1,1
377518385,11.1356,11.141487,0.0,3.5e-44,418.74448,0.42637295,1.1226649,3,1,1
377819154,11.152,11.144879,0.0,3.5e-44,418.74448,0.42778638,1.1223257,3,1,1
378119908,11.0864,11.145273,0.0,3.5e-44,418.74448,0.42794973,1.1222866,3,1,1
378419973,11.1192,11.146744,0.0,3.5e-44,418.74448,0.42856273,1.1221395,3,1,1
378720667,11.1684,11.150571,0.0,3.5e-44,418.74448,0.43015748,1.1217571,3,1,1
379020809,11.1192,11.150345,0.0,3.5e-44,418.74448,0.4300635,1.1217796,3,1,1
379321593,11.0864,11.150629,0.0,3.5e-44,418.74448,0.43018165,1.1217513,3,1,1
379622307,11.1684,11.150522,0.0,3.5e-44,418.74448,0.4301377,1.1217618,3,1,1
379934358,11.1848,11.145723,0.0,3.5e-44,418.74448,0.42813885,1.1222411,3,1,1
380235119,11.152,11.14723,0.0,3.5e-44,418.74448,0.42876604,1.1220907,3,1,1
380535119,11.111,11.145898,0.0,3.5e-44,418.74448,0.42821142,1.1222237,3,1,1
380836005,11.152,11.148942,0.0,3.5e-44,418.74448,0.4294793,1.1219196,3,1,1
381135862,11.1602,11.152101,0.0,3.5e-44,418.74448,0.43079498,1.1216043,3,1,1
381436760,11.1028,11.149517,0.0,3.5e-44,418.74448,0.42971817,1.1218624,3,1,1
381737583,11.1192,11.150875,0.0,3.5e-44,418.74448,0.43028346,1.1217269,3,1,1
