timestamp,windspeed_north,windspeed_east,covariance_north,covariance_east
25576909,0.0,0.0,0.0,0.0
25681526,0.0,0.0,0.0,0.0
25781542,0.0,0.0,0.0,0.0
25881715,0.0,0.0,0.0,0.0
25982407,0.0,0.0,0.0,0.0
26086392,0.0,0.0,0.0,0.0
26186441,0.0,0.0,0.0,0.0
26287414,0.0,0.0,0.0,0.0
26391175,0.0,0.0,0.0,0.0
26491976,0.0,0.0,0.0,0.0
26592189,0.0,0.0,0.0,0.0
26692726,0.0,0.0,0.0,0.0
26796856,0.0,0.0,0.0,0.0
26896786,0.0,0.0,0.0,0.0
26997599,0.0,0.0,0.0,0.0
27101652,0.0,0.0,0.0,0.0
27201548,0.0,0.0,0.0,0.0
27302544,0.0,0.0,0.0,0.0
27406411,0.0,0.0,0.0,0.0
27507291,0.0,0.0,0.0,0.0
27607150,0.0,0.0,0.0,0.0
27711258,0.0,0.0,0.0,0.0
27811979,0.0,0.0,0.0,0.0
27911997,0.0,0.0,0.0,0.0
28012805,0.0,0.0,0.0,0.0
28116782,0.0,0.0,0.0,0.0
28216788,0.0,0.0,0.0,0.0
28317838,0.0,0.0,0.0,0.0
28421559,0.0,0.0,0.0,0.0
28522489,0.0,0.0,0.0,0.0
28622365,0.0,0.0,0.0,0.0
28726380,0.0,0.0,0.0,0.0
28827307,0.0,0.0,0.0,0.0
28927182,0.0,0.0,0.0,0.0
29028272,0.0,0.0,0.0,0.0
29132067,0.0,0.0,0.0,0.0
29231986,0.0,0.0,0.0,0.0
29332783,0.0,0.0,0.0,0.0
29436819,0.0,0.0,0.0,0.0
29537576,0.0,0.0,0.0,0.0
29637600,0.0,0.0,0.0,0.0
29741586,0.0,0.0,0.0,0.0
29842489,0.0,0.0,0.0,0.0
29942409,0.0,0.0,0.0,0.0
30042414,0.0,0.0,0.0,0.0
30147269,0.0,0.0,0.0,0.0
30247213,0.0,0.0,0.0,0.0
30348138,0.0,0.0,0.0,0.0
30451942,0.0,0.0,0.0,0.0
30552016,0.0,0.0,0.0,0.0
30652870,0.0,0.0,0.0,0.0
30752808,0.0,0.0,0.0,0.0
30856816,0.0,0.0,0.0,0.0
30957547,0.0,0.0,0.0,0.0
31057657,0.0,0.0,0.0,0.0
31162391,0.0,0.0,0.0,0.0
31262437,0.0,0.0,0.0,0.0
31362664,0.0,0.0,0.0,0.0
31463155,0.0,0.0,0.0,0.0
31567183,0.0,0.0,0.0,0.0
31668110,0.0,0.0,0.0,0.0
31768097,0.0,0.0,0.0,0.0
31872002,0.0,0.0,0.0,0.0
31972865,0.0,0.0,0.0,0.0
32072969,0.0,0.0,0.0,0.0
32177588,0.0,0.0,0.0,0.0
32277542,0.0,0.0,0.0,0.0
32377644,0.0,0.0,0.0,0.0
32478348,0.0,0.0,0.0,0.0
32582376,0.0,0.0,0.0,0.0
32683224,0.0,0.0,0.0,0.0
32783196,0.0,0.0,0.0,0.0
32888062,0.0,0.0,0.0,0.0
32988063,0.0,0.0,0.0,0.0
33088181,0.0,0.0,0.0,0.0
33191908,0.0,0.0,0.0,0.0
33292743,0.0,0.0,0.0,0.0
33392840,0.0,0.0,0.0,0.0
33493526,0.0,0.0,0.0,0.0
33597597,0.0,0.0,0.0,0.0
33697542,0.0,0.0,0.0,0.0
33798606,0.0,0.0,0.0,0.0
33902459,0.0,0.0,0.0,0.0
34003440,0.0,0.0,0.0,0.0
34103425,0.0,0.0,0.0,0.0
34207199,0.0,0.0,0.0,0.0
34308130,0.0,0.0,0.0,0.0
34408011,0.0,0.0,0.0,0.0
34512033,0.0,0.0,0.0,0.0
34612737,0.0,0.0,0.0,0.0
34712742,0.0,0.0,0.0,0.0
34813750,0.0,0.0,0.0,0.0
34917595,0.0,0.0,0.0,0.0
35017603,0.0,0.0,0.0,0.0
35118434,0.0,0.0,0.0,0.0
35222382,0.0,0.0,0.0,0.0
35323190,0.0,0.0,0.0,0.0
35423214,0.0,0.0,0.0,0.0
35527156,0.0,0.0,0.0,0.0
35628071,0.0,0.0,0.0,0.0
35732067,0.0,0.0,0.0,0.0
35832844,0.0,0.0,0.0,0.0
35932806,0.0,0.0,0.0,0.0
36036770,0.0,0.0,0.0,0.0
36137586,0.0,0.0,0.0,0.0
36237726,0.0,0.0,0.0,0.0
36341541,0.0,0.0,0.0,0.0
36442410,0.0,0.0,0.0,0.0
36542535,0.0,0.0,0.0,0.0
36647277,0.0,0.0,0.0,0.0
36747307,0.0,0.0,0.0,0.0
36847269,0.0,0.0,0.0,0.0
36948052,0.0,0.0,0.0,0.0
37051975,0.0,0.0,0.0,0.0
37151966,0.0,0.0,0.0,0.0
37252938,0.0,0.0,0.0,0.0
37356742,0.0,0.0,0.0,0.0
37457559,0.0,0.0,0.0,0.0
37557688,0.0,0.0,0.0,0.0
37661616,0.0,0.0,0.0,0.0
37762436,0.0,0.0,0.0,0.0
37862346,0.0,0.0,0.0,0.0
37963428,0.0,0.0,0.0,0.0
38067323,0.0,0.0,0.0,0.0
38167223,0.0,0.0,0.0,0.0
38268274,0.0,0.0,0.0,0.0
38371942,0.0,0.0,0.0,0.0
38471949,0.0,0.0,0.0,0.0
38572737,0.0,0.0,0.0,0.0
38676819,0.0,0.0,0.0,0.0
38777554,0.0,0.0,0.0,0.0
38877597,0.0,0.0,0.0,0.0
38981680,0.0,0.0,0.0,0.0
39082524,0.0,0.0,0.0,0.0
39182415,0.0,0.0,0.0,0.0
39282336,0.0,0.0,0.0,0.0
39387289,0.0,0.0,0.0,0.0
39487277,0.0,0.0,0.0,0.0
39588058,0.0,0.0,0.0,0.0
39691926,0.0,0.0,0.0,0.0
39791955,0.0,0.0,0.0,0.0
39892829,0.0,0.0,0.0,0.0
39992788,0.0,0.0,0.0,0.0
40097607,0.0,0.0,0.0,0.0
40197555,0.0,0.0,0.0,0.0
40297558,0.0,0.0,0.0,0.0
40402444,0.0,0.0,0.0,0.0
40502459,0.0,0.0,0.0,0.0
40602674,0.0,0.0,0.0,0.0
40707193,0.0,0.0,0.0,0.0
40807275,0.0,0.0,0.0,0.0
40908019,0.0,0.0,0.0,0.0
41008132,0.0,0.0,0.0,0.0
41111992,0.0,0.0,0.0,0.0
41212786,0.0,0.0,0.0,0.0
41312886,0.0,0.0,0.0,0.0
41416806,0.0,0.0,0.0,0.0
41517614,0.0,0.0,0.0,0.0
41617642,0.0,0.0,0.0,0.0
41718379,0.0,0.0,0.0,0.0
41822368,0.0,0.0,0.0,0.0
41922475,0.0,0.0,0.0,0.0
42023193,0.0,0.0,0.0,0.0
42127231,0.0,0.0,0.0,0.0
42227281,0.0,0.0,0.0,0.0
42328147,0.0,0.0,0.0,0.0
42431999,0.0,0.0,0.0,0.0
42532774,0.0,0.0,0.0,0.0
42632742,0.0,0.0,0.0,0.0
42736851,0.0,0.0,0.0,0.0
42837699,0.0,0.0,0.0,0.0
42937586,0.0,0.0,0.0,0.0
43038646,0.0,0.0,0.0,0.0
43142367,0.0,0.0,0.0,0.0
43242395,0.0,0.0,0.0,0.0
43343239,0.0,0.0,0.0,0.0
43447264,0.0,0.0,0.0,0.0
43547173,0.0,0.0,0.0,0.0
43648009,0.0,0.0,0.0,0.0
43751972,0.0,0.0,0.0,0.0
43851960,0.0,0.0,0.0,0.0
43952708,0.0,0.0,0.0,0.0
44052724,0.0,0.0,0.0,0.0
44157590,0.0,0.0,0.0,0.0
44257617,0.0,0.0,0.0,0.0
44357675,0.0,0.0,0.0,0.0
44462379,0.0,0.0,0.0,0.0
44562413,0.0,0.0,0.0,0.0
44663143,0.0,0.0,0.0,0.0
44767193,0.0,0.0,0.0,0.0
44867152,0.0,0.0,0.0,0.0
44968018,0.0,0.0,0.0,0.0
45068002,0.0,0.0,0.0,0.0
45171988,0.0,0.0,0.0,0.0
45272830,0.0,0.0,0.0,0.0
45372954,0.0,0.0,0.0,0.0
45476929,0.0,0.0,0.0,0.0
45577613,0.0,0.0,0.0,0.0
45677633,0.0,0.0,0.0,0.0
45778482,0.0,0.0,0.0,0.0
45882429,0.0,0.0,0.0,0.0
45982388,0.0,0.0,0.0,0.0
46083183,0.0,0.0,0.0,0.0
46187185,0.0,0.0,0.0,0.0
46288128,0.0,0.0,0.0,0.0
46388202,0.0,0.0,0.0,0.0
46491990,0.0,0.0,0.0,0.0
46591986,0.0,0.0,0.0,0.0
46692755,0.0,0.0,0.0,0.0
46796805,0.0,0.0,0.0,0.0
46897605,0.0,0.0,0.0,0.0
46997567,0.0,0.0,0.0,0.0
47101607,0.0,0.0,0.0,0.0
47202332,0.0,0.0,0.0,0.0
47302342,0.0,0.0,0.0,0.0
47403243,0.0,0.0,0.0,0.0
47507183,0.0,0.0,0.0,0.0
47607199,0.0,0.0,0.0,0.0
47708155,0.0,0.0,0.0,0.0
47811997,0.0,0.0,0.0,0.0
47911974,0.0,0.0,0.0,0.0
48012844,0.0,0.0,0.0,0.0
48112828,0.0,0.0,0.0,0.0
48217661,0.0,0.0,0.0,0.0
48317645,0.0,0.0,0.0,0.0
48417744,0.0,0.0,0.0,0.0
48522374,0.0,0.0,0.0,0.0
48622325,0.0,0.0,0.0,0.0
48722541,0.0,0.0,0.0,0.0
48827245,0.0,0.0,0.0,0.0
48927241,0.0,0.0,0.0,0.0
49027284,0.0,0.0,0.0,0.0
49128002,0.0,0.0,0.0,0.0
49232084,0.0,0.0,0.0,0.0
49331969,0.0,0.0,0.0,0.0
49432911,0.0,0.0,0.0,0.0
49536762,0.0,0.0,0.0,0.0
49637559,0.0,0.0,0.0,0.0
49737800,0.0,0.0,0.0,0.0
49841628,0.0,0.0,0.0,0.0
49942375,0.0,0.0,0.0,0.0
50042352,0.0,0.0,0.0,0.0
50146413,0.0,0.0,0.0,0.0
50247215,0.0,0.0,0.0,0.0
50347202,0.0,0.0,0.0,0.0
50448232,0.0,0.0,0.0,0.0
50551960,0.0,0.0,0.0,0.0
50652097,0.0,0.0,0.0,0.0
50752883,0.0,0.0,0.0,0.0
50856825,0.0,0.0,0.0,0.0
50956877,0.0,0.0,0.0,0.0
51057597,0.0,0.0,0.0,0.0
51161569,0.0,0.0,0.0,0.0
51261541,0.0,0.0,0.0,0.0
51362366,0.0,0.0,0.0,0.0
51462399,0.0,0.0,0.0,0.0
51567240,0.0,0.0,0.0,0.0
51667269,0.0,0.0,0.0,0.0
51767403,0.0,0.0,0.0,0.0
51871925,0.0,0.0,0.0,0.0
51971985,0.0,0.0,0.0,0.0
52072256,0.0,0.0,0.0,0.0
52172787,0.0,0.0,0.0,0.0
52276871,0.0,0.0,0.0,0.0
52377552,0.0,0.0,0.0,0.0
52477642,0.0,0.0,0.0,0.0
52581582,0.0,0.0,0.0,0.0
52682391,0.0,0.0,0.0,0.0
52782540,0.0,0.0,0.0,0.0
52886387,0.0,0.0,0.0,0.0
52987340,0.0,0.0,0.0,0.0
53087227,0.0,0.0,0.0,0.0
53191179,0.0,0.0,0.0,0.0
53291985,0.0,0.0,0.0,0.0
53391924,0.0,0.0,0.0,0.0
53495993,0.0,0.0,0.0,0.0
53596843,0.0,0.0,0.0,0.0
53696820,0.0,0.0,0.0,0.0
53797553,0.0,0.0,0.0,0.0
53901624,0.0,0.0,0.0,0.0
54001583,0.0,0.0,0.0,0.0
54102511,0.0,0.0,0.0,0.0
54206415,0.0,0.0,0.0,0.0
54306378,0.0,0.0,0.0,0.0
54407183,0.0,0.0,0.0,0.0
54511158,0.0,0.0,0.0,0.0
54611179,0.0,0.0,0.0,0.0
54711960,0.0,0.0,0.0,0.0
54811942,0.0,0.0,0.0,0.0
54915941,0.0,0.0,0.0,0.0
55016788,0.0,0.0,0.0,0.0
55116983,0.0,0.0,0.0,0.0
55221642,0.0,0.0,0.0,0.0
55325541,0.0,0.0,0.0,0.0
55425670,0.0,0.0,0.0,0.0
55526730,0.0,0.0,0.0,0.0
55630436,0.0,0.0,0.0,0.0
55735226,0.0,0.0,0.0,0.0
55835218,0.0,0.0,0.0,0.0
55939166,0.0,0.0,0.0,0.0
56040035,0.0,0.0,0.0,0.0
56139948,0.0,0.0,0.0,0.0
56239960,0.0,0.0,0.0,0.0
56344801,0.0,0.0,0.0,0.0
56444918,0.0,0.0,0.0,0.0
56544981,0.0,0.0,0.0,0.0
56649534,0.0,0.0,0.0,0.0
56749599,0.0,0.0,0.0,0.0
56849745,0.0,0.0,0.0,0.0
56950344,0.0,0.0,0.0,0.0
57054362,0.0,0.0,0.0,0.0
57154407,0.0,0.0,0.0,0.0
57255504,0.0,0.0,0.0,0.0
57359207,0.0,0.0,0.0,0.0
57459972,0.0,0.0,0.0,0.0
57560217,0.0,0.0,0.0,0.0
57664051,0.0,0.0,0.0,0.0
57764861,0.0,0.0,0.0,0.0
57864762,0.0,0.0,0.0,0.0
57968836,0.0,0.0,0.0,0.0
58069528,0.0,0.0,0.0,0.0
58169542,0.0,0.0,0.0,0.0
58273532,0.0,0.0,0.0,0.0
58983969,0.0,0.0,0.0,0.0
59489525,0.0,0.0,0.0,0.0
59589542,0.0,0.0,0.0,0.0
59693629,0.0,0.0,0.0,0.0
59794488,0.0,0.0,0.0,0.0
59894675,0.0,0.0,0.0,0.0
59998398,0.0,0.0,0.0,0.0
60099199,0.0,0.0,0.0,0.0
60199195,0.0,0.0,0.0,0.0
60299974,0.0,0.0,0.0,0.0
60403924,0.0,0.0,0.0,0.0
60503948,0.0,0.0,0.0,0.0
60604947,0.0,0.0,0.0,0.0
60708758,0.0,0.0,0.0,0.0
60808858,0.0,0.0,0.0,0.0
60909632,0.0,0.0,0.0,0.0
61013639,0.0,0.0,0.0,0.0
61113635,0.0,0.0,0.0,0.0
61214330,0.0,0.0,0.0,0.0
61318350,0.0,0.0,0.0,0.0
61418411,0.0,0.0,0.0,0.0
61519231,0.0,0.0,0.0,0.0
61623153,0.0,0.0,0.0,0.0
61723926,0.0,0.0,0.0,0.0
61823915,0.0,0.0,0.0,0.0
61924057,0.0,0.0,0.0,0.0
62028112,0.0,0.0,0.0,0.0
62128790,0.0,0.0,0.0,0.0
62228933,0.0,0.0,0.0,0.0
62333574,0.0,0.0,0.0,0.0
62433603,0.0,0.0,0.0,0.0
62533637,0.0,0.0,0.0,0.0
62634324,0.0,0.0,0.0,0.0
62738386,0.0,0.0,0.0,0.0
62838520,0.0,0.0,0.0,0.0
62939418,0.0,0.0,0.0,0.0
63043194,0.0,0.0,0.0,0.0
63143247,0.0,0.0,0.0,0.0
63244115,0.0,0.0,0.0,0.0
63348166,0.0,0.0,0.0,0.0
63448742,0.0,0.0,0.0,0.0
63548831,0.0,0.0,0.0,0.0
63652886,0.0,0.0,0.0,0.0
63753584,0.0,0.0,0.0,0.0
63853589,0.0,0.0,0.0,0.0
63957691,0.0,0.0,0.0,0.0
64058505,0.0,0.0,0.0,0.0
64158403,0.0,0.0,0.0,0.0
64258435,0.0,0.0,0.0,0.0
64363178,0.0,0.0,0.0,0.0
64463159,0.0,0.0,0.0,0.0
64563208,0.0,0.0,0.0,0.0
64668090,0.0,0.0,0.0,0.0
64768086,0.0,0.0,0.0,0.0
64868197,0.0,0.0,0.0,0.0
64968842,0.0,0.0,0.0,0.0
65072811,0.0,0.0,0.0,0.0
65172786,0.0,0.0,0.0,0.0
65273589,0.0,0.0,0.0,0.0
65377570,0.0,0.0,0.0,0.0
65477576,0.0,0.0,0.0,0.0
65578503,0.0,0.0,0.0,0.0
65682455,0.0,0.0,0.0,0.0
65782406,0.0,0.0,0.0,0.0
65883169,0.0,0.0,0.0,0.0
65987176,0.0,0.0,0.0,0.0
66088133,0.0,0.0,0.0,0.0
66188216,0.0,0.0,0.0,0.0
66291981,0.0,0.0,0.0,0.0
66392766,0.0,0.0,0.0,0.0
66492733,0.0,0.0,0.0,0.0
66592771,0.0,0.0,0.0,0.0
66697615,0.0,0.0,0.0,0.0
66797595,0.0,0.0,0.0,0.0
66897589,0.0,0.0,0.0,0.0
67002360,0.0,0.0,0.0,0.0
67106379,0.0,0.0,0.0,0.0
67206514,0.0,0.0,0.0,0.0
67307431,0.0,0.0,0.0,0.0
67411219,0.0,0.0,0.0,0.0
67515990,0.0,0.0,0.0,0.0
67616056,0.0,0.0,0.0,0.0
67720005,0.0,0.0,0.0,0.0
67820801,0.0,0.0,0.0,0.0
67920822,0.0,0.0,0.0,0.0
68020772,0.0,0.0,0.0,0.0
68125549,0.0,0.0,0.0,0.0
68225524,0.0,0.0,0.0,0.0
68325558,0.0,0.0,0.0,0.0
68430351,0.0,0.0,0.0,0.0
68530415,0.0,0.0,0.0,0.0
68630557,0.0,0.0,0.0,0.0
68731225,0.0,0.0,0.0,0.0
68835312,0.0,0.0,0.0,0.0
68935346,0.0,0.0,0.0,0.0
69035997,0.0,0.0,0.0,0.0
69139973,0.0,0.0,0.0,0.0
69239945,0.0,0.0,0.0,0.0
69341020,0.0,0.0,0.0,0.0
69444835,0.0,0.0,0.0,0.0
69544930,0.0,0.0,0.0,0.0
69645685,0.0,0.0,0.0,0.0
69749729,0.0,0.0,0.0,0.0
69849569,0.0,0.0,0.0,0.0
69950413,0.0,0.0,0.0,0.0
70054325,0.0,0.0,0.0,0.0
70154361,0.0,0.0,0.0,0.0
70255334,0.0,0.0,0.0,0.0
70359145,0.0,0.0,0.0,0.0
70463969,0.0,0.0,0.0,0.0
70563967,0.0,0.0,0.0,0.0
70664121,0.0,0.0,0.0,0.0
70768078,0.0,0.0,0.0,0.0
70868853,0.0,0.0,0.0,0.0
70968788,0.0,0.0,0.0,0.0
71069601,0.0,0.0,0.0,0.0
71173531,0.0,0.0,0.0,0.0
71273542,0.0,0.0,0.0,0.0
71373574,0.0,0.0,0.0,0.0
71478483,0.0,0.0,0.0,0.0
71582328,0.0,0.0,0.0,0.0
71683222,0.0,0.0,0.0,0.0
71787237,0.0,0.0,0.0,0.0
71887278,0.0,0.0,0.0,0.0
71988082,0.0,0.0,0.0,0.0
72088138,0.0,0.0,0.0,0.0
72192017,0.0,0.0,0.0,0.0
72292815,0.0,0.0,0.0,0.0
72392932,0.0,0.0,0.0,0.0
72496750,0.0,0.0,0.0,0.0
72597639,0.0,0.0,0.0,0.0
72697605,0.0,0.0,0.0,0.0
72801531,0.0,0.0,0.0,0.0
72906378,0.0,0.0,0.0,0.0
73006388,0.0,0.0,0.0,0.0
73106418,0.0,0.0,0.0,0.0
73211161,0.0,0.0,0.0,0.0
73315399,0.0,0.0,0.0,0.0
73415282,0.0,0.0,0.0,0.0
73516120,0.0,0.0,0.0,0.0
73620021,0.0,0.0,0.0,0.0
73719986,0.0,0.0,0.0,0.0
73820929,0.0,0.0,0.0,0.0
73924834,0.0,0.0,0.0,0.0
74024726,0.0,0.0,0.0,0.0
74125609,0.0,0.0,0.0,0.0
74229554,0.0,0.0,0.0,0.0
74329585,0.0,0.0,0.0,0.0
74430293,0.0,0.0,0.0,0.0
74534425,0.0,0.0,0.0,0.0
74639138,0.0,0.0,0.0,0.0
74739187,0.0,0.0,0.0,0.0
74839370,0.0,0.0,0.0,0.0
74943210,0.0,0.0,0.0,0.0
75044079,0.0,0.0,0.0,0.0
75144385,0.0,0.0,0.0,0.0
75248039,0.0,0.0,0.0,0.0
75348788,0.0,0.0,0.0,0.0
75448849,0.0,0.0,0.0,0.0
75549679,0.0,0.0,0.0,0.0
75653619,0.0,0.0,0.0,0.0
75753617,0.0,0.0,0.0,0.0
75854514,0.0,0.0,0.0,0.0
75958514,0.0,0.0,0.0,0.0
76058367,0.0,0.0,0.0,0.0
76159157,0.0,0.0,0.0,0.0
76263195,0.0,0.0,0.0,0.0
76363196,0.0,0.0,0.0,0.0
76464052,0.0,0.0,0.0,0.0
76568022,0.0,0.0,0.0,0.0
76668154,0.0,0.0,0.0,0.0
76768825,0.0,0.0,0.0,0.0
76868835,0.0,0.0,0.0,0.0
76972726,0.0,0.0,0.0,0.0
77073542,0.0,0.0,0.0,0.0
77173564,0.0,0.0,0.0,0.0
77277606,0.0,0.0,0.0,0.0
77378342,0.0,0.0,0.0,0.0
77478672,0.0,0.0,0.0,0.0
77582501,0.0,0.0,0.0,0.0
77683169,0.0,0.0,0.0,0.0
77783294,0.0,0.0,0.0,0.0
77887281,0.0,0.0,0.0,0.0
77988087,0.0,0.0,0.0,0.0
78088105,0.0,0.0,0.0,0.0
78191942,0.0,0.0,0.0,0.0
78292783,0.0,0.0,0.0,0.0
78392764,0.0,0.0,0.0,0.0
78492742,0.0,0.0,0.0,0.0
78597671,0.0,0.0,0.0,0.0
78697645,0.0,0.0,0.0,0.0
78797577,0.0,0.0,0.0,0.0
78902422,0.0,0.0,0.0,0.0
79006488,0.0,0.0,0.0,0.0
79106460,0.0,0.0,0.0,0.0
79207153,0.0,0.0,0.0,0.0
79311189,0.0,0.0,0.0,0.0
79411264,0.0,0.0,0.0,0.0
79512179,0.0,0.0,0.0,0.0
79615970,0.0,0.0,0.0,0.0
79715987,0.0,0.0,0.0,0.0
79816783,0.0,0.0,0.0,0.0
79920711,0.0,0.0,0.0,0.0
80020782,0.0,0.0,0.0,0.0
80121592,0.0,0.0,0.0,0.0
80225699,0.0,0.0,0.0,0.0
80325660,0.0,0.0,0.0,0.0
80426342,0.0,0.0,0.0,0.0
80526358,0.0,0.0,0.0,0.0
80630383,0.0,0.0,0.0,0.0
80731178,0.0,0.0,0.0,0.0
80831418,0.0,0.0,0.0,0.0
80935965,0.0,0.0,0.0,0.0
81040016,0.0,0.0,0.0,0.0
81139953,0.0,0.0,0.0,0.0
81244004,0.0,0.0,0.0,0.0
81344832,0.0,0.0,0.0,0.0
81444757,0.0,0.0,0.0,0.0
81544755,0.0,0.0,0.0,0.0
81649539,0.0,0.0,0.0,0.0
81749530,0.0,0.0,0.0,0.0
81849558,0.0,0.0,0.0,0.0
81954330,0.0,0.0,0.0,0.0
82054348,0.0,0.0,0.0,0.0
82154712,0.0,0.0,0.0,0.0
82259229,0.0,0.0,0.0,0.0
82363215,0.0,0.0,0.0,0.0
82463182,0.0,0.0,0.0,0.0
82564157,0.0,0.0,0.0,0.0
82668093,0.0,0.0,0.0,0.0
82768005,0.0,0.0,0.0,0.0
82868790,0.0,0.0,0.0,0.0
82972839,0.0,0.0,0.0,0.0
83072754,0.0,0.0,0.0,0.0
83173577,0.0,0.0,0.0,0.0
83277549,0.0,0.0,0.0,0.0
83377628,0.0,0.0,0.0,0.0
83478400,0.0,0.0,0.0,0.0
83578422,0.0,0.0,0.0,0.0
83682425,0.0,0.0,0.0,0.0
83783117,0.0,0.0,0.0,0.0
83883159,0.0,0.0,0.0,0.0
83987258,0.0,0.0,0.0,0.0
84088110,0.0,0.0,0.0,0.0
84188203,0.0,0.0,0.0,0.0
84292013,0.0,0.0,0.0,0.0
84392881,0.0,0.0,0.0,0.0
84492752,0.0,0.0,0.0,0.0
84596852,0.0,0.0,0.0,0.0
84697572,0.0,0.0,0.0,0.0
84797575,0.0,0.0,0.0,0.0
84901529,0.0,0.0,0.0,0.0
85002365,0.0,0.0,0.0,0.0
85102368,0.0,0.0,0.0,0.0
85202361,0.0,0.0,0.0,0.0
85307304,0.0,0.0,0.0,0.0
85407218,0.0,0.0,0.0,0.0
85507522,0.0,0.0,0.0,0.0
85612085,0.0,0.0,0.0,0.0
85711982,0.0,0.0,0.0,0.0
85812097,0.0,0.0,0.0,0.0
85912774,0.0,0.0,0.0,0.0
86016816,0.0,0.0,0.0,0.0
86116745,0.0,0.0,0.0,0.0
86217706,0.0,0.0,0.0,0.0
86321641,0.0,0.0,0.0,0.0
86421585,0.0,0.0,0.0,0.0
86522488,0.0,0.0,0.0,0.0
86626437,0.0,0.0,0.0,0.0
86726504,0.0,0.0,0.0,0.0
86827202,0.0,0.0,0.0,0.0
86931212,0.0,0.0,0.0,0.0
87031230,0.0,0.0,0.0,0.0
87131990,0.0,0.0,0.0,0.0
87235995,0.0,0.0,0.0,0.0
87335988,0.0,0.0,0.0,0.0
87436078,0.0,0.0,0.0,0.0
87536894,0.0,0.0,0.0,0.0
87640877,0.0,0.0,0.0,0.0
87740729,0.0,0.0,0.0,0.0
87841549,0.0,0.0,0.0,0.0
87945713,0.0,0.0,0.0,0.0
88046374,0.0,0.0,0.0,0.0
88146659,0.0,0.0,0.0,0.0
88250346,0.0,0.0,0.0,0.0
88350437,0.0,0.0,0.0,0.0
88451272,0.0,0.0,0.0,0.0
88555393,0.0,0.0,0.0,0.0
88655255,0.0,0.0,0.0,0.0
88755974,0.0,0.0,0.0,0.0
88860041,0.0,0.0,0.0,0.0
88959924,0.0,0.0,0.0,0.0
89060837,0.0,0.0,0.0,0.0
89160815,0.0,0.0,0.0,0.0
89264868,0.0,0.0,0.0,0.0
89365660,0.0,0.0,0.0,0.0
89465621,0.0,0.0,0.0,0.0
89569633,0.0,0.0,0.0,0.0
89670402,0.0,0.0,0.0,0.0
89770586,0.0,0.0,0.0,0.0
89874342,0.0,0.0,0.0,0.0
89975230,0.0,0.0,0.0,0.0
90075182,0.0,0.0,0.0,0.0
90179429,0.0,0.0,0.0,0.0
90279975,0.0,0.0,0.0,0.0
90380038,0.0,0.0,0.0,0.0
90484039,0.0,0.0,0.0,0.0
90584902,0.0,0.0,0.0,0.0
90688856,0.0,0.0,0.0,0.0
90788925,0.0,0.0,0.0,0.0
90893625,0.0,0.0,0.0,0.0
90993596,0.0,0.0,0.0,0.0
91093654,0.0,0.0,0.0,0.0
91193669,0.0,0.0,0.0,0.0
91298398,0.0,0.0,0.0,0.0
91398522,0.0,0.0,0.0,0.0
91499216,0.0,0.0,0.0,0.0
91603200,0.0,0.0,0.0,0.0
91703167,0.0,0.0,0.0,0.0
91804121,0.0,0.0,0.0,0.0
91908079,0.0,0.0,0.0,0.0
92011974,0.0,0.0,0.0,0.0
92112823,0.0,0.0,0.0,0.0
92212827,0.0,0.0,0.0,0.0
92316759,0.0,0.0,0.0,0.0
92416742,0.0,0.0,0.0,0.0
92517581,0.0,0.0,0.0,0.0
92621836,0.0,0.0,0.0,0.0
92721616,0.0,0.0,0.0,0.0
92822609,0.0,0.0,0.0,0.0
92926430,0.0,0.0,0.0,0.0
93026399,0.0,0.0,0.0,0.0
93127256,0.0,0.0,0.0,0.0
93231150,0.0,0.0,0.0,0.0
93335262,0.0,0.0,0.0,0.0
93436002,0.0,0.0,0.0,0.0
93536079,0.0,0.0,0.0,0.0
93640131,0.0,0.0,0.0,0.0
93740759,0.0,0.0,0.0,0.0
93840943,0.0,0.0,0.0,0.0
93944873,0.0,0.0,0.0,0.0
94045657,0.0,0.0,0.0,0.0
94145618,0.0,0.0,0.0,0.0
94249573,0.0,0.0,0.0,0.0
94350389,0.0,0.0,0.0,0.0
94450407,0.0,0.0,0.0,0.0
94554468,0.0,0.0,0.0,0.0
94658323,0.0,0.0,0.0,0.0
94759172,0.0,0.0,0.0,0.0
94859182,0.0,0.0,0.0,0.0
94964103,0.0,0.0,0.0,0.0
95064219,0.0,0.0,0.0,0.0
95164138,0.0,0.0,0.0,0.0
95268157,0.0,0.0,0.0,0.0
95368769,0.0,0.0,0.0,0.0
95468787,0.0,0.0,0.0,0.0
95572726,0.0,0.0,0.0,0.0
95673559,0.0,0.0,0.0,0.0
95773604,0.0,0.0,0.0,0.0
95877562,0.0,0.0,0.0,0.0
95982365,0.0,0.0,0.0,0.0
96082425,0.0,0.0,0.0,0.0
96182565,0.0,0.0,0.0,0.0
96287211,0.0,0.0,0.0,0.0
96391198,0.0,0.0,0.0,0.0
96491184,0.0,0.0,0.0,0.0
96592214,0.0,0.0,0.0,0.0
96695958,0.0,0.0,0.0,0.0
96796111,0.0,0.0,0.0,0.0
96896792,0.0,0.0,0.0,0.0
97000760,0.0,0.0,0.0,0.0
97100726,0.0,0.0,0.0,0.0
97201524,0.0,0.0,0.0,0.0
97305642,0.0,0.0,0.0,0.0
97405633,0.0,0.0,0.0,0.0
97505709,0.0,0.0,0.0,0.0
97606346,0.0,0.0,0.0,0.0
97710447,0.0,0.0,0.0,0.0
97810384,0.0,0.0,0.0,0.0
97911215,0.0,0.0,0.0,0.0
98015194,0.0,0.0,0.0,0.0
98115327,0.0,0.0,0.0,0.0
98216279,0.0,0.0,0.0,0.0
98319953,0.0,0.0,0.0,0.0
98420060,0.0,0.0,0.0,0.0
98520745,0.0,0.0,0.0,0.0
98624893,0.0,0.0,0.0,0.0
98724761,0.0,0.0,0.0,0.0
98825676,0.0,0.0,0.0,0.0
98929525,0.0,0.0,0.0,0.0
99029567,0.0,0.0,0.0,0.0
99130405,0.0,0.0,0.0,0.0
99230412,0.0,0.0,0.0,0.0
99334408,0.0,0.0,0.0,0.0
99434387,0.0,0.0,0.0,0.0
99535209,0.0,0.0,0.0,0.0
99639136,0.0,0.0,0.0,0.0
99739150,0.0,0.0,0.0,0.0
99840035,0.0,0.0,0.0,0.0
99943997,0.0,0.0,0.0,0.0
100044756,0.0,0.0,0.0,0.0
100144754,0.0,0.0,0.0,0.0
100248894,0.0,0.0,0.0,0.0
100348814,0.0,0.0,0.0,0.0
100449710,0.0,0.0,0.0,0.0
100553541,0.0,0.0,0.0,0.0
100653542,0.0,0.0,0.0,0.0
100754336,0.0,0.0,0.0,0.0
100854399,0.0,0.0,0.0,0.0
100958484,0.0,0.0,0.0,0.0
101059256,0.0,0.0,0.0,0.0
101159193,0.0,0.0,0.0,0.0
101263241,0.0,0.0,0.0,0.0
101364019,0.0,0.0,0.0,0.0
101464105,0.0,0.0,0.0,0.0
101568018,0.0,0.0,0.0,0.0
101668153,0.0,0.0,0.0,0.0
101768765,0.0,0.0,0.0,0.0
101872843,0.0,0.0,0.0,0.0
101973530,0.0,0.0,0.0,0.0
102073542,0.0,0.0,0.0,0.0
102177578,0.0,0.0,0.0,0.0
102277601,0.0,0.0,0.0,0.0
102378427,0.0,0.0,0.0,0.0
102478371,0.0,0.0,0.0,0.0
102582463,0.0,0.0,0.0,0.0
102683166,0.0,0.0,0.0,0.0
102783408,0.0,0.0,0.0,0.0
102887227,0.0,0.0,0.0,0.0
102988032,0.0,0.0,0.0,0.0
103088211,0.0,0.0,0.0,0.0
103191985,0.0,0.0,0.0,0.0
103292078,0.0,0.0,0.0,0.0
103392761,0.0,0.0,0.0,0.0
103496849,0.0,0.0,0.0,0.0
103597593,0.0,0.0,0.0,0.0
103697591,0.0,0.0,0.0,0.0
103801529,0.0,0.0,0.0,0.0
103901641,0.0,0.0,0.0,0.0
104002373,0.0,0.0,0.0,0.0
104102419,0.0,0.0,0.0,0.0
104206465,0.0,0.0,0.0,0.0
104307178,0.0,0.0,0.0,0.0
104407191,0.0,0.0,0.0,0.0
104511136,0.0,0.0,0.0,0.0
104611949,0.0,0.0,0.0,0.0
104712206,0.0,0.0,0.0,0.0
104815986,0.0,0.0,0.0,0.0
104916792,0.0,0.0,0.0,0.0
105016778,0.0,0.0,0.0,0.0
105120883,0.0,0.0,0.0,0.0
105221554,0.0,0.0,0.0,0.0
105321606,0.0,0.0,0.0,0.0
105425557,0.0,0.0,0.0,0.0
105525558,0.0,0.0,0.0,0.0
105626355,0.0,0.0,0.0,0.0
105726380,0.0,0.0,0.0,0.0
105830339,0.0,0.0,0.0,0.0
105931136,0.0,0.0,0.0,0.0
106031188,0.0,0.0,0.0,0.0
106135403,0.0,0.0,0.0,0.0
106236056,0.0,0.0,0.0,0.0
106336350,0.0,0.0,0.0,0.0
106439945,0.0,0.0,0.0,0.0
106540815,0.0,0.0,0.0,0.0
106640796,0.0,0.0,0.0,0.0
106744800,0.0,0.0,0.0,0.0
106845582,0.0,0.0,0.0,0.0
106945558,0.0,0.0,0.0,0.0
107049558,0.0,0.0,0.0,0.0
107149691,0.0,0.0,0.0,0.0
107250486,0.0,0.0,0.0,0.0
107350385,0.0,0.0,0.0,0.0
107455240,0.0,0.0,0.0,0.0
107555304,0.0,0.0,0.0,0.0
107655497,0.0,0.0,0.0,0.0
107759228,0.0,0.0,0.0,0.0
107859943,0.0,0.0,0.0,0.0
107960171,0.0,0.0,0.0,0.0
108063984,0.0,0.0,0.0,0.0
108164760,0.0,0.0,0.0,0.0
108264760,0.0,0.0,0.0,0.0
108368803,0.0,0.0,0.0,0.0
108469565,0.0,0.0,0.0,0.0
108569576,0.0,0.0,0.0,0.0
108673549,0.0,0.0,0.0,0.0
108773590,0.0,0.0,0.0,0.0
108874432,0.0,0.0,0.0,0.0
108974406,0.0,0.0,0.0,0.0
109078576,0.0,0.0,0.0,0.0
109179161,0.0,0.0,0.0,0.0
109279174,0.0,0.0,0.0,0.0
109383118,0.0,0.0,0.0,0.0
109483943,0.0,0.0,0.0,0.0
109584151,0.0,0.0,0.0,0.0
109688056,0.0,0.0,0.0,0.0
109788798,0.0,0.0,0.0,0.0
109888875,0.0,0.0,0.0,0.0
109992842,0.0,0.0,0.0,0.0
110093531,0.0,0.0,0.0,0.0
110193626,0.0,0.0,0.0,0.0
110297557,0.0,0.0,0.0,0.0
110397570,0.0,0.0,0.0,0.0
110498398,0.0,0.0,0.0,0.0
110598389,0.0,0.0,0.0,0.0
110702414,0.0,0.0,0.0,0.0
110803136,0.0,0.0,0.0,0.0
110903203,0.0,0.0,0.0,0.0
111007237,0.0,0.0,0.0,0.0
111108107,0.0,0.0,0.0,0.0
111208183,0.0,0.0,0.0,0.0
111311955,0.0,0.0,0.0,0.0
111416859,0.0,0.0,0.0,0.0
111516758,0.0,0.0,0.0,0.0
111616749,0.0,0.0,0.0,0.0
111720878,0.0,0.0,0.0,0.0
111821651,0.0,0.0,0.0,0.0
111921568,0.0,0.0,0.0,0.0
112025693,0.0,0.0,0.0,0.0
112126351,0.0,0.0,0.0,0.0
112226632,0.0,0.0,0.0,0.0
112330364,0.0,0.0,0.0,0.0
112431156,0.0,0.0,0.0,0.0
112531211,0.0,0.0,0.0,0.0
112635241,0.0,0.0,0.0,0.0
112739932,0.0,0.0,0.0,0.0
112839947,0.0,0.0,0.0,0.0
112940044,0.0,0.0,0.0,0.0
113043959,0.0,0.0,0.0,0.0
113144729,0.0,0.0,0.0,0.0
113245091,0.0,0.0,0.0,0.0
113348971,0.0,0.0,0.0,0.0
113449616,0.0,0.0,0.0,0.0
113549708,0.0,0.0,0.0,0.0
113653560,0.0,0.0,0.0,0.0
113754461,0.0,0.0,0.0,0.0
113854364,0.0,0.0,0.0,0.0
113958382,0.0,0.0,0.0,0.0
114063328,0.0,0.0,0.0,0.0
114163313,0.0,0.0,0.0,0.0
114263524,0.0,0.0,0.0,0.0
114368023,0.0,0.0,0.0,0.0
114468173,0.0,0.0,0.0,0.0
114568275,0.0,0.0,0.0,0.0
114672018,0.0,0.0,0.0,0.0
114772731,0.0,0.0,0.0,0.0
114872742,0.0,0.0,0.0,0.0
114976771,0.0,0.0,0.0,0.0
115077598,0.0,0.0,0.0,0.0
115177716,0.0,0.0,0.0,0.0
115281580,0.0,0.0,0.0,0.0
115385609,0.0,0.0,0.0,0.0
115486505,0.0,0.0,0.0,0.0
115586727,0.0,0.0,0.0,0.0
115690534,0.0,0.0,0.0,0.0
115791235,0.0,0.0,0.0,0.0
115891167,0.0,0.0,0.0,0.0
115995195,0.0,0.0,0.0,0.0
116095993,0.0,0.0,0.0,0.0
116196109,0.0,0.0,0.0,0.0
116299929,0.0,0.0,0.0,0.0
116400859,0.0,0.0,0.0,0.0
116500776,0.0,0.0,0.0,0.0
116600731,0.0,0.0,0.0,0.0
116705615,0.0,0.0,0.0,0.0
116805524,0.0,0.0,0.0,0.0
116905632,0.0,0.0,0.0,0.0
117009563,0.0,0.0,0.0,0.0
117110434,0.0,0.0,0.0,0.0
117210560,0.0,0.0,0.0,0.0
117314343,0.0,0.0,0.0,0.0
117415221,0.0,0.0,0.0,0.0
117515319,0.0,0.0,0.0,0.0
117619217,0.0,0.0,0.0,0.0
117719971,0.0,0.0,0.0,0.0
117819924,0.0,0.0,0.0,0.0
117924020,0.0,0.0,0.0,0.0
118023931,0.0,0.0,0.0,0.0
118124829,0.0,0.0,0.0,0.0
118224795,0.0,0.0,0.0,0.0
118328833,0.0,0.0,0.0,0.0
118429582,0.0,0.0,0.0,0.0
118529572,0.0,0.0,0.0,0.0
118633615,0.0,0.0,0.0,0.0
118734346,0.0,0.0,0.0,0.0
118834518,0.0,0.0,0.0,0.0
118938375,0.0,0.0,0.0,0.0
119039230,0.0,0.0,0.0,0.0
119139231,0.0,0.0,0.0,0.0
119243186,0.0,0.0,0.0,0.0
119343268,0.0,0.0,0.0,0.0
119444014,0.0,0.0,0.0,0.0
119548109,0.0,0.0,0.0,0.0
119648132,0.0,0.0,0.0,0.0
119748203,0.0,0.0,0.0,0.0
119848807,0.0,0.0,0.0,0.0
119952778,0.0,0.0,0.0,0.0
120052844,0.0,0.0,0.0,0.0
120153593,0.0,0.0,0.0,0.0
120257545,0.0,0.0,0.0,0.0
120357587,0.0,0.0,0.0,0.0
120458623,0.0,0.0,0.0,0.0
120562419,0.0,0.0,0.0,0.0
120662308,0.0,0.0,0.0,0.0
120763175,0.0,0.0,0.0,0.0
120867259,0.0,0.0,0.0,0.0
120967196,0.0,0.0,0.0,0.0
121067445,0.0,0.0,0.0,0.0
121171926,0.0,0.0,0.0,0.0
121272112,0.0,0.0,0.0,0.0
121372151,0.0,0.0,0.0,0.0
121472749,0.0,0.0,0.0,0.0
121576742,0.0,0.0,0.0,0.0
121676749,0.0,0.0,0.0,0.0
121777562,0.0,0.0,0.0,0.0
121881593,0.0,0.0,0.0,0.0
121981703,0.0,0.0,0.0,0.0
122082558,0.0,0.0,0.0,0.0
122186462,0.0,0.0,0.0,0.0
122286421,0.0,0.0,0.0,0.0
122386447,0.0,0.0,0.0,0.0
122491186,0.0,0.0,0.0,0.0
122591175,0.0,0.0,0.0,0.0
122691177,0.0,0.0,0.0,0.0
122796054,0.0,0.0,0.0,0.0
122895958,0.0,0.0,0.0,0.0
122996138,0.0,0.0,0.0,0.0
123096742,0.0,0.0,0.0,0.0
123200824,0.0,0.0,0.0,0.0
123300843,0.0,0.0,0.0,0.0
123404758,0.0,0.0,0.0,0.0
123509613,0.0,0.0,0.0,0.0
123609532,0.0,0.0,0.0,0.0
123709617,0.0,0.0,0.0,0.0
123814349,0.0,0.0,0.0,0.0
123914352,0.0,0.0,0.0,0.0
124014681,0.0,0.0,0.0,0.0
124118370,0.0,0.0,0.0,0.0
124219152,0.0,0.0,0.0,0.0
124319295,0.0,0.0,0.0,0.0
124423196,0.0,0.0,0.0,0.0
124523986,0.0,0.0,0.0,0.0
124623926,0.0,0.0,0.0,0.0
124728145,0.0,0.0,0.0,0.0
124828784,0.0,0.0,0.0,0.0
124928787,0.0,0.0,0.0,0.0
125028921,0.0,0.0,0.0,0.0
125133580,0.0,0.0,0.0,0.0
125237545,0.0,0.0,0.0,0.0
125337595,0.0,0.0,0.0,0.0
125441658,0.0,0.0,0.0,0.0
125542507,0.0,0.0,0.0,0.0
125642403,0.0,0.0,0.0,0.0
125746379,0.0,0.0,0.0,0.0
125847174,0.0,0.0,0.0,0.0
125947184,0.0,0.0,0.0,0.0
126051139,0.0,0.0,0.0,0.0
126151963,0.0,0.0,0.0,0.0
126251942,0.0,0.0,0.0,0.0
126352085,0.0,0.0,0.0,0.0
126456057,0.0,0.0,0.0,0.0
126556780,0.0,0.0,0.0,0.0
126656946,0.0,0.0,0.0,0.0
126760828,0.0,0.0,0.0,0.0
126861684,0.0,0.0,0.0,0.0
126961579,0.0,0.0,0.0,0.0
127065548,0.0,0.0,0.0,0.0
127165610,0.0,0.0,0.0,0.0
127266423,0.0,0.0,0.0,0.0
127370519,0.0,0.0,0.0,0.0
127471206,0.0,0.0,0.0,0.0
127571139,0.0,0.0,0.0,0.0
127675219,0.0,0.0,0.0,0.0
127775285,0.0,0.0,0.0,0.0
127875940,0.0,0.0,0.0,0.0
127975942,0.0,0.0,0.0,0.0
128079982,0.0,0.0,0.0,0.0
128180751,0.0,0.0,0.0,0.0
128281150,0.0,0.0,0.0,0.0
128384807,0.0,0.0,0.0,0.0
128484849,0.0,0.0,0.0,0.0
128585652,0.0,0.0,0.0,0.0
128689531,0.0,0.0,0.0,0.0
128789526,0.0,0.0,0.0,0.0
128890360,0.0,0.0,0.0,0.0
128994397,0.0,0.0,0.0,0.0
129094424,0.0,0.0,0.0,0.0
129194719,0.0,0.0,0.0,0.0
129299193,0.0,0.0,0.0,0.0
129399194,0.0,0.0,0.0,0.0
129499222,0.0,0.0,0.0,0.0
129600005,0.0,0.0,0.0,0.0
129703959,0.0,0.0,0.0,0.0
129803936,0.0,0.0,0.0,0.0
129904964,0.0,0.0,0.0,0.0
130008851,0.0,0.0,0.0,0.0
130108770,0.0,0.0,0.0,0.0
130208779,0.0,0.0,0.0,0.0
130313581,0.0,0.0,0.0,0.0
130413578,0.0,0.0,0.0,0.0
130513526,0.0,0.0,0.0,0.0
130618448,0.0,0.0,0.0,0.0
130718475,0.0,0.0,0.0,0.0
130818594,0.0,0.0,0.0,0.0
130922401,0.0,0.0,0.0,0.0
131023139,0.0,0.0,0.0,0.0
131123196,0.0,0.0,0.0,0.0
131227221,0.0,0.0,0.0,0.0
131328124,0.0,0.0,0.0,0.0
131428054,0.0,0.0,0.0,0.0
131532056,0.0,0.0,0.0,0.0
131636759,0.0,0.0,0.0,0.0
131736838,0.0,0.0,0.0,0.0
131837046,0.0,0.0,0.0,0.0
131941571,0.0,0.0,0.0,0.0
132041591,0.0,0.0,0.0,0.0
132141549,0.0,0.0,0.0,0.0
132245626,0.0,0.0,0.0,0.0
132346470,0.0,0.0,0.0,0.0
132446415,0.0,0.0,0.0,0.0
132550337,0.0,0.0,0.0,0.0
132651193,0.0,0.0,0.0,0.0
132751213,0.0,0.0,0.0,0.0
132855190,0.0,0.0,0.0,0.0
132955311,0.0,0.0,0.0,0.0
133055950,0.0,0.0,0.0,0.0
133155997,0.0,0.0,0.0,0.0
133260095,0.0,0.0,0.0,0.0
133359942,0.0,0.0,0.0,0.0
133460914,0.0,0.0,0.0,0.0
133564815,0.0,0.0,0.0,0.0
133665588,0.0,0.0,0.0,0.0
133765676,0.0,0.0,0.0,0.0
133869530,0.0,0.0,0.0,0.0
133969694,0.0,0.0,0.0,0.0
134070435,0.0,0.0,0.0,0.0
134174463,0.0,0.0,0.0,0.0
134274373,0.0,0.0,0.0,0.0
134374465,0.0,0.0,0.0,0.0
134479221,0.0,0.0,0.0,0.0
134579179,0.0,0.0,0.0,0.0
134679170,0.0,0.0,0.0,0.0
134779924,0.0,0.0,0.0,0.0
134884133,0.0,0.0,0.0,0.0
134984137,0.0,0.0,0.0,0.0
135085065,0.0,0.0,0.0,0.0
135188782,0.0,0.0,0.0,0.0
135288724,0.0,0.0,0.0,0.0
135388774,0.0,0.0,0.0,0.0
135493532,0.0,0.0,0.0,0.0
135593528,0.0,0.0,0.0,0.0
135693542,0.0,0.0,0.0,0.0
135798408,0.0,0.0,0.0,0.0
135898452,0.0,0.0,0.0,0.0
135998615,0.0,0.0,0.0,0.0
136099229,0.0,0.0,0.0,0.0
136203178,0.0,0.0,0.0,0.0
136303246,0.0,0.0,0.0,0.0
136407230,0.0,0.0,0.0,0.0
136508010,0.0,0.0,0.0,0.0
136608114,0.0,0.0,0.0,0.0
136711933,0.0,0.0,0.0,0.0
136816749,0.0,0.0,0.0,0.0
136916783,0.0,0.0,0.0,0.0
137016979,0.0,0.0,0.0,0.0
137121723,0.0,0.0,0.0,0.0
137221586,0.0,0.0,0.0,0.0
137321571,0.0,0.0,0.0,0.0
137425703,0.0,0.0,0.0,0.0
137526391,0.0,0.0,0.0,0.0
137626342,0.0,0.0,0.0,0.0
137730370,0.0,0.0,0.0,0.0
137830413,0.0,0.0,0.0,0.0
137931301,0.0,0.0,0.0,0.0
138035224,0.0,0.0,0.0,0.0
138139247,0.0,0.0,0.0,0.0
138239921,0.0,0.0,0.0,0.0
138340205,0.0,0.0,0.0,0.0
138444056,0.0,0.0,0.0,0.0
138544841,0.0,0.0,0.0,0.0
138644777,0.0,0.0,0.0,0.0
138748765,0.0,0.0,0.0,0.0
138848743,0.0,0.0,0.0,0.0
138949526,0.0,0.0,0.0,0.0
139053526,0.0,0.0,0.0,0.0
139157634,0.0,0.0,0.0,0.0
139257626,0.0,0.0,0.0,0.0
139358597,0.0,0.0,0.0,0.0
139462372,0.0,0.0,0.0,0.0
139563193,0.0,0.0,0.0,0.0
139663166,0.0,0.0,0.0,0.0
139767181,0.0,0.0,0.0,0.0
139867175,0.0,0.0,0.0,0.0
139968152,0.0,0.0,0.0,0.0
140071972,0.0,0.0,0.0,0.0
140172043,0.0,0.0,0.0,0.0
140272809,0.0,0.0,0.0,0.0
140372793,0.0,0.0,0.0,0.0
140476751,0.0,0.0,0.0,0.0
140576821,0.0,0.0,0.0,0.0
140677595,0.0,0.0,0.0,0.0
140781579,0.0,0.0,0.0,0.0
140881608,0.0,0.0,0.0,0.0
140982674,0.0,0.0,0.0,0.0
141086496,0.0,0.0,0.0,0.0
141186445,0.0,0.0,0.0,0.0
141286381,0.0,0.0,0.0,0.0
141391292,0.0,0.0,0.0,0.0
141491196,0.0,0.0,0.0,0.0
141591407,0.0,0.0,0.0,0.0
141695965,0.0,0.0,0.0,0.0
141795952,0.0,0.0,0.0,0.0
141896146,0.0,0.0,0.0,0.0
142000050,0.0,0.0,0.0,0.0
142100759,0.0,0.0,0.0,0.0
142200878,0.0,0.0,0.0,0.0
142304772,0.0,0.0,0.0,0.0
142409610,0.0,0.0,0.0,0.0
142509559,0.0,0.0,0.0,0.0
142609571,0.0,0.0,0.0,0.0
142713541,0.0,0.0,0.0,0.0
142814379,0.0,0.0,0.0,0.0
142914552,0.0,0.0,0.0,0.0
143018444,0.0,0.0,0.0,0.0
143119203,0.0,0.0,0.0,0.0
143219220,0.0,0.0,0.0,0.0
143323233,0.0,0.0,0.0,0.0
143423985,0.0,0.0,0.0,0.0
143523989,0.0,0.0,0.0,0.0
143628006,0.0,0.0,0.0,0.0
143728038,0.0,0.0,0.0,0.0
143828832,0.0,0.0,0.0,0.0
143928813,0.0,0.0,0.0,0.0
144032762,0.0,0.0,0.0,0.0
144133570,0.0,0.0,0.0,0.0
144233566,0.0,0.0,0.0,0.0
144337603,0.0,0.0,0.0,0.0
144437609,0.0,0.0,0.0,0.0
144538697,0.0,0.0,0.0,0.0
144642369,0.0,0.0,0.0,0.0
144742372,0.0,0.0,0.0,0.0
144842413,0.0,0.0,0.0,0.0
144947247,0.0,0.0,0.0,0.0
145047192,0.0,0.0,0.0,0.0
145147194,0.0,0.0,0.0,0.0
145252002,0.0,0.0,0.0,0.0
145351948,0.0,0.0,0.0,0.0
145452171,0.0,0.0,0.0,0.0
145552725,0.0,0.0,0.0,0.0
145656795,0.0,0.0,0.0,0.0
145756902,0.0,0.0,0.0,0.0
145860827,0.0,0.0,0.0,0.0
145961574,0.0,0.0,0.0,0.0
146061603,0.0,0.0,0.0,0.0
146165542,0.0,0.0,0.0,0.0
146266517,0.0,0.0,0.0,0.0
146366456,0.0,0.0,0.0,0.0
146466378,0.0,0.0,0.0,0.0
146570326,0.0,0.0,0.0,0.0
146671120,0.0,0.0,0.0,0.0
146771560,0.0,0.0,0.0,0.0
146875334,0.0,0.0,0.0,0.0
146976142,0.0,0.0,0.0,0.0
147076294,0.0,0.0,0.0,0.0
147180049,0.0,0.0,0.0,0.0
147279962,0.0,0.0,0.0,0.0
147380748,0.0,0.0,0.0,0.0
147484760,0.0,0.0,0.0,0.0
147584729,0.0,0.0,0.0,0.0
147685651,0.0,0.0,0.0,0.0
147789555,0.0,0.0,0.0,0.0
147889610,0.0,0.0,0.0,0.0
147989623,0.0,0.0,0.0,0.0
148090434,0.0,0.0,0.0,0.0
148194355,0.0,0.0,0.0,0.0
148294356,0.0,0.0,0.0,0.0
148395395,0.0,0.0,0.0,0.0
148499175,0.0,0.0,0.0,0.0
148599335,0.0,0.0,0.0,0.0
148703174,0.0,0.0,0.0,0.0
148808005,0.0,0.0,0.0,0.0
148911967,0.0,0.0,0.0,0.0
149012057,0.0,0.0,0.0,0.0
149111931,0.0,0.0,0.0,0.0
149216863,0.0,0.0,0.0,0.0
149316849,0.0,0.0,0.0,0.0
149416758,0.0,0.0,0.0,0.0
149521647,0.0,0.0,0.0,0.0
149621563,0.0,0.0,0.0,0.0
149721582,0.0,0.0,0.0,0.0
149826358,0.0,0.0,0.0,0.0
149926445,0.0,0.0,0.0,0.0
150026646,0.0,0.0,0.0,0.0
150130401,0.0,0.0,0.0,0.0
150235246,0.0,0.0,0.0,0.0
150335230,0.0,0.0,0.0,0.0
150439155,0.0,0.0,0.0,0.0
150539946,0.0,0.0,0.0,0.0
150639930,0.0,0.0,0.0,0.0
150739986,0.0,0.0,0.0,0.0
150844034,0.0,0.0,0.0,0.0
150944805,0.0,0.0,0.0,0.0
151045066,0.0,0.0,0.0,0.0
151148827,0.0,0.0,0.0,0.0
151249662,0.0,0.0,0.0,0.0
151349713,0.0,0.0,0.0,0.0
151453530,0.0,0.0,0.0,0.0
151553526,0.0,0.0,0.0,0.0
151654363,0.0,0.0,0.0,0.0
151758488,0.0,0.0,0.0,0.0
151858345,0.0,0.0,0.0,0.0
151958657,0.0,0.0,0.0,0.0
152063232,0.0,0.0,0.0,0.0
152167259,0.0,0.0,0.0,0.0
152267191,0.0,0.0,0.0,0.0
152368156,0.0,0.0,0.0,0.0
152472086,0.0,0.0,0.0,0.0
152571929,0.0,0.0,0.0,0.0
152672729,0.0,0.0,0.0,0.0
152776783,0.0,0.0,0.0,0.0
152876794,0.0,0.0,0.0,0.0
152977067,0.0,0.0,0.0,0.0
153081526,0.0,0.0,0.0,0.0
153185631,0.0,0.0,0.0,0.0
153285566,0.0,0.0,0.0,0.0
153386581,0.0,0.0,0.0,0.0
153490427,0.0,0.0,0.0,0.0
153590425,0.0,0.0,0.0,0.0
153694455,0.0,0.0,0.0,0.0
153795273,0.0,0.0,0.0,0.0
153895214,0.0,0.0,0.0,0.0
153995406,0.0,0.0,0.0,0.0
154099179,0.0,0.0,0.0,0.0
154200047,0.0,0.0,0.0,0.0
154300081,0.0,0.0,0.0,0.0
154403989,0.0,0.0,0.0,0.0
154504823,0.0,0.0,0.0,0.0
154604733,0.0,0.0,0.0,0.0
154708799,0.0,0.0,0.0,0.0
154808785,0.0,0.0,0.0,0.0
154909543,0.0,0.0,0.0,0.0
155013528,0.0,0.0,0.0,0.0
155113624,0.0,0.0,0.0,0.0
155214435,0.0,0.0,0.0,0.0
155314432,0.0,0.0,0.0,0.0
155418383,0.0,0.0,0.0,0.0
155518458,0.0,0.0,0.0,0.0
155619142,0.0,0.0,0.0,0.0
155723245,0.0,0.0,0.0,0.0
155823327,0.0,0.0,0.0,0.0
155924114,0.0,0.0,0.0,0.0
156028079,0.0,0.0,0.0,0.0
156128106,0.0,0.0,0.0,0.0
156228110,0.0,0.0,0.0,0.0
156332726,0.0,0.0,0.0,0.0
156436807,0.0,0.0,0.0,0.0
156536787,0.0,0.0,0.0,0.0
156637524,0.0,0.0,0.0,0.0
156741590,0.0,0.0,0.0,0.0
156841648,0.0,0.0,0.0,0.0
156945570,0.0,0.0,0.0,0.0
157046349,0.0,0.0,0.0,0.0
157146441,0.0,0.0,0.0,0.0
157246477,0.0,0.0,0.0,0.0
157351223,0.0,0.0,0.0,0.0
157451283,0.0,0.0,0.0,0.0
157551413,0.0,0.0,0.0,0.0
157655238,0.0,0.0,0.0,0.0
157755988,0.0,0.0,0.0,0.0
157856130,0.0,0.0,0.0,0.0
157960014,0.0,0.0,0.0,0.0
158060725,0.0,0.0,0.0,0.0
158160768,0.0,0.0,0.0,0.0
158264746,0.0,0.0,0.0,0.0
158364744,0.0,0.0,0.0,0.0
158465577,0.0,0.0,0.0,0.0
158569675,0.0,0.0,0.0,0.0
158669525,0.0,0.0,0.0,0.0
158769579,0.0,0.0,0.0,0.0
158870354,0.0,0.0,0.0,0.0
158974503,0.0,0.0,0.0,0.0
159074534,0.0,0.0,0.0,0.0
159175430,0.0,0.0,0.0,0.0
159279211,0.0,0.0,0.0,0.0
159379235,0.0,0.0,0.0,0.0
159483132,0.0,0.0,0.0,0.0
159583976,0.0,0.0,0.0,0.0
159683918,0.0,0.0,0.0,0.0
159783973,0.0,0.0,0.0,0.0
159888178,0.0,0.0,0.0,0.0
159988839,0.0,0.0,0.0,0.0
160088919,0.0,0.0,0.0,0.0
160193617,0.0,0.0,0.0,0.0
160293559,0.0,0.0,0.0,0.0
160393667,0.0,0.0,0.0,0.0
160497542,0.0,0.0,0.0,0.0
160598523,0.0,0.0,0.0,0.0
160698429,0.0,0.0,0.0,0.0
160802354,0.0,0.0,0.0,0.0
160902344,0.0,0.0,0.0,0.0
161003231,0.0,0.0,0.0,0.0
161107218,0.0,0.0,0.0,0.0
161207182,0.0,0.0,0.0,0.0
161308035,0.0,0.0,0.0,0.0
161408019,0.0,0.0,0.0,0.0
161512003,0.0,0.0,0.0,0.0
161612082,0.0,0.0,0.0,0.0
161713036,0.0,0.0,0.0,0.0
161816789,0.0,0.0,0.0,0.0
161916754,0.0,0.0,0.0,0.0
162016850,0.0,0.0,0.0,0.0
162121526,0.0,0.0,0.0,0.0
162221526,0.0,0.0,0.0,0.0
162321542,0.0,0.0,0.0,0.0
162426371,0.0,0.0,0.0,0.0
162526431,0.0,0.0,0.0,0.0
162626569,0.0,0.0,0.0,0.0
162730420,0.0,0.0,0.0,0.0
162835254,0.0,0.0,0.0,0.0
162935216,0.0,0.0,0.0,0.0
163039160,0.0,0.0,0.0,0.0
163140015,0.0,0.0,0.0,0.0
163239974,0.0,0.0,0.0,0.0
163339932,0.0,0.0,0.0,0.0
163443994,0.0,0.0,0.0,0.0
163544766,0.0,0.0,0.0,0.0
163644981,0.0,0.0,0.0,0.0
163748788,0.0,0.0,0.0,0.0
163848765,0.0,0.0,0.0,0.0
163949592,0.0,0.0,0.0,0.0
164053647,0.0,0.0,0.0,0.0
164153525,0.0,0.0,0.0,0.0
164254307,0.0,0.0,0.0,0.0
164358411,0.0,0.0,0.0,0.0
164458437,0.0,0.0,0.0,0.0
164558658,0.0,0.0,0.0,0.0
164663165,0.0,0.0,0.0,0.0
164767241,0.0,0.0,0.0,0.0
164867176,0.0,0.0,0.0,0.0
164968245,0.0,0.0,0.0,0.0
165071978,0.0,0.0,0.0,0.0
165172017,0.0,0.0,0.0,0.0
165271958,0.0,0.0,0.0,0.0
165376758,0.0,0.0,0.0,0.0
165476745,0.0,0.0,0.0,0.0
165576984,0.0,0.0,0.0,0.0
165681691,0.0,0.0,0.0,0.0
165785551,0.0,0.0,0.0,0.0
165885611,0.0,0.0,0.0,0.0
165989597,0.0,0.0,0.0,0.0
166090456,0.0,0.0,0.0,0.0
166190412,0.0,0.0,0.0,0.0
166290368,0.0,0.0,0.0,0.0
166394368,0.0,0.0,0.0,0.0
166495254,0.0,0.0,0.0,0.0
166595249,0.0,0.0,0.0,0.0
166699373,0.0,0.0,0.0,0.0
166800040,0.0,0.0,0.0,0.0
166900202,0.0,0.0,0.0,0.0
167003934,0.0,0.0,0.0,0.0
167108018,0.0,0.0,0.0,0.0
167208745,0.0,0.0,0.0,0.0
167308742,0.0,0.0,0.0,0.0
167412872,0.0,0.0,0.0,0.0
167512809,0.0,0.0,0.0,0.0
167613557,0.0,0.0,0.0,0.0
167717607,0.0,0.0,0.0,0.0
167817639,0.0,0.0,0.0,0.0
167921548,0.0,0.0,0.0,0.0
168022411,0.0,0.0,0.0,0.0
168122434,0.0,0.0,0.0,0.0
168222400,0.0,0.0,0.0,0.0
168327210,0.0,0.0,0.0,0.0
168427150,0.0,0.0,0.0,0.0
168527224,0.0,0.0,0.0,0.0
168631973,0.0,0.0,0.0,0.0
168732054,0.0,0.0,0.0,0.0
168832200,0.0,0.0,0.0,0.0
168935969,0.0,0.0,0.0,0.0
169040798,0.0,0.0,0.0,0.0
169140850,0.0,0.0,0.0,0.0
169240726,0.0,0.0,0.0,0.0
169344808,0.0,0.0,0.0,0.0
169445697,0.0,0.0,0.0,0.0
169545594,0.0,0.0,0.0,0.0
169649608,0.0,0.0,0.0,0.0
169750466,0.0,0.0,0.0,0.0
169850697,0.0,0.0,0.0,0.0
169954404,0.0,0.0,0.0,0.0
170058392,0.0,0.0,0.0,0.0
170159271,0.0,0.0,0.0,0.0
170263185,0.0,0.0,0.0,0.0
170363139,0.0,0.0,0.0,0.0
170463942,0.0,0.0,0.0,0.0
170563939,0.0,0.0,0.0,0.0
170668234,0.0,0.0,0.0,0.0
170768106,0.0,0.0,0.0,0.0
170872007,0.0,0.0,0.0,0.0
170972837,0.0,0.0,0.0,0.0
171076805,0.0,0.0,0.0,0.0
171176920,0.0,0.0,0.0,0.0
171281676,0.0,0.0,0.0,0.0
171381525,0.0,0.0,0.0,0.0
171481626,0.0,0.0,0.0,0.0
171585567,0.0,0.0,0.0,0.0
171690378,0.0,0.0,0.0,0.0
171790330,0.0,0.0,0.0,0.0
171890381,0.0,0.0,0.0,0.0
171994487,0.0,0.0,0.0,0.0
172095311,0.0,0.0,0.0,0.0
172195197,0.0,0.0,0.0,0.0
172299226,0.0,0.0,0.0,0.0
172399971,0.0,0.0,0.0,0.0
172500079,0.0,0.0,0.0,0.0
172603948,0.0,0.0,0.0,0.0
172704816,0.0,0.0,0.0,0.0
172804762,0.0,0.0,0.0,0.0
172908745,0.0,0.0,0.0,0.0
173008749,0.0,0.0,0.0,0.0
173109581,0.0,0.0,0.0,0.0
173213570,0.0,0.0,0.0,0.0
173313572,0.0,0.0,0.0,0.0
173413769,0.0,0.0,0.0,0.0
173514369,0.0,0.0,0.0,0.0
173618389,0.0,0.0,0.0,0.0
173718505,0.0,0.0,0.0,0.0
173822389,0.0,0.0,0.0,0.0
173923185,0.0,0.0,0.0,0.0
174023230,0.0,0.0,0.0,0.0
174127159,0.0,0.0,0.0,0.0
174228161,0.0,0.0,0.0,0.0
174328002,0.0,0.0,0.0,0.0
174428003,0.0,0.0,0.0,0.0
174532762,0.0,0.0,0.0,0.0
174632754,0.0,0.0,0.0,0.0
174733044,0.0,0.0,0.0,0.0
174836907,0.0,0.0,0.0,0.0
174941526,0.0,0.0,0.0,0.0
175041550,0.0,0.0,0.0,0.0
175145597,0.0,0.0,0.0,0.0
175245591,0.0,0.0,0.0,0.0
175346436,0.0,0.0,0.0,0.0
175446408,0.0,0.0,0.0,0.0
175550472,0.0,0.0,0.0,0.0
175650417,0.0,0.0,0.0,0.0
175751553,0.0,0.0,0.0,0.0
175855288,0.0,0.0,0.0,0.0
175955260,0.0,0.0,0.0,0.0
176056121,0.0,0.0,0.0,0.0
176159908,0.0,0.0,0.0,0.0
176263929,0.0,0.0,0.0,0.0
176364121,0.0,0.0,0.0,0.0
176464818,0.0,0.0,0.0,0.0
176568809,0.0,0.0,0.0,0.0
176668758,0.0,0.0,0.0,0.0
176769560,0.0,0.0,0.0,0.0
176873643,0.0,0.0,0.0,0.0
176973565,0.0,0.0,0.0,0.0
177077603,0.0,0.0,0.0,0.0
177178469,0.0,0.0,0.0,0.0
177282356,0.0,0.0,0.0,0.0
177382496,0.0,0.0,0.0,0.0
177486419,0.0,0.0,0.0,0.0
177587199,0.0,0.0,0.0,0.0
177687153,0.0,0.0,0.0,0.0
177791179,0.0,0.0,0.0,0.0
177891970,0.0,0.0,0.0,0.0
177992010,0.0,0.0,0.0,0.0
178095996,0.0,0.0,0.0,0.0
178195969,0.0,0.0,0.0,0.0
178296153,0.0,0.0,0.0,0.0
178396775,0.0,0.0,0.0,0.0
178500838,0.0,0.0,0.0,0.0
178600744,0.0,0.0,0.0,0.0
178701562,0.0,0.0,0.0,0.0
178805684,0.0,0.0,0.0,0.0
178905631,0.0,0.0,0.0,0.0
179009572,0.0,0.0,0.0,0.0
179110416,0.0,0.0,0.0,0.0
179214392,0.0,0.0,0.0,0.0
179314585,0.0,0.0,0.0,0.0
179419234,0.0,0.0,0.0,0.0
179519208,0.0,0.0,0.0,0.0
179619193,0.0,0.0,0.0,0.0
179723132,0.0,0.0,0.0,0.0
179823926,0.0,0.0,0.0,0.0
179924005,0.0,0.0,0.0,0.0
180028188,0.0,0.0,0.0,0.0
180128003,0.0,0.0,0.0,0.0
180228831,0.0,0.0,0.0,0.0
180328742,0.0,0.0,0.0,0.0
180432863,0.0,0.0,0.0,0.0
180532725,0.0,0.0,0.0,0.0
180633529,0.0,0.0,0.0,0.0
180737665,0.0,0.0,0.0,0.0
180837614,0.0,0.0,0.0,0.0
180938694,0.0,0.0,0.0,0.0
181042398,0.0,0.0,0.0,0.0
181142460,0.0,0.0,0.0,0.0
181242370,0.0,0.0,0.0,0.0
181347275,0.0,0.0,0.0,0.0
181447162,0.0,0.0,0.0,0.0
181547430,0.0,0.0,0.0,0.0
181651970,0.0,0.0,0.0,0.0
181752017,0.0,0.0,0.0,0.0
181852233,0.0,0.0,0.0,0.0
181955967,0.0,0.0,0.0,0.0
182060792,0.0,0.0,0.0,0.0
182160726,0.0,0.0,0.0,0.0
182260823,0.0,0.0,0.0,0.0
182364781,0.0,0.0,0.0,0.0
182465621,0.0,0.0,0.0,0.0
182565542,0.0,0.0,0.0,0.0
182669621,0.0,0.0,0.0,0.0
182769599,0.0,0.0,0.0,0.0
182870639,0.0,0.0,0.0,0.0
182974435,0.0,0.0,0.0,0.0
183074386,0.0,0.0,0.0,0.0
183174444,0.0,0.0,0.0,0.0
183279294,0.0,0.0,0.0,0.0
183379120,0.0,0.0,0.0,0.0
183479160,0.0,0.0,0.0,0.0
183583967,0.0,0.0,0.0,0.0
183683987,0.0,0.0,0.0,0.0
183784275,0.0,0.0,0.0,0.0
183888060,0.0,0.0,0.0,0.0
183992917,0.0,0.0,0.0,0.0
184092708,0.0,0.0,0.0,0.0
184192726,0.0,0.0,0.0,0.0
184297671,0.0,0.0,0.0,0.0
184397593,0.0,0.0,0.0,0.0
184497604,0.0,0.0,0.0,0.0
184601611,0.0,0.0,0.0,0.0
184702393,0.0,0.0,0.0,0.0
184802585,0.0,0.0,0.0,0.0
184906412,0.0,0.0,0.0,0.0
185010402,0.0,0.0,0.0,0.0
185111286,0.0,0.0,0.0,0.0
185215190,0.0,0.0,0.0,0.0
185315271,0.0,0.0,0.0,0.0
185415963,0.0,0.0,0.0,0.0
185516019,0.0,0.0,0.0,0.0
185619949,0.0,0.0,0.0,0.0
185719950,0.0,0.0,0.0,0.0
185821085,0.0,0.0,0.0,0.0
185924794,0.0,0.0,0.0,0.0
186024742,0.0,0.0,0.0,0.0
186124841,0.0,0.0,0.0,0.0
186229548,0.0,0.0,0.0,0.0
186329551,0.0,0.0,0.0,0.0
186429555,0.0,0.0,0.0,0.0
186533536,0.0,0.0,0.0,0.0
186634473,0.0,0.0,0.0,0.0
186734607,0.0,0.0,0.0,0.0
186838391,0.0,0.0,0.0,0.0
186938390,0.0,0.0,0.0,0.0
187039170,0.0,0.0,0.0,0.0
187143186,0.0,0.0,0.0,0.0
187243168,0.0,0.0,0.0,0.0
187344097,0.0,0.0,0.0,0.0
187448020,0.0,0.0,0.0,0.0
187551945,0.0,0.0,0.0,0.0
187651968,0.0,0.0,0.0,0.0
187752764,0.0,0.0,0.0,0.0
187856925,0.0,0.0,0.0,0.0
187960820,0.0,0.0,0.0,0.0
188060866,0.0,0.0,0.0,0.0
188165627,0.0,0.0,0.0,0.0
188265542,0.0,0.0,0.0,0.0
188365740,0.0,0.0,0.0,0.0
188466371,0.0,0.0,0.0,0.0
188570360,0.0,0.0,0.0,0.0
188670404,0.0,0.0,0.0,0.0
188770373,0.0,0.0,0.0,0.0
188875304,0.0,0.0,0.0,0.0
188975239,0.0,0.0,0.0,0.0
189079134,0.0,0.0,0.0,0.0
189179140,0.0,0.0,0.0,0.0
189279932,0.0,0.0,0.0,0.0
189379942,0.0,0.0,0.0,0.0
189484045,0.0,0.0,0.0,0.0
189584001,0.0,0.0,0.0,0.0
189685003,0.0,0.0,0.0,0.0
189788844,0.0,0.0,0.0,0.0
189888771,0.0,0.0,0.0,0.0
189989615,0.0,0.0,0.0,0.0
190093526,0.0,0.0,0.0,0.0
190193659,0.0,0.0,0.0,0.0
190293753,0.0,0.0,0.0,0.0
190398363,0.0,0.0,0.0,0.0
190498422,0.0,0.0,0.0,0.0
190598709,0.0,0.0,0.0,0.0
190702416,0.0,0.0,0.0,0.0
190807178,0.0,0.0,0.0,0.0
190911246,0.0,0.0,0.0,0.0
191011138,0.0,0.0,0.0,0.0
191115184,0.0,0.0,0.0,0.0
191215980,0.0,0.0,0.0,0.0
191316123,0.0,0.0,0.0,0.0
191419999,0.0,0.0,0.0,0.0
191520862,0.0,0.0,0.0,0.0
191620843,0.0,0.0,0.0,0.0
191724846,0.0,0.0,0.0,0.0
191824770,0.0,0.0,0.0,0.0
191925647,0.0,0.0,0.0,0.0
192029578,0.0,0.0,0.0,0.0
192129555,0.0,0.0,0.0,0.0
192229702,0.0,0.0,0.0,0.0
192330311,0.0,0.0,0.0,0.0
192434476,0.0,0.0,0.0,0.0
192534401,0.0,0.0,0.0,0.0
192638510,0.0,0.0,0.0,0.0
192739167,0.0,0.0,0.0,0.0
192839148,0.0,0.0,0.0,0.0
192943218,0.0,0.0,0.0,0.0
193044046,0.0,0.0,0.0,0.0
193143942,0.0,0.0,0.0,0.0
193243926,0.0,0.0,0.0,0.0
193348111,0.0,0.0,0.0,0.0
193448909,0.0,0.0,0.0,0.0
193549060,0.0,0.0,0.0,0.0
193652772,0.0,0.0,0.0,0.0
193756930,0.0,0.0,0.0,0.0
193857581,0.0,0.0,0.0,0.0
193961651,0.0,0.0,0.0,0.0
194061569,0.0,0.0,0.0,0.0
194161689,0.0,0.0,0.0,0.0
194262371,0.0,0.0,0.0,0.0
194366380,0.0,0.0,0.0,0.0
194466466,0.0,0.0,0.0,0.0
194567467,0.0,0.0,0.0,0.0
194671219,0.0,0.0,0.0,0.0
194771123,0.0,0.0,0.0,0.0
194871247,0.0,0.0,0.0,0.0
194975986,0.0,0.0,0.0,0.0
195075942,0.0,0.0,0.0,0.0
195176044,0.0,0.0,0.0,0.0
195280134,0.0,0.0,0.0,0.0
195380768,0.0,0.0,0.0,0.0
195480950,0.0,0.0,0.0,0.0
195584822,0.0,0.0,0.0,0.0
195685669,0.0,0.0,0.0,0.0
195785713,0.0,0.0,0.0,0.0
195889526,0.0,0.0,0.0,0.0
195989525,0.0,0.0,0.0,0.0
196089524,0.0,0.0,0.0,0.0
196194374,0.0,0.0,0.0,0.0
196294499,0.0,0.0,0.0,0.0
196394410,0.0,0.0,0.0,0.0
196495258,0.0,0.0,0.0,0.0
196599246,0.0,0.0,0.0,0.0
196699183,0.0,0.0,0.0,0.0
196803178,0.0,0.0,0.0,0.0
196903919,0.0,0.0,0.0,0.0
197003942,0.0,0.0,0.0,0.0
197108036,0.0,0.0,0.0,0.0
197211974,0.0,0.0,0.0,0.0
197312767,0.0,0.0,0.0,0.0
197413072,0.0,0.0,0.0,0.0
197516782,0.0,0.0,0.0,0.0
197616774,0.0,0.0,0.0,0.0
197717668,0.0,0.0,0.0,0.0
197821644,0.0,0.0,0.0,0.0
197921508,0.0,0.0,0.0,0.0
198021535,0.0,0.0,0.0,0.0
198126375,0.0,0.0,0.0,0.0
198226426,0.0,0.0,0.0,0.0
198326635,0.0,0.0,0.0,0.0
198430397,0.0,0.0,0.0,0.0
198535284,0.0,0.0,0.0,0.0
198635203,0.0,0.0,0.0,0.0
198739190,0.0,0.0,0.0,0.0
198840005,0.0,0.0,0.0,0.0
198939986,0.0,0.0,0.0,0.0
199039970,0.0,0.0,0.0,0.0
199144148,0.0,0.0,0.0,0.0
199244729,0.0,0.0,0.0,0.0
199344996,0.0,0.0,0.0,0.0
199448813,0.0,0.0,0.0,0.0
199549677,0.0,0.0,0.0,0.0
199649635,0.0,0.0,0.0,0.0
199753569,0.0,0.0,0.0,0.0
199857542,0.0,0.0,0.0,0.0
199957671,0.0,0.0,0.0,0.0
200058490,0.0,0.0,0.0,0.0
200162387,0.0,0.0,0.0,0.0
200262420,0.0,0.0,0.0,0.0
200363194,0.0,0.0,0.0,0.0
200467294,0.0,0.0,0.0,0.0
200567213,0.0,0.0,0.0,0.0
200671172,0.0,0.0,0.0,0.0
200771986,0.0,0.0,0.0,0.0
200871973,0.0,0.0,0.0,0.0
200971993,0.0,0.0,0.0,0.0
201076119,0.0,0.0,0.0,0.0
201176765,0.0,0.0,0.0,0.0
201276922,0.0,0.0,0.0,0.0
201380752,0.0,0.0,0.0,0.0
201481566,0.0,0.0,0.0,0.0
201581621,0.0,0.0,0.0,0.0
201685570,0.0,0.0,0.0,0.0
201789549,0.0,0.0,0.0,0.0
201889592,0.0,0.0,0.0,0.0
201990336,0.0,0.0,0.0,0.0
202094326,0.0,0.0,0.0,0.0
202194481,0.0,0.0,0.0,0.0
202298438,0.0,0.0,0.0,0.0
202399228,0.0,0.0,0.0,0.0
202499290,0.0,0.0,0.0,0.0
202603158,0.0,0.0,0.0,0.0
202703963,0.0,0.0,0.0,0.0
202808030,0.0,0.0,0.0,0.0
202908174,0.0,0.0,0.0,0.0
203012080,0.0,0.0,0.0,0.0
203112908,0.0,0.0,0.0,0.0
203212900,0.0,0.0,0.0,0.0
203316805,0.0,0.0,0.0,0.0
203417600,0.0,0.0,0.0,0.0
203517597,0.0,0.0,0.0,0.0
203621710,0.0,0.0,0.0,0.0
203721531,0.0,0.0,0.0,0.0
203821610,0.0,0.0,0.0,0.0
203922414,0.0,0.0,0.0,0.0
204026472,0.0,0.0,0.0,0.0
204126420,0.0,0.0,0.0,0.0
204227196,0.0,0.0,0.0,0.0
204331300,0.0,0.0,0.0,0.0
204431195,0.0,0.0,0.0,0.0
204531188,0.0,0.0,0.0,0.0
204635964,0.0,0.0,0.0,0.0
204735976,0.0,0.0,0.0,0.0
204835987,0.0,0.0,0.0,0.0
204939944,0.0,0.0,0.0,0.0
205040785,0.0,0.0,0.0,0.0
205140901,0.0,0.0,0.0,0.0
205244809,0.0,0.0,0.0,0.0
205344726,0.0,0.0,0.0,0.0
205445678,0.0,0.0,0.0,0.0
205549547,0.0,0.0,0.0,0.0
205649613,0.0,0.0,0.0,0.0
205749554,0.0,0.0,0.0,0.0
205854377,0.0,0.0,0.0,0.0
205954347,0.0,0.0,0.0,0.0
206054593,0.0,0.0,0.0,0.0
206158403,0.0,0.0,0.0,0.0
206263316,0.0,0.0,0.0,0.0
206363286,0.0,0.0,0.0,0.0
206467183,0.0,0.0,0.0,0.0
206568088,0.0,0.0,0.0,0.0
206668071,0.0,0.0,0.0,0.0
206768067,0.0,0.0,0.0,0.0
206871982,0.0,0.0,0.0,0.0
206972742,0.0,0.0,0.0,0.0
207072928,0.0,0.0,0.0,0.0
207176841,0.0,0.0,0.0,0.0
207276786,0.0,0.0,0.0,0.0
207377642,0.0,0.0,0.0,0.0
207481567,0.0,0.0,0.0,0.0
207585593,0.0,0.0,0.0,0.0
207685553,0.0,0.0,0.0,0.0
207786342,0.0,0.0,0.0,0.0
207890404,0.0,0.0,0.0,0.0
207990431,0.0,0.0,0.0,0.0
208091228,0.0,0.0,0.0,0.0
208195206,0.0,0.0,0.0,0.0
208295250,0.0,0.0,0.0,0.0
208399138,0.0,0.0,0.0,0.0
208499965,0.0,0.0,0.0,0.0
208600066,0.0,0.0,0.0,0.0
208699926,0.0,0.0,0.0,0.0
208804142,0.0,0.0,0.0,0.0
208903957,0.0,0.0,0.0,0.0
209004985,0.0,0.0,0.0,0.0
209108826,0.0,0.0,0.0,0.0
209208802,0.0,0.0,0.0,0.0
209309692,0.0,0.0,0.0,0.0
209413615,0.0,0.0,0.0,0.0
209517613,0.0,0.0,0.0,0.0
209617611,0.0,0.0,0.0,0.0
209718437,0.0,0.0,0.0,0.0
209822527,0.0,0.0,0.0,0.0
209922424,0.0,0.0,0.0,0.0
210026409,0.0,0.0,0.0,0.0
210127190,0.0,0.0,0.0,0.0
210227156,0.0,0.0,0.0,0.0
210331148,0.0,0.0,0.0,0.0
210431135,0.0,0.0,0.0,0.0
210531941,0.0,0.0,0.0,0.0
210631925,0.0,0.0,0.0,0.0
210736129,0.0,0.0,0.0,0.0
210835974,0.0,0.0,0.0,0.0
210937001,0.0,0.0,0.0,0.0
211040838,0.0,0.0,0.0,0.0
211140774,0.0,0.0,0.0,0.0
211241625,0.0,0.0,0.0,0.0
211345546,0.0,0.0,0.0,0.0
211445674,0.0,0.0,0.0,0.0
211545658,0.0,0.0,0.0,0.0
211649730,0.0,0.0,0.0,0.0
211750330,0.0,0.0,0.0,0.0
211850558,0.0,0.0,0.0,0.0
211954397,0.0,0.0,0.0,0.0
212054325,0.0,0.0,0.0,0.0
212155243,0.0,0.0,0.0,0.0
212255163,0.0,0.0,0.0,0.0
212359219,0.0,0.0,0.0,0.0
212459970,0.0,0.0,0.0,0.0
212563942,0.0,0.0,0.0,0.0
212663976,0.0,0.0,0.0,0.0
212764179,0.0,0.0,0.0,0.0
212864899,0.0,0.0,0.0,0.0
212968827,0.0,0.0,0.0,0.0
213068758,0.0,0.0,0.0,0.0
213172805,0.0,0.0,0.0,0.0
213273609,0.0,0.0,0.0,0.0
213373576,0.0,0.0,0.0,0.0
213477565,0.0,0.0,0.0,0.0
213577615,0.0,0.0,0.0,0.0
213678451,0.0,0.0,0.0,0.0
213778447,0.0,0.0,0.0,0.0
213882329,0.0,0.0,0.0,0.0
213982391,0.0,0.0,0.0,0.0
214083532,0.0,0.0,0.0,0.0
214187179,0.0,0.0,0.0,0.0
214287197,0.0,0.0,0.0,0.0
214388240,0.0,0.0,0.0,0.0
214491997,0.0,0.0,0.0,0.0
214591977,0.0,0.0,0.0,0.0
214691942,0.0,0.0,0.0,0.0
214795949,0.0,0.0,0.0,0.0
214896790,0.0,0.0,0.0,0.0
214997124,0.0,0.0,0.0,0.0
215100742,0.0,0.0,0.0,0.0
215201564,0.0,0.0,0.0,0.0
215301629,0.0,0.0,0.0,0.0
215405708,0.0,0.0,0.0,0.0
215505523,0.0,0.0,0.0,0.0
215606515,0.0,0.0,0.0,0.0
215710355,0.0,0.0,0.0,0.0
215810454,0.0,0.0,0.0,0.0
215910539,0.0,0.0,0.0,0.0
216014389,0.0,0.0,0.0,0.0
216115299,0.0,0.0,0.0,0.0
216215321,0.0,0.0,0.0,0.0
216319189,0.0,0.0,0.0,0.0
216419982,0.0,0.0,0.0,0.0
216520015,0.0,0.0,0.0,0.0
216623976,0.0,0.0,0.0,0.0
216723986,0.0,0.0,0.0,0.0
216824725,0.0,0.0,0.0,0.0
216924726,0.0,0.0,0.0,0.0
217028830,0.0,0.0,0.0,0.0
217129687,0.0,0.0,0.0,0.0
217229657,0.0,0.0,0.0,0.0
217333564,0.0,0.0,0.0,0.0
217433640,0.0,0.0,0.0,0.0
217537633,0.0,0.0,0.0,0.0
217642422,0.0,0.0,0.0,0.0
217742355,0.0,0.0,0.0,0.0
217842558,0.0,0.0,0.0,0.0
217947152,0.0,0.0,0.0,0.0
218047301,0.0,0.0,0.0,0.0
218147326,0.0,0.0,0.0,0.0
218251197,0.0,0.0,0.0,0.0
218351968,0.0,0.0,0.0,0.0
218451939,0.0,0.0,0.0,0.0
218555971,0.0,0.0,0.0,0.0
218659942,0.0,0.0,0.0,0.0
218760730,0.0,0.0,0.0,0.0
218860870,0.0,0.0,0.0,0.0
218964707,0.0,0.0,0.0,0.0
219064776,0.0,0.0,0.0,0.0
219165589,0.0,0.0,0.0,0.0
219269694,0.0,0.0,0.0,0.0
219369732,0.0,0.0,0.0,0.0
219469525,0.0,0.0,0.0,0.0
219574348,0.0,0.0,0.0,0.0
219674371,0.0,0.0,0.0,0.0
219774629,0.0,0.0,0.0,0.0
219878371,0.0,0.0,0.0,0.0
219979144,0.0,0.0,0.0,0.0
220079196,0.0,0.0,0.0,0.0
220183174,0.0,0.0,0.0,0.0
220283152,0.0,0.0,0.0,0.0
220383939,0.0,0.0,0.0,0.0
220488077,0.0,0.0,0.0,0.0
220591926,0.0,0.0,0.0,0.0
220691934,0.0,0.0,0.0,0.0
220792766,0.0,0.0,0.0,0.0
220896798,0.0,0.0,0.0,0.0
220996886,0.0,0.0,0.0,0.0
221096759,0.0,0.0,0.0,0.0
221201611,0.0,0.0,0.0,0.0
221301554,0.0,0.0,0.0,0.0
221401571,0.0,0.0,0.0,0.0
221505636,0.0,0.0,0.0,0.0
221606414,0.0,0.0,0.0,0.0
221706576,0.0,0.0,0.0,0.0
221810447,0.0,0.0,0.0,0.0
221911311,0.0,0.0,0.0,0.0
222011246,0.0,0.0,0.0,0.0
222115246,0.0,0.0,0.0,0.0
222215181,0.0,0.0,0.0,0.0
222316089,0.0,0.0,0.0,0.0
222419964,0.0,0.0,0.0,0.0
222519979,0.0,0.0,0.0,0.0
222620124,0.0,0.0,0.0,0.0
222720929,0.0,0.0,0.0,0.0
222824775,0.0,0.0,0.0,0.0
222924786,0.0,0.0,0.0,0.0
223028763,0.0,0.0,0.0,0.0
223129535,0.0,0.0,0.0,0.0
223229655,0.0,0.0,0.0,0.0
223333569,0.0,0.0,0.0,0.0
223437552,0.0,0.0,0.0,0.0
223538426,0.0,0.0,0.0,0.0
223638655,0.0,0.0,0.0,0.0
223742326,0.0,0.0,0.0,0.0
223842402,0.0,0.0,0.0,0.0
223943221,0.0,0.0,0.0,0.0
224047253,0.0,0.0,0.0,0.0
224147214,0.0,0.0,0.0,0.0
224247152,0.0,0.0,0.0,0.0
224351958,0.0,0.0,0.0,0.0
224451967,0.0,0.0,0.0,0.0
224555948,0.0,0.0,0.0,0.0
224655951,0.0,0.0,0.0,0.0
224760863,0.0,0.0,0.0,0.0
224860783,0.0,0.0,0.0,0.0
224964766,0.0,0.0,0.0,0.0
225064771,0.0,0.0,0.0,0.0
225165636,0.0,0.0,0.0,0.0
225265571,0.0,0.0,0.0,0.0
225369561,0.0,0.0,0.0,0.0
225469526,0.0,0.0,0.0,0.0
225570515,0.0,0.0,0.0,0.0
225674488,0.0,0.0,0.0,0.0
225774373,0.0,0.0,0.0,0.0
225874363,0.0,0.0,0.0,0.0
225979200,0.0,0.0,0.0,0.0
226079181,0.0,0.0,0.0,0.0
226179289,0.0,0.0,0.0,0.0
226283276,0.0,0.0,0.0,0.0
226388084,0.0,0.0,0.0,0.0
226488155,0.0,0.0,0.0,0.0
226591951,0.0,0.0,0.0,0.0
226692007,0.0,0.0,0.0,0.0
226792813,0.0,0.0,0.0,0.0
226892795,0.0,0.0,0.0,0.0
226996917,0.0,0.0,0.0,0.0
227096811,0.0,0.0,0.0,0.0
227197609,0.0,0.0,0.0,0.0
227301558,0.0,0.0,0.0,0.0
227401544,0.0,0.0,0.0,0.0
227502502,0.0,0.0,0.0,0.0
227606387,0.0,0.0,0.0,0.0
227710501,0.0,0.0,0.0,0.0
227810545,0.0,0.0,0.0,0.0
227914367,0.0,0.0,0.0,0.0
228015275,0.0,0.0,0.0,0.0
228115220,0.0,0.0,0.0,0.0
228219275,0.0,0.0,0.0,0.0
228319134,0.0,0.0,0.0,0.0
228419930,0.0,0.0,0.0,0.0
228523951,0.0,0.0,0.0,0.0
228624109,0.0,0.0,0.0,0.0
228724887,0.0,0.0,0.0,0.0
228824772,0.0,0.0,0.0,0.0
228928801,0.0,0.0,0.0,0.0
229028749,0.0,0.0,0.0,0.0
229129608,0.0,0.0,0.0,0.0
229233532,0.0,0.0,0.0,0.0
229333533,0.0,0.0,0.0,0.0
229437571,0.0,0.0,0.0,0.0
229537703,0.0,0.0,0.0,0.0
229638471,0.0,0.0,0.0,0.0
229738550,0.0,0.0,0.0,0.0
229842384,0.0,0.0,0.0,0.0
229943174,0.0,0.0,0.0,0.0
230043604,0.0,0.0,0.0,0.0
230147184,0.0,0.0,0.0,0.0
230247219,0.0,0.0,0.0,0.0
230348279,0.0,0.0,0.0,0.0
230452003,0.0,0.0,0.0,0.0
230551964,0.0,0.0,0.0,0.0
230651926,0.0,0.0,0.0,0.0
230755987,0.0,0.0,0.0,0.0
230856787,0.0,0.0,0.0,0.0
230957066,0.0,0.0,0.0,0.0
231060761,0.0,0.0,0.0,0.0
231165629,0.0,0.0,0.0,0.0
231265523,0.0,0.0,0.0,0.0
231369587,0.0,0.0,0.0,0.0
231469630,0.0,0.0,0.0,0.0
231570408,0.0,0.0,0.0,0.0
231670358,0.0,0.0,0.0,0.0
231774410,0.0,0.0,0.0,0.0
231874472,0.0,0.0,0.0,0.0
231975448,0.0,0.0,0.0,0.0
232079176,0.0,0.0,0.0,0.0
232179291,0.0,0.0,0.0,0.0
232283224,0.0,0.0,0.0,0.0
232388060,0.0,0.0,0.0,0.0
232488097,0.0,0.0,0.0,0.0
232588303,0.0,0.0,0.0,0.0
232691942,0.0,0.0,0.0,0.0
232792800,0.0,0.0,0.0,0.0
232892726,0.0,0.0,0.0,0.0
232996814,0.0,0.0,0.0,0.0
233096745,0.0,0.0,0.0,0.0
233197523,0.0,0.0,0.0,0.0
233301551,0.0,0.0,0.0,0.0
233401599,0.0,0.0,0.0,0.0
233501773,0.0,0.0,0.0,0.0
233602363,0.0,0.0,0.0,0.0
233706383,0.0,0.0,0.0,0.0
233806370,0.0,0.0,0.0,0.0
233910400,0.0,0.0,0.0,0.0
234011144,0.0,0.0,0.0,0.0
234111132,0.0,0.0,0.0,0.0
234211174,0.0,0.0,0.0,0.0
234315231,0.0,0.0,0.0,0.0
234416038,0.0,0.0,0.0,0.0
234515942,0.0,0.0,0.0,0.0
234620052,0.0,0.0,0.0,0.0
234719966,0.0,0.0,0.0,0.0
234820998,0.0,0.0,0.0,0.0
234924767,0.0,0.0,0.0,0.0
235024855,0.0,0.0,0.0,0.0
235124772,0.0,0.0,0.0,0.0
235229556,0.0,0.0,0.0,0.0
235329543,0.0,0.0,0.0,0.0
235429526,0.0,0.0,0.0,0.0
235533575,0.0,0.0,0.0,0.0
235634366,0.0,0.0,0.0,0.0
235734573,0.0,0.0,0.0,0.0
235838451,0.0,0.0,0.0,0.0
235938474,0.0,0.0,0.0,0.0
236039242,0.0,0.0,0.0,0.0
236143161,0.0,0.0,0.0,0.0
236243201,0.0,0.0,0.0,0.0
236343161,0.0,0.0,0.0,0.0
236447924,0.0,0.0,0.0,0.0
236548072,0.0,0.0,0.0,0.0
236648307,0.0,0.0,0.0,0.0
236751995,0.0,0.0,0.0,0.0
236856745,0.0,0.0,0.0,0.0
236956776,0.0,0.0,0.0,0.0
237060834,0.0,0.0,0.0,0.0
237160726,0.0,0.0,0.0,0.0
237261542,0.0,0.0,0.0,0.0
237361600,0.0,0.0,0.0,0.0
237465621,0.0,0.0,0.0,0.0
237565528,0.0,0.0,0.0,0.0
237666584,0.0,0.0,0.0,0.0
237770371,0.0,0.0,0.0,0.0
237870415,0.0,0.0,0.0,0.0
237970413,0.0,0.0,0.0,0.0
238075210,0.0,0.0,0.0,0.0
238175285,0.0,0.0,0.0,0.0
238275398,0.0,0.0,0.0,0.0
238379142,0.0,0.0,0.0,0.0
238480042,0.0,0.0,0.0,0.0
238580080,0.0,0.0,0.0,0.0
238684005,0.0,0.0,0.0,0.0
238784052,0.0,0.0,0.0,0.0
238884812,0.0,0.0,0.0,0.0
238988801,0.0,0.0,0.0,0.0
239088783,0.0,0.0,0.0,0.0
239189192,0.0,0.0,0.0,0.0
239293542,0.0,0.0,0.0,0.0
239393606,0.0,0.0,0.0,0.0
239493711,0.0,0.0,0.0,0.0
239597725,0.0,0.0,0.0,0.0
239698420,0.0,0.0,0.0,0.0
239798360,0.0,0.0,0.0,0.0
239902369,0.0,0.0,0.0,0.0
240006342,0.0,0.0,0.0,0.0
240107140,0.0,0.0,0.0,0.0
240207188,0.0,0.0,0.0,0.0
240311140,0.0,0.0,0.0,0.0
240411141,0.0,0.0,0.0,0.0
240512168,0.0,0.0,0.0,0.0
240616056,0.0,0.0,0.0,0.0
240715966,0.0,0.0,0.0,0.0
240815978,0.0,0.0,0.0,0.0
240920740,0.0,0.0,0.0,0.0
241020775,0.0,0.0,0.0,0.0
241121011,0.0,0.0,0.0,0.0
241224726,0.0,0.0,0.0,0.0
241325558,0.0,0.0,0.0,0.0
241425663,0.0,0.0,0.0,0.0
241529706,0.0,0.0,0.0,0.0
241629525,0.0,0.0,0.0,0.0
241729535,0.0,0.0,0.0,0.0
241834351,0.0,0.0,0.0,0.0
241934355,0.0,0.0,0.0,0.0
242034626,0.0,0.0,0.0,0.0
242139136,0.0,0.0,0.0,0.0
242239271,0.0,0.0,0.0,0.0
242339297,0.0,0.0,0.0,0.0
242443188,0.0,0.0,0.0,0.0
242543982,0.0,0.0,0.0,0.0
242644003,0.0,0.0,0.0,0.0
242748063,0.0,0.0,0.0,0.0
242848146,0.0,0.0,0.0,0.0
242948758,0.0,0.0,0.0,0.0
243048858,0.0,0.0,0.0,0.0
243152809,0.0,0.0,0.0,0.0
243252811,0.0,0.0,0.0,0.0
243353585,0.0,0.0,0.0,0.0
243457666,0.0,0.0,0.0,0.0
243557585,0.0,0.0,0.0,0.0
243657584,0.0,0.0,0.0,0.0
243762392,0.0,0.0,0.0,0.0
243862423,0.0,0.0,0.0,0.0
243962463,0.0,0.0,0.0,0.0
244066438,0.0,0.0,0.0,0.0
244167231,0.0,0.0,0.0,0.0
244267152,0.0,0.0,0.0,0.0
244371312,0.0,0.0,0.0,0.0
244471219,0.0,0.0,0.0,0.0
244572198,0.0,0.0,0.0,0.0
244675945,0.0,0.0,0.0,0.0
244776104,0.0,0.0,0.0,0.0
244876054,0.0,0.0,0.0,0.0
244980724,0.0,0.0,0.0,0.0
245084878,0.0,0.0,0.0,0.0
245184801,0.0,0.0,0.0,0.0
245288757,0.0,0.0,0.0,0.0
245389619,0.0,0.0,0.0,0.0
245489613,0.0,0.0,0.0,0.0
245593542,0.0,0.0,0.0,0.0
245693635,0.0,0.0,0.0,0.0
245794370,0.0,0.0,0.0,0.0
245894458,0.0,0.0,0.0,0.0
245998430,0.0,0.0,0.0,0.0
246098405,0.0,0.0,0.0,0.0
246199118,0.0,0.0,0.0,0.0
246303196,0.0,0.0,0.0,0.0
246403202,0.0,0.0,0.0,0.0
246503172,0.0,0.0,0.0,0.0
246608005,0.0,0.0,0.0,0.0
246708002,0.0,0.0,0.0,0.0
246808137,0.0,0.0,0.0,0.0
246911987,0.0,0.0,0.0,0.0
247012781,0.0,0.0,0.0,0.0
247112914,0.0,0.0,0.0,0.0
247216787,0.0,0.0,0.0,0.0
247316771,0.0,0.0,0.0,0.0
247417712,0.0,0.0,0.0,0.0
247521529,0.0,0.0,0.0,0.0
247621595,0.0,0.0,0.0,0.0
247721611,0.0,0.0,0.0,0.0
247825573,0.0,0.0,0.0,0.0
247926480,0.0,0.0,0.0,0.0
248026624,0.0,0.0,0.0,0.0
248130468,0.0,0.0,0.0,0.0
248230326,0.0,0.0,0.0,0.0
248331221,0.0,0.0,0.0,0.0
248435319,0.0,0.0,0.0,0.0
248535344,0.0,0.0,0.0,0.0
248636040,0.0,0.0,0.0,0.0
248740090,0.0,0.0,0.0,0.0
248839997,0.0,0.0,0.0,0.0
248940101,0.0,0.0,0.0,0.0
249043942,0.0,0.0,0.0,0.0
249144778,0.0,0.0,0.0,0.0
249244799,0.0,0.0,0.0,0.0
249348870,0.0,0.0,0.0,0.0
249449646,0.0,0.0,0.0,0.0
249549563,0.0,0.0,0.0,0.0
249653593,0.0,0.0,0.0,0.0
249753595,0.0,0.0,0.0,0.0
249853519,0.0,0.0,0.0,0.0
249954342,0.0,0.0,0.0,0.0
250058444,0.0,0.0,0.0,0.0
250158463,0.0,0.0,0.0,0.0
250258471,0.0,0.0,0.0,0.0
250363224,0.0,0.0,0.0,0.0
250463174,0.0,0.0,0.0,0.0
250567190,0.0,0.0,0.0,0.0
250667171,0.0,0.0,0.0,0.0
250767924,0.0,0.0,0.0,0.0
250868016,0.0,0.0,0.0,0.0
250972156,0.0,0.0,0.0,0.0
251071984,0.0,0.0,0.0,0.0
251172973,0.0,0.0,0.0,0.0
251276797,0.0,0.0,0.0,0.0
251376807,0.0,0.0,0.0,0.0
251476822,0.0,0.0,0.0,0.0
251581542,0.0,0.0,0.0,0.0
251685611,0.0,0.0,0.0,0.0
251785598,0.0,0.0,0.0,0.0
251889532,0.0,0.0,0.0,0.0
251990381,0.0,0.0,0.0,0.0
252090401,0.0,0.0,0.0,0.0
252194502,0.0,0.0,0.0,0.0
252294465,0.0,0.0,0.0,0.0
252395314,0.0,0.0,0.0,0.0
252499192,0.0,0.0,0.0,0.0
252599198,0.0,0.0,0.0,0.0
252699207,0.0,0.0,0.0,0.0
252799933,0.0,0.0,0.0,0.0
252904144,0.0,0.0,0.0,0.0
253004019,0.0,0.0,0.0,0.0
253108073,0.0,0.0,0.0,0.0
253208806,0.0,0.0,0.0,0.0
253308755,0.0,0.0,0.0,0.0
253408864,0.0,0.0,0.0,0.0
253512816,0.0,0.0,0.0,0.0
253613626,0.0,0.0,0.0,0.0
253713561,0.0,0.0,0.0,0.0
253817656,0.0,0.0,0.0,0.0
253917588,0.0,0.0,0.0,0.0
254018571,0.0,0.0,0.0,0.0
254122484,0.0,0.0,0.0,0.0
254222376,0.0,0.0,0.0,0.0
254322447,0.0,0.0,0.0,0.0
254427156,0.0,0.0,0.0,0.0
254531165,0.0,0.0,0.0,0.0
254631146,0.0,0.0,0.0,0.0
254735204,0.0,0.0,0.0,0.0
254835950,0.0,0.0,0.0,0.0
254936084,0.0,0.0,0.0,0.0
255040048,0.0,0.0,0.0,0.0
255139942,0.0,0.0,0.0,0.0
255240091,0.0,0.0,0.0,0.0
255340748,0.0,0.0,0.0,0.0
255444731,0.0,0.0,0.0,0.0
255544799,0.0,0.0,0.0,0.0
255645558,0.0,0.0,0.0,0.0
255749708,0.0,0.0,0.0,0.0
255849629,0.0,0.0,0.0,0.0
255953702,0.0,0.0,0.0,0.0
256053583,0.0,0.0,0.0,0.0
256154355,0.0,0.0,0.0,0.0
256254422,0.0,0.0,0.0,0.0
256358378,0.0,0.0,0.0,0.0
256459228,0.0,0.0,0.0,0.0
256559211,0.0,0.0,0.0,0.0
256663312,0.0,0.0,0.0,0.0
256763212,0.0,0.0,0.0,0.0
256867196,0.0,0.0,0.0,0.0
256968123,0.0,0.0,0.0,0.0
257068163,0.0,0.0,0.0,0.0
257168103,0.0,0.0,0.0,0.0
257271976,0.0,0.0,0.0,0.0
257372763,0.0,0.0,0.0,0.0
257472965,0.0,0.0,0.0,0.0
257576797,0.0,0.0,0.0,0.0
257676766,0.0,0.0,0.0,0.0
257777703,0.0,0.0,0.0,0.0
257881542,0.0,0.0,0.0,0.0
257985582,0.0,0.0,0.0,0.0
258085587,0.0,0.0,0.0,0.0
258186466,0.0,0.0,0.0,0.0
258290342,0.0,0.0,0.0,0.0
258390443,0.0,0.0,0.0,0.0
258494493,0.0,0.0,0.0,0.0
258595254,0.0,0.0,0.0,0.0
258695316,0.0,0.0,0.0,0.0
258795201,0.0,0.0,0.0,0.0
258899177,0.0,0.0,0.0,0.0
259000085,0.0,0.0,0.0,0.0
259100055,0.0,0.0,0.0,0.0
259204136,0.0,0.0,0.0,0.0
259303995,0.0,0.0,0.0,0.0
259404994,0.0,0.0,0.0,0.0
259508781,0.0,0.0,0.0,0.0
259608767,0.0,0.0,0.0,0.0
259708868,0.0,0.0,0.0,0.0
259813687,0.0,0.0,0.0,0.0
259917542,0.0,0.0,0.0,0.0
260017686,0.0,0.0,0.0,0.0
260121525,0.0,0.0,0.0,0.0
260221553,0.0,0.0,0.0,0.0
260322371,0.0,0.0,0.0,0.0
260426417,0.0,0.0,0.0,0.0
260526512,0.0,0.0,0.0,0.0
260627227,0.0,0.0,0.0,0.0
260727157,0.0,0.0,0.0,0.0
260831236,0.0,0.0,0.0,0.0
260931164,0.0,0.0,0.0,0.0
261031994,0.0,0.0,0.0,0.0
261135962,0.0,0.0,0.0,0.0
261236115,0.0,0.0,0.0,0.0
261339969,0.0,0.0,0.0,0.0
261440015,0.0,0.0,0.0,0.0
261540725,0.0,0.0,0.0,0.0
261640834,0.0,0.0,0.0,0.0
261744758,0.0,0.0,0.0,0.0
261844725,0.0,0.0,0.0,0.0
261945713,0.0,0.0,0.0,0.0
262049696,0.0,0.0,0.0,0.0
262149611,0.0,0.0,0.0,0.0
262253576,0.0,0.0,0.0,0.0
262354398,0.0,0.0,0.0,0.0
262454441,0.0,0.0,0.0,0.0
262554473,0.0,0.0,0.0,0.0
262658444,0.0,0.0,0.0,0.0
262763217,0.0,0.0,0.0,0.0
262863186,0.0,0.0,0.0,0.0
262967251,0.0,0.0,0.0,0.0
263067182,0.0,0.0,0.0,0.0
263168035,0.0,0.0,0.0,0.0
263272001,0.0,0.0,0.0,0.0
263372049,0.0,0.0,0.0,0.0
263472182,0.0,0.0,0.0,0.0
263572743,0.0,0.0,0.0,0.0
263676796,0.0,0.0,0.0,0.0
263776776,0.0,0.0,0.0,0.0
263880809,0.0,0.0,0.0,0.0
263985621,0.0,0.0,0.0,0.0
264085601,0.0,0.0,0.0,0.0
264185564,0.0,0.0,0.0,0.0
264289585,0.0,0.0,0.0,0.0
264389635,0.0,0.0,0.0,0.0
264490510,0.0,0.0,0.0,0.0
264594340,0.0,0.0,0.0,0.0
264694444,0.0,0.0,0.0,0.0
264794475,0.0,0.0,0.0,0.0
264899138,0.0,0.0,0.0,0.0
264999232,0.0,0.0,0.0,0.0
265099155,0.0,0.0,0.0,0.0
265203209,0.0,0.0,0.0,0.0
265303930,0.0,0.0,0.0,0.0
265404048,0.0,0.0,0.0,0.0
265508036,0.0,0.0,0.0,0.0
265608789,0.0,0.0,0.0,0.0
265708919,0.0,0.0,0.0,0.0
265812733,0.0,0.0,0.0,0.0
265916819,0.0,0.0,0.0,0.0
266017707,0.0,0.0,0.0,0.0
266117562,0.0,0.0,0.0,0.0
266221589,0.0,0.0,0.0,0.0
266321694,0.0,0.0,0.0,0.0
266425542,0.0,0.0,0.0,0.0
266526437,0.0,0.0,0.0,0.0
266626348,0.0,0.0,0.0,0.0
266726428,0.0,0.0,0.0,0.0
266830449,0.0,0.0,0.0,0.0
266931164,0.0,0.0,0.0,0.0
267031160,0.0,0.0,0.0,0.0
267135295,0.0,0.0,0.0,0.0
267239207,0.0,0.0,0.0,0.0
267339930,0.0,0.0,0.0,0.0
267443926,0.0,0.0,0.0,0.0
267543912,0.0,0.0,0.0,0.0
267644259,0.0,0.0,0.0,0.0
267744812,0.0,0.0,0.0,0.0
267848914,0.0,0.0,0.0,0.0
267948793,0.0,0.0,0.0,0.0
268052800,0.0,0.0,0.0,0.0
268153585,0.0,0.0,0.0,0.0
268253624,0.0,0.0,0.0,0.0
268357542,0.0,0.0,0.0,0.0
268461592,0.0,0.0,0.0,0.0
268561555,0.0,0.0,0.0,0.0
268662616,0.0,0.0,0.0,0.0
268766359,0.0,0.0,0.0,0.0
268866429,0.0,0.0,0.0,0.0
268966394,0.0,0.0,0.0,0.0
269071181,0.0,0.0,0.0,0.0
269171155,0.0,0.0,0.0,0.0
269271144,0.0,0.0,0.0,0.0
269376073,0.0,0.0,0.0,0.0
269475942,0.0,0.0,0.0,0.0
269576135,0.0,0.0,0.0,0.0
269679997,0.0,0.0,0.0,0.0
269783984,0.0,0.0,0.0,0.0
269884780,0.0,0.0,0.0,0.0
269984865,0.0,0.0,0.0,0.0
270088743,0.0,0.0,0.0,0.0
270188817,0.0,0.0,0.0,0.0
270289542,0.0,0.0,0.0,0.0
270393640,0.0,0.0,0.0,0.0
270493585,0.0,0.0,0.0,0.0
270597547,0.0,0.0,0.0,0.0
270698413,0.0,0.0,0.0,0.0
270798392,0.0,0.0,0.0,0.0
270898422,0.0,0.0,0.0,0.0
271002372,0.0,0.0,0.0,0.0
271103136,0.0,0.0,0.0,0.0
271203175,0.0,0.0,0.0,0.0
271307192,0.0,0.0,0.0,0.0
271407215,0.0,0.0,0.0,0.0
271508335,0.0,0.0,0.0,0.0
271612043,0.0,0.0,0.0,0.0
271716042,0.0,0.0,0.0,0.0
271816107,0.0,0.0,0.0,0.0
271916766,0.0,0.0,0.0,0.0
272021011,0.0,0.0,0.0,0.0
272120765,0.0,0.0,0.0,0.0
272224837,0.0,0.0,0.0,0.0
272324767,0.0,0.0,0.0,0.0
272425571,0.0,0.0,0.0,0.0
272529525,0.0,0.0,0.0,0.0
272629566,0.0,0.0,0.0,0.0
272729702,0.0,0.0,0.0,0.0
272830355,0.0,0.0,0.0,0.0
272934430,0.0,0.0,0.0,0.0
273034371,0.0,0.0,0.0,0.0
273138412,0.0,0.0,0.0,0.0
273239200,0.0,0.0,0.0,0.0
273339136,0.0,0.0,0.0,0.0
273443191,0.0,0.0,0.0,0.0
273543177,0.0,0.0,0.0,0.0
273644086,0.0,0.0,0.0,0.0
273743974,0.0,0.0,0.0,0.0
273848133,0.0,0.0,0.0,0.0
273948032,0.0,0.0,0.0,0.0
274048936,0.0,0.0,0.0,0.0
274152742,0.0,0.0,0.0,0.0
274252754,0.0,0.0,0.0,0.0
274352766,0.0,0.0,0.0,0.0
274457614,0.0,0.0,0.0,0.0
274557699,0.0,0.0,0.0,0.0
274657542,0.0,0.0,0.0,0.0
274761563,0.0,0.0,0.0,0.0
274861554,0.0,0.0,0.0,0.0
274962703,0.0,0.0,0.0,0.0
275066375,0.0,0.0,0.0,0.0
275166486,0.0,0.0,0.0,0.0
275266384,0.0,0.0,0.0,0.0
275371260,0.0,0.0,0.0,0.0
275471194,0.0,0.0,0.0,0.0
275571140,0.0,0.0,0.0,0.0
275675984,0.0,0.0,0.0,0.0
275775974,0.0,0.0,0.0,0.0
275876245,0.0,0.0,0.0,0.0
275980038,0.0,0.0,0.0,0.0
276083970,0.0,0.0,0.0,0.0
276184755,0.0,0.0,0.0,0.0
276284823,0.0,0.0,0.0,0.0
276388776,0.0,0.0,0.0,0.0
276488771,0.0,0.0,0.0,0.0
276589524,0.0,0.0,0.0,0.0
276693569,0.0,0.0,0.0,0.0
276793594,0.0,0.0,0.0,0.0
276897549,0.0,0.0,0.0,0.0
276998396,0.0,0.0,0.0,0.0
277098423,0.0,0.0,0.0,0.0
277198437,0.0,0.0,0.0,0.0
277302367,0.0,0.0,0.0,0.0
277403116,0.0,0.0,0.0,0.0
277503156,0.0,0.0,0.0,0.0
277607178,0.0,0.0,0.0,0.0
277707225,0.0,0.0,0.0,0.0
277808221,0.0,0.0,0.0,0.0
277911952,0.0,0.0,0.0,0.0
278016044,0.0,0.0,0.0,0.0
278116152,0.0,0.0,0.0,0.0
278219986,0.0,0.0,0.0,0.0
278320882,0.0,0.0,0.0,0.0
278420848,0.0,0.0,0.0,0.0
278524746,0.0,0.0,0.0,0.0
278625669,0.0,0.0,0.0,0.0
278725575,0.0,0.0,0.0,0.0
278829529,0.0,0.0,0.0,0.0
278929577,0.0,0.0,0.0,0.0
279029706,0.0,0.0,0.0,0.0
279130399,0.0,0.0,0.0,0.0
279234394,0.0,0.0,0.0,0.0
279334326,0.0,0.0,0.0,0.0
279438437,0.0,0.0,0.0,0.0
279539182,0.0,0.0,0.0,0.0
279639309,0.0,0.0,0.0,0.0
279743222,0.0,0.0,0.0,0.0
279843156,0.0,0.0,0.0,0.0
279944072,0.0,0.0,0.0,0.0
280043974,0.0,0.0,0.0,0.0
280148054,0.0,0.0,0.0,0.0
280248004,0.0,0.0,0.0,0.0
280348904,0.0,0.0,0.0,0.0
280452754,0.0,0.0,0.0,0.0
280552830,0.0,0.0,0.0,0.0
280652766,0.0,0.0,0.0,0.0
280757620,0.0,0.0,0.0,0.0
280857606,0.0,0.0,0.0,0.0
280957571,0.0,0.0,0.0,0.0
281061550,0.0,0.0,0.0,0.0
281161645,0.0,0.0,0.0,0.0
281262641,0.0,0.0,0.0,0.0
281366310,0.0,0.0,0.0,0.0
281466463,0.0,0.0,0.0,0.0
281566362,0.0,0.0,0.0,0.0
281671200,0.0,0.0,0.0,0.0
281771201,0.0,0.0,0.0,0.0
281871136,0.0,0.0,0.0,0.0
281975284,0.0,0.0,0.0,0.0
282075972,0.0,0.0,0.0,0.0
282176240,0.0,0.0,0.0,0.0
282279972,0.0,0.0,0.0,0.0
282384015,0.0,0.0,0.0,0.0
282484813,0.0,0.0,0.0,0.0
282584871,0.0,0.0,0.0,0.0
282688769,0.0,0.0,0.0,0.0
282788846,0.0,0.0,0.0,0.0
282889586,0.0,0.0,0.0,0.0
282993560,0.0,0.0,0.0,0.0
283093556,0.0,0.0,0.0,0.0
283197542,0.0,0.0,0.0,0.0
283297598,0.0,0.0,0.0,0.0
283398416,0.0,0.0,0.0,0.0
283498368,0.0,0.0,0.0,0.0
283602378,0.0,0.0,0.0,0.0
283702430,0.0,0.0,0.0,0.0
283803256,0.0,0.0,0.0,0.0
283907186,0.0,0.0,0.0,0.0
284007266,0.0,0.0,0.0,0.0
284111264,0.0,0.0,0.0,0.0
284215990,0.0,0.0,0.0,0.0
284316117,0.0,0.0,0.0,0.0
284416176,0.0,0.0,0.0,0.0
284519925,0.0,0.0,0.0,0.0
284620845,0.0,0.0,0.0,0.0
284720771,0.0,0.0,0.0,0.0
284824857,0.0,0.0,0.0,0.0
284924726,0.0,0.0,0.0,0.0
285025549,0.0,0.0,0.0,0.0
285129555,0.0,0.0,0.0,0.0
285229577,0.0,0.0,0.0,0.0
285329631,0.0,0.0,0.0,0.0
285430326,0.0,0.0,0.0,0.0
285534572,0.0,0.0,0.0,0.0
285634407,0.0,0.0,0.0,0.0
285738483,0.0,0.0,0.0,0.0
285838442,0.0,0.0,0.0,0.0
285939226,0.0,0.0,0.0,0.0
286043163,0.0,0.0,0.0,0.0
286143161,0.0,0.0,0.0,0.0
286243239,0.0,0.0,0.0,0.0
286343938,0.0,0.0,0.0,0.0
286448183,0.0,0.0,0.0,0.0
286547931,0.0,0.0,0.0,0.0
286651990,0.0,0.0,0.0,0.0
286752764,0.0,0.0,0.0,0.0
286852794,0.0,0.0,0.0,0.0
286952829,0.0,0.0,0.0,0.0
287056755,0.0,0.0,0.0,0.0
287157602,0.0,0.0,0.0,0.0
287257568,0.0,0.0,0.0,0.0
287361582,0.0,0.0,0.0,0.0
287461526,0.0,0.0,0.0,0.0
287562583,0.0,0.0,0.0,0.0
287666403,0.0,0.0,0.0,0.0
287766494,0.0,0.0,0.0,0.0
287866377,0.0,0.0,0.0,0.0
287971202,0.0,0.0,0.0,0.0
288071252,0.0,0.0,0.0,0.0
288171201,0.0,0.0,0.0,0.0
288275250,0.0,0.0,0.0,0.0
288375943,0.0,0.0,0.0,0.0
288476213,0.0,0.0,0.0,0.0
288579968,0.0,0.0,0.0,0.0
288684011,0.0,0.0,0.0,0.0
288784113,0.0,0.0,0.0,0.0
288884835,0.0,0.0,0.0,0.0
288988821,0.0,0.0,0.0,0.0
289088788,0.0,0.0,0.0,0.0
289189696,0.0,0.0,0.0,0.0
289293580,0.0,0.0,0.0,0.0
289393554,0.0,0.0,0.0,0.0
289497593,0.0,0.0,0.0,0.0
289597618,0.0,0.0,0.0,0.0
289698446,0.0,0.0,0.0,0.0
289798372,0.0,0.0,0.0,0.0
289902416,0.0,0.0,0.0,0.0
290002375,0.0,0.0,0.0,0.0
290102373,0.0,0.0,0.0,0.0
290207166,0.0,0.0,0.0,0.0
290307296,0.0,0.0,0.0,0.0
290411147,0.0,0.0,0.0,0.0
290511154,0.0,0.0,0.0,0.0
290612050,0.0,0.0,0.0,0.0
290711926,0.0,0.0,0.0,0.0
290815997,0.0,0.0,0.0,0.0
290915942,0.0,0.0,0.0,0.0
291016930,0.0,0.0,0.0,0.0
291120758,0.0,0.0,0.0,0.0
291220824,0.0,0.0,0.0,0.0
291320791,0.0,0.0,0.0,0.0
291425658,0.0,0.0,0.0,0.0
291525552,0.0,0.0,0.0,0.0
291625569,0.0,0.0,0.0,0.0
291729528,0.0,0.0,0.0,0.0
291829526,0.0,0.0,0.0,0.0
291930651,0.0,0.0,0.0,0.0
292034458,0.0,0.0,0.0,0.0
292138452,0.0,0.0,0.0,0.0
292239141,0.0,0.0,0.0,0.0
292343211,0.0,0.0,0.0,0.0
292443153,0.0,0.0,0.0,0.0
292543198,0.0,0.0,0.0,0.0
292647178,0.0,0.0,0.0,0.0
292748085,0.0,0.0,0.0,0.0
292848051,0.0,0.0,0.0,0.0
292951945,0.0,0.0,0.0,0.0
293052014,0.0,0.0,0.0,0.0
293152129,0.0,0.0,0.0,0.0
293252799,0.0,0.0,0.0,0.0
293356846,0.0,0.0,0.0,0.0
293456763,0.0,0.0,0.0,0.0
293557542,0.0,0.0,0.0,0.0
293661581,0.0,0.0,0.0,0.0
293761525,0.0,0.0,0.0,0.0
293865584,0.0,0.0,0.0,0.0
293965611,0.0,0.0,0.0,0.0
294066426,0.0,0.0,0.0,0.0
294166372,0.0,0.0,0.0,0.0
294270380,0.0,0.0,0.0,0.0
294370402,0.0,0.0,0.0,0.0
294471190,0.0,0.0,0.0,0.0
294575290,0.0,0.0,0.0,0.0
294675229,0.0,0.0,0.0,0.0
294775259,0.0,0.0,0.0,0.0
294879993,0.0,0.0,0.0,0.0
294984119,0.0,0.0,0.0,0.0
295084209,0.0,0.0,0.0,0.0
295188000,0.0,0.0,0.0,0.0
295288754,0.0,0.0,0.0,0.0
295388825,0.0,0.0,0.0,0.0
295492771,0.0,0.0,0.0,0.0
295592828,0.0,0.0,0.0,0.0
295693577,0.0,0.0,0.0,0.0
295797711,0.0,0.0,0.0,0.0
295897643,0.0,0.0,0.0,0.0
295997658,0.0,0.0,0.0,0.0
296098539,0.0,0.0,0.0,0.0
296202375,0.0,0.0,0.0,0.0
296302371,0.0,0.0,0.0,0.0
296406324,0.0,0.0,0.0,0.0
296511164,0.0,0.0,0.0,0.0
296611238,0.0,0.0,0.0,0.0
296711211,0.0,0.0,0.0,0.0
296815277,0.0,0.0,0.0,0.0
296915235,0.0,0.0,0.0,0.0
297016224,0.0,0.0,0.0,0.0
297119908,0.0,0.0,0.0,0.0
297219949,0.0,0.0,0.0,0.0
297320052,0.0,0.0,0.0,0.0
297424860,0.0,0.0,0.0,0.0
297524791,0.0,0.0,0.0,0.0
297624986,0.0,0.0,0.0,0.0
297728822,0.0,0.0,0.0,0.0
297829592,0.0,0.0,0.0,0.0
297929582,0.0,0.0,0.0,0.0
298033533,0.0,0.0,0.0,0.0
298133550,0.0,0.0,0.0,0.0
298233704,0.0,0.0,0.0,0.0
298338494,0.0,0.0,0.0,0.0
298442388,0.0,0.0,0.0,0.0
298542421,0.0,0.0,0.0,0.0
298646384,0.0,0.0,0.0,0.0
298747211,0.0,0.0,0.0,0.0
298847159,0.0,0.0,0.0,0.0
298951152,0.0,0.0,0.0,0.0
299055251,0.0,0.0,0.0,0.0
299156051,0.0,0.0,0.0,0.0
299256278,0.0,0.0,0.0,0.0
299360004,0.0,0.0,0.0,0.0
299460001,0.0,0.0,0.0,0.0
299560726,0.0,0.0,0.0,0.0
299664773,0.0,0.0,0.0,0.0
299764779,0.0,0.0,0.0,0.0
299864888,0.0,0.0,0.0,0.0
299969690,0.0,0.0,0.0,0.0
300069578,0.0,0.0,0.0,0.0
300169570,0.0,0.0,0.0,0.0
300273550,0.0,0.0,0.0,0.0
300373591,0.0,0.0,0.0,0.0
300474413,0.0,0.0,0.0,0.0
300578462,0.0,0.0,0.0,0.0
300678375,0.0,0.0,0.0,0.0
300778543,0.0,0.0,0.0,0.0
300879151,0.0,0.0,0.0,0.0
300983158,0.0,0.0,0.0,0.0
301083124,0.0,0.0,0.0,0.0
301187346,0.0,0.0,0.0,0.0
301291962,0.0,0.0,0.0,0.0
301391953,0.0,0.0,0.0,0.0
301492049,0.0,0.0,0.0,0.0
301596064,0.0,0.0,0.0,0.0
301696090,0.0,0.0,0.0,0.0
301796927,0.0,0.0,0.0,0.0
301900805,0.0,0.0,0.0,0.0
302000755,0.0,0.0,0.0,0.0
302101681,0.0,0.0,0.0,0.0
302205542,0.0,0.0,0.0,0.0
302305642,0.0,0.0,0.0,0.0
302405695,0.0,0.0,0.0,0.0
302509592,0.0,0.0,0.0,0.0
302610419,0.0,0.0,0.0,0.0
302710654,0.0,0.0,0.0,0.0
302814461,0.0,0.0,0.0,0.0
302914307,0.0,0.0,0.0,0.0
303015262,0.0,0.0,0.0,0.0
303119169,0.0,0.0,0.0,0.0
303219296,0.0,0.0,0.0,0.0
303319210,0.0,0.0,0.0,0.0
303423966,0.0,0.0,0.0,0.0
303523999,0.0,0.0,0.0,0.0
303624085,0.0,0.0,0.0,0.0
303728165,0.0,0.0,0.0,0.0
303828746,0.0,0.0,0.0,0.0
303928765,0.0,0.0,0.0,0.0
304032807,0.0,0.0,0.0,0.0
304132847,0.0,0.0,0.0,0.0
304233605,0.0,0.0,0.0,0.0
304337618,0.0,0.0,0.0,0.0
304441524,0.0,0.0,0.0,0.0
304541542,0.0,0.0,0.0,0.0
304645621,0.0,0.0,0.0,0.0
304746405,0.0,0.0,0.0,0.0
304846444,0.0,0.0,0.0,0.0
304946385,0.0,0.0,0.0,0.0
305050527,0.0,0.0,0.0,0.0
305150474,0.0,0.0,0.0,0.0
305251208,0.0,0.0,0.0,0.0
305355220,0.0,0.0,0.0,0.0
305455269,0.0,0.0,0.0,0.0
305559181,0.0,0.0,0.0,0.0
305659968,0.0,0.0,0.0,0.0
305763974,0.0,0.0,0.0,0.0
305864138,0.0,0.0,0.0,0.0
305968098,0.0,0.0,0.0,0.0
306068892,0.0,0.0,0.0,0.0
306168797,0.0,0.0,0.0,0.0
306272801,0.0,0.0,0.0,0.0
306372726,0.0,0.0,0.0,0.0
306473526,0.0,0.0,0.0,0.0
306577567,0.0,0.0,0.0,0.0
306677571,0.0,0.0,0.0,0.0
306777675,0.0,0.0,0.0,0.0
306878418,0.0,0.0,0.0,0.0
306982451,0.0,0.0,0.0,0.0
307082372,0.0,0.0,0.0,0.0
307186406,0.0,0.0,0.0,0.0
307286342,0.0,0.0,0.0,0.0
307387233,0.0,0.0,0.0,0.0
307491167,0.0,0.0,0.0,0.0
307591203,0.0,0.0,0.0,0.0
307691198,0.0,0.0,0.0,0.0
307791965,0.0,0.0,0.0,0.0
307896054,0.0,0.0,0.0,0.0
307995971,0.0,0.0,0.0,0.0
308099950,0.0,0.0,0.0,0.0
308200745,0.0,0.0,0.0,0.0
308300824,0.0,0.0,0.0,0.0
308400753,0.0,0.0,0.0,0.0
308504813,0.0,0.0,0.0,0.0
308605608,0.0,0.0,0.0,0.0
308705649,0.0,0.0,0.0,0.0
308809647,0.0,0.0,0.0,0.0
308909525,0.0,0.0,0.0,0.0
309013568,0.0,0.0,0.0,0.0
309114385,0.0,0.0,0.0,0.0
309214378,0.0,0.0,0.0,0.0
309314451,0.0,0.0,0.0,0.0
309418512,0.0,0.0,0.0,0.0
309519266,0.0,0.0,0.0,0.0
309619228,0.0,0.0,0.0,0.0
309723145,0.0,0.0,0.0,0.0
309823136,0.0,0.0,0.0,0.0
309924162,0.0,0.0,0.0,0.0
310028060,0.0,0.0,0.0,0.0
310131957,0.0,0.0,0.0,0.0
310232114,0.0,0.0,0.0,0.0
310336066,0.0,0.0,0.0,0.0
310436747,0.0,0.0,0.0,0.0
310536764,0.0,0.0,0.0,0.0
310640811,0.0,0.0,0.0,0.0
310740769,0.0,0.0,0.0,0.0
310841524,0.0,0.0,0.0,0.0
310945583,0.0,0.0,0.0,0.0
311045602,0.0,0.0,0.0,0.0
311145748,0.0,0.0,0.0,0.0
311246424,0.0,0.0,0.0,0.0
311350448,0.0,0.0,0.0,0.0
311450391,0.0,0.0,0.0,0.0
311554381,0.0,0.0,0.0,0.0
311655279,0.0,0.0,0.0,0.0
311755270,0.0,0.0,0.0,0.0
311859210,0.0,0.0,0.0,0.0
311959187,0.0,0.0,0.0,0.0
312060080,0.0,0.0,0.0,0.0
312159974,0.0,0.0,0.0,0.0
312264081,0.0,0.0,0.0,0.0
312363974,0.0,0.0,0.0,0.0
312468002,0.0,0.0,0.0,0.0
312568015,0.0,0.0,0.0,0.0
312668814,0.0,0.0,0.0,0.0
312768837,0.0,0.0,0.0,0.0
312872780,0.0,0.0,0.0,0.0
312973556,0.0,0.0,0.0,0.0
313073544,0.0,0.0,0.0,0.0
313177627,0.0,0.0,0.0,0.0
313277545,0.0,0.0,0.0,0.0
313381567,0.0,0.0,0.0,0.0
313482558,0.0,0.0,0.0,0.0
313582581,0.0,0.0,0.0,0.0
313682403,0.0,0.0,0.0,0.0
313786444,0.0,0.0,0.0,0.0
313887190,0.0,0.0,0.0,0.0
313987354,0.0,0.0,0.0,0.0
314091219,0.0,0.0,0.0,0.0
314191215,0.0,0.0,0.0,0.0
314292188,0.0,0.0,0.0,0.0
314395996,0.0,0.0,0.0,0.0
314495940,0.0,0.0,0.0,0.0
314595982,0.0,0.0,0.0,0.0
314700045,0.0,0.0,0.0,0.0
314800799,0.0,0.0,0.0,0.0
314901039,0.0,0.0,0.0,0.0
315004736,0.0,0.0,0.0,0.0
315108802,0.0,0.0,0.0,0.0
315209526,0.0,0.0,0.0,0.0
315313691,0.0,0.0,0.0,0.0
315413562,0.0,0.0,0.0,0.0
315513770,0.0,0.0,0.0,0.0
315613595,0.0,0.0,0.0,0.0
315718423,0.0,0.0,0.0,0.0
315818413,0.0,0.0,0.0,0.0
315922326,0.0,0.0,0.0,0.0
316023171,0.0,0.0,0.0,0.0
316123134,0.0,0.0,0.0,0.0
316227216,0.0,0.0,0.0,0.0
316327198,0.0,0.0,0.0,0.0
316427246,0.0,0.0,0.0,0.0
316528084,0.0,0.0,0.0,0.0
316632016,0.0,0.0,0.0,0.0
316731993,0.0,0.0,0.0,0.0
316835942,0.0,0.0,0.0,0.0
316936855,0.0,0.0,0.0,0.0
317036768,0.0,0.0,0.0,0.0
317136804,0.0,0.0,0.0,0.0
317240850,0.0,0.0,0.0,0.0
317340741,0.0,0.0,0.0,0.0
317441677,0.0,0.0,0.0,0.0
317545683,0.0,0.0,0.0,0.0
317645602,0.0,0.0,0.0,0.0
317749551,0.0,0.0,0.0,0.0
317850388,0.0,0.0,0.0,0.0
317950366,0.0,0.0,0.0,0.0
318050416,0.0,0.0,0.0,0.0
318154457,0.0,0.0,0.0,0.0
318254448,0.0,0.0,0.0,0.0
318355218,0.0,0.0,0.0,0.0
318459154,0.0,0.0,0.0,0.0
318559175,0.0,0.0,0.0,0.0
318663157,0.0,0.0,0.0,0.0
318764056,0.0,0.0,0.0,0.0
318863954,0.0,0.0,0.0,0.0
318963975,0.0,0.0,0.0,0.0
319068294,0.0,0.0,0.0,0.0
319168823,0.0,0.0,0.0,0.0
319269016,0.0,0.0,0.0,0.0
319372734,0.0,0.0,0.0,0.0
319472731,0.0,0.0,0.0,0.0
319572748,0.0,0.0,0.0,0.0
319677717,0.0,0.0,0.0,0.0
319777570,0.0,0.0,0.0,0.0
319877546,0.0,0.0,0.0,0.0
319981587,0.0,0.0,0.0,0.0
320083228,0.0,0.0,0.0,0.0
320183259,0.0,0.0,0.0,0.0
320284182,0.0,0.0,0.0,0.0
320388106,0.0,0.0,0.0,0.0
320488036,0.0,0.0,0.0,0.0
320588070,0.0,0.0,0.0,0.0
320692023,0.0,0.0,0.0,0.0
320791955,0.0,0.0,0.0,0.0
320896051,0.0,0.0,0.0,0.0
320995942,0.0,0.0,0.0,0.0
321096077,0.0,0.0,0.0,0.0
321199955,0.0,0.0,0.0,0.0
321300120,0.0,0.0,0.0,0.0
321399979,0.0,0.0,0.0,0.0
321504833,0.0,0.0,0.0,0.0
321604814,0.0,0.0,0.0,0.0
321704948,0.0,0.0,0.0,0.0
321808742,0.0,0.0,0.0,0.0
321909526,0.0,0.0,0.0,0.0
322009641,0.0,0.0,0.0,0.0
322113515,0.0,0.0,0.0,0.0
322213748,0.0,0.0,0.0,0.0
322314356,0.0,0.0,0.0,0.0
322418448,0.0,0.0,0.0,0.0
322518377,0.0,0.0,0.0,0.0
322618580,0.0,0.0,0.0,0.0
322722369,0.0,0.0,0.0,0.0
322823148,0.0,0.0,0.0,0.0
322923176,0.0,0.0,0.0,0.0
323027294,0.0,0.0,0.0,0.0
323127201,0.0,0.0,0.0,0.0
323228056,0.0,0.0,0.0,0.0
323332010,0.0,0.0,0.0,0.0
323432041,0.0,0.0,0.0,0.0
323532120,0.0,0.0,0.0,0.0
323632816,0.0,0.0,0.0,0.0
323736787,0.0,0.0,0.0,0.0
323836909,0.0,0.0,0.0,0.0
323940748,0.0,0.0,0.0,0.0
324041721,0.0,0.0,0.0,0.0
324141565,0.0,0.0,0.0,0.0
324245573,0.0,0.0,0.0,0.0
324345576,0.0,0.0,0.0,0.0
324445609,0.0,0.0,0.0,0.0
324546370,0.0,0.0,0.0,0.0
324650327,0.0,0.0,0.0,0.0
324750371,0.0,0.0,0.0,0.0
324854397,0.0,0.0,0.0,0.0
324955379,0.0,0.0,0.0,0.0
325055364,0.0,0.0,0.0,0.0
325159156,0.0,0.0,0.0,0.0
325259155,0.0,0.0,0.0,0.0
325359235,0.0,0.0,0.0,0.0
325460044,0.0,0.0,0.0,0.0
325563945,0.0,0.0,0.0,0.0
325663987,0.0,0.0,0.0,0.0
325768085,0.0,0.0,0.0,0.0
325868000,0.0,0.0,0.0,0.0
325968815,0.0,0.0,0.0,0.0
326068815,0.0,0.0,0.0,0.0
326172810,0.0,0.0,0.0,0.0
326272793,0.0,0.0,0.0,0.0
326373580,0.0,0.0,0.0,0.0
326477632,0.0,0.0,0.0,0.0
326577672,0.0,0.0,0.0,0.0
326681526,0.0,0.0,0.0,0.0
326781542,0.0,0.0,0.0,0.0
326882325,0.0,0.0,0.0,0.0
326982423,0.0,0.0,0.0,0.0
327086366,0.0,0.0,0.0,0.0
327186376,0.0,0.0,0.0,0.0
327287483,0.0,0.0,0.0,0.0
327391239,0.0,0.0,0.0,0.0
327491233,0.0,0.0,0.0,0.0
327595198,0.0,0.0,0.0,0.0
327695986,0.0,0.0,0.0,0.0
327796085,0.0,0.0,0.0,0.0
327896097,0.0,0.0,0.0,0.0
327999951,0.0,0.0,0.0,0.0
328100734,0.0,0.0,0.0,0.0
328200997,0.0,0.0,0.0,0.0
328304811,0.0,0.0,0.0,0.0
328404746,0.0,0.0,0.0,0.0
328504726,0.0,0.0,0.0,0.0
328609568,0.0,0.0,0.0,0.0
328709555,0.0,0.0,0.0,0.0
328809532,0.0,0.0,0.0,0.0
328913615,0.0,0.0,0.0,0.0
329013681,0.0,0.0,0.0,0.0
329114580,0.0,0.0,0.0,0.0
329218405,0.0,0.0,0.0,0.0
329318456,0.0,0.0,0.0,0.0
329418453,0.0,0.0,0.0,0.0
329523191,0.0,0.0,0.0,0.0
329623258,0.0,0.0,0.0,0.0
329723162,0.0,0.0,0.0,0.0
329827280,0.0,0.0,0.0,0.0
329928069,0.0,0.0,0.0,0.0
330028201,0.0,0.0,0.0,0.0
330131933,0.0,0.0,0.0,0.0
330231984,0.0,0.0,0.0,0.0
330331992,0.0,0.0,0.0,0.0
330436775,0.0,0.0,0.0,0.0
330536816,0.0,0.0,0.0,0.0
330636925,0.0,0.0,0.0,0.0
330740821,0.0,0.0,0.0,0.0
330841566,0.0,0.0,0.0,0.0
330941586,0.0,0.0,0.0,0.0
331045574,0.0,0.0,0.0,0.0
331145603,0.0,0.0,0.0,0.0
331245693,0.0,0.0,0.0,0.0
331349628,0.0,0.0,0.0,0.0
331450410,0.0,0.0,0.0,0.0
331550649,0.0,0.0,0.0,0.0
331654385,0.0,0.0,0.0,0.0
331755280,0.0,0.0,0.0,0.0
331855236,0.0,0.0,0.0,0.0
331959175,0.0,0.0,0.0,0.0
332059152,0.0,0.0,0.0,0.0
332159915,0.0,0.0,0.0,0.0
332264051,0.0,0.0,0.0,0.0
332363997,0.0,0.0,0.0,0.0
332464120,0.0,0.0,0.0,0.0
332568148,0.0,0.0,0.0,0.0
332668077,0.0,0.0,0.0,0.0
332768874,0.0,0.0,0.0,0.0
332872726,0.0,0.0,0.0,0.0
332976780,0.0,0.0,0.0,0.0
333076782,0.0,0.0,0.0,0.0
333177712,0.0,0.0,0.0,0.0
333281614,0.0,0.0,0.0,0.0
333381649,0.0,0.0,0.0,0.0
333485557,0.0,0.0,0.0,0.0
333585558,0.0,0.0,0.0,0.0
333686342,0.0,0.0,0.0,0.0
333786487,0.0,0.0,0.0,0.0
333890337,0.0,0.0,0.0,0.0
333990354,0.0,0.0,0.0,0.0
334091214,0.0,0.0,0.0,0.0
334195257,0.0,0.0,0.0,0.0
334295246,0.0,0.0,0.0,0.0
334395228,0.0,0.0,0.0,0.0
334499945,0.0,0.0,0.0,0.0
334599956,0.0,0.0,0.0,0.0
334700070,0.0,0.0,0.0,0.0
334803946,0.0,0.0,0.0,0.0
334904080,0.0,0.0,0.0,0.0
335005168,0.0,0.0,0.0,0.0
335108859,0.0,0.0,0.0,0.0
335208758,0.0,0.0,0.0,0.0
335308745,0.0,0.0,0.0,0.0
335412772,0.0,0.0,0.0,0.0
335513570,0.0,0.0,0.0,0.0
335613649,0.0,0.0,0.0,0.0
335717617,0.0,0.0,0.0,0.0
335817598,0.0,0.0,0.0,0.0
335921541,0.0,0.0,0.0,0.0
336022432,0.0,0.0,0.0,0.0
336122341,0.0,0.0,0.0,0.0
336222354,0.0,0.0,0.0,0.0
336326348,0.0,0.0,0.0,0.0
336427276,0.0,0.0,0.0,0.0
336527178,0.0,0.0,0.0,0.0
336631246,0.0,0.0,0.0,0.0
336731261,0.0,0.0,0.0,0.0
336832113,0.0,0.0,0.0,0.0
336935941,0.0,0.0,0.0,0.0
337036079,0.0,0.0,0.0,0.0
337135967,0.0,0.0,0.0,0.0
337240051,0.0,0.0,0.0,0.0
337340808,0.0,0.0,0.0,0.0
337441136,0.0,0.0,0.0,0.0
337544816,0.0,0.0,0.0,0.0
337644806,0.0,0.0,0.0,0.0
337745727,0.0,0.0,0.0,0.0
337849552,0.0,0.0,0.0,0.0
337949591,0.0,0.0,0.0,0.0
338049673,0.0,0.0,0.0,0.0
338153632,0.0,0.0,0.0,0.0
338254453,0.0,0.0,0.0,0.0
338354623,0.0,0.0,0.0,0.0
338458348,0.0,0.0,0.0,0.0
338558374,0.0,0.0,0.0,0.0
338659162,0.0,0.0,0.0,0.0
338763173,0.0,0.0,0.0,0.0
338863276,0.0,0.0,0.0,0.0
338963165,0.0,0.0,0.0,0.0
339067243,0.0,0.0,0.0,0.0
339168296,0.0,0.0,0.0,0.0
339268326,0.0,0.0,0.0,0.0
339371925,0.0,0.0,0.0,0.0
339471959,0.0,0.0,0.0,0.0
339571990,0.0,0.0,0.0,0.0
339676815,0.0,0.0,0.0,0.0
339780766,0.0,0.0,0.0,0.0
339880769,0.0,0.0,0.0,0.0
339984729,0.0,0.0,0.0,0.0
340085539,0.0,0.0,0.0,0.0
340185644,0.0,0.0,0.0,0.0
340289541,0.0,0.0,0.0,0.0
340389622,0.0,0.0,0.0,0.0
340489756,0.0,0.0,0.0,0.0
340590351,0.0,0.0,0.0,0.0
340694363,0.0,0.0,0.0,0.0
340794359,0.0,0.0,0.0,0.0
340898449,0.0,0.0,0.0,0.0
340998395,0.0,0.0,0.0,0.0
341099195,0.0,0.0,0.0,0.0
341203137,0.0,0.0,0.0,0.0
341303242,0.0,0.0,0.0,0.0
341403926,0.0,0.0,0.0,0.0
341504041,0.0,0.0,0.0,0.0
341607942,0.0,0.0,0.0,0.0
341708110,0.0,0.0,0.0,0.0
341812014,0.0,0.0,0.0,0.0
341911914,0.0,0.0,0.0,0.0
342012859,0.0,0.0,0.0,0.0
342112718,0.0,0.0,0.0,0.0
342216808,0.0,0.0,0.0,0.0
342316786,0.0,0.0,0.0,0.0
342417583,0.0,0.0,0.0,0.0
342521692,0.0,0.0,0.0,0.0
342621643,0.0,0.0,0.0,0.0
342725548,0.0,0.0,0.0,0.0
342825543,0.0,0.0,0.0,0.0
342926359,0.0,0.0,0.0,0.0
343026343,0.0,0.0,0.0,0.0
343130372,0.0,0.0,0.0,0.0
343230369,0.0,0.0,0.0,0.0
343334425,0.0,0.0,0.0,0.0
343435284,0.0,0.0,0.0,0.0
343535244,0.0,0.0,0.0,0.0
343639143,0.0,0.0,0.0,0.0
343739137,0.0,0.0,0.0,0.0
343839959,0.0,0.0,0.0,0.0
343939962,0.0,0.0,0.0,0.0
344043965,0.0,0.0,0.0,0.0
344143950,0.0,0.0,0.0,0.0
344245103,0.0,0.0,0.0,0.0
344348930,0.0,0.0,0.0,0.0
344448724,0.0,0.0,0.0,0.0
344548758,0.0,0.0,0.0,0.0
344652768,0.0,0.0,0.0,0.0
344753765,0.0,0.0,0.0,0.0
344853584,0.0,0.0,0.0,0.0
344957709,0.0,0.0,0.0,0.0
345057614,0.0,0.0,0.0,0.0
345161551,0.0,0.0,0.0,0.0
345262505,0.0,0.0,0.0,0.0
345362326,0.0,0.0,0.0,0.0
345462346,0.0,0.0,0.0,0.0
345566375,0.0,0.0,0.0,0.0
345666431,0.0,0.0,0.0,0.0
345767225,0.0,0.0,0.0,0.0
345871270,0.0,0.0,0.0,0.0
345971196,0.0,0.0,0.0,0.0
346071166,0.0,0.0,0.0,0.0
346175942,0.0,0.0,0.0,0.0
346275942,0.0,0.0,0.0,0.0
346375999,0.0,0.0,0.0,0.0
346479932,0.0,0.0,0.0,0.0
346579984,0.0,0.0,0.0,0.0
346681034,0.0,0.0,0.0,0.0
346784845,0.0,0.0,0.0,0.0
346884745,0.0,0.0,0.0,0.0
346984729,0.0,0.0,0.0,0.0
347088858,0.0,0.0,0.0,0.0
347189564,0.0,0.0,0.0,0.0
347289706,0.0,0.0,0.0,0.0
347393608,0.0,0.0,0.0,0.0
347493638,0.0,0.0,0.0,0.0
347594547,0.0,0.0,0.0,0.0
347698520,0.0,0.0,0.0,0.0
347798371,0.0,0.0,0.0,0.0
347898376,0.0,0.0,0.0,0.0
348002438,0.0,0.0,0.0,0.0
348103191,0.0,0.0,0.0,0.0
348203477,0.0,0.0,0.0,0.0
348307264,0.0,0.0,0.0,0.0
348407283,0.0,0.0,0.0,0.0
348508205,0.0,0.0,0.0,0.0
348608797,0.0,0.0,0.0,0.0
348712727,0.0,0.0,0.0,0.0
348812747,0.0,0.0,0.0,0.0
348916742,0.0,0.0,0.0,0.0
349016771,0.0,0.0,0.0,0.0
349116966,0.0,0.0,0.0,0.0
349220892,0.0,0.0,0.0,0.0
349320859,0.0,0.0,0.0,0.0
349420708,0.0,0.0,0.0,0.0
349525606,0.0,0.0,0.0,0.0
349625578,0.0,0.0,0.0,0.0
349725696,0.0,0.0,0.0,0.0
349829615,0.0,0.0,0.0,0.0
349930326,0.0,0.0,0.0,0.0
350030646,0.0,0.0,0.0,0.0
350134340,0.0,0.0,0.0,0.0
350234342,0.0,0.0,0.0,0.0
350334326,0.0,0.0,0.0,0.0
350438416,0.0,0.0,0.0,0.0
350539187,0.0,0.0,0.0,0.0
350639211,0.0,0.0,0.0,0.0
350743298,0.0,0.0,0.0,0.0
350843181,0.0,0.0,0.0,0.0
350944145,0.0,0.0,0.0,0.0
351048006,0.0,0.0,0.0,0.0
351148047,0.0,0.0,0.0,0.0
351248185,0.0,0.0,0.0,0.0
351351959,0.0,0.0,0.0,0.0
351452726,0.0,0.0,0.0,0.0
351552906,0.0,0.0,0.0,0.0
351656855,0.0,0.0,0.0,0.0
351756742,0.0,0.0,0.0,0.0
351857633,0.0,0.0,0.0,0.0
351961527,0.0,0.0,0.0,0.0
352061556,0.0,0.0,0.0,0.0
352161586,0.0,0.0,0.0,0.0
352265675,0.0,0.0,0.0,0.0
352367240,0.0,0.0,0.0,0.0
352467273,0.0,0.0,0.0,0.0
352571167,0.0,0.0,0.0,0.0
352671210,0.0,0.0,0.0,0.0
352771973,0.0,0.0,0.0,0.0
352872723,0.0,0.0,0.0,0.0
352976788,0.0,0.0,0.0,0.0
353076816,0.0,0.0,0.0,0.0
353176939,0.0,0.0,0.0,0.0
353280760,0.0,0.0,0.0,0.0
353380780,0.0,0.0,0.0,0.0
353480772,0.0,0.0,0.0,0.0
353584740,0.0,0.0,0.0,0.0
353684745,0.0,0.0,0.0,0.0
353788724,0.0,0.0,0.0,0.0
353888740,0.0,0.0,0.0,0.0
353989024,0.0,0.0,0.0,0.0
354092825,0.0,0.0,0.0,0.0
354192850,0.0,0.0,0.0,0.0
354293614,0.0,0.0,0.0,0.0
354397565,0.0,0.0,0.0,0.0
354497623,0.0,0.0,0.0,0.0
354597657,0.0,0.0,0.0,0.0
354701542,0.0,0.0,0.0,0.0
354802416,0.0,0.0,0.0,0.0
354902553,0.0,0.0,0.0,0.0
355006381,0.0,0.0,0.0,0.0
355106349,0.0,0.0,0.0,0.0
355206350,0.0,0.0,0.0,0.0
355311253,0.0,0.0,0.0,0.0
355411184,0.0,0.0,0.0,0.0
355511164,0.0,0.0,0.0,0.0
355615346,0.0,0.0,0.0,0.0
355716060,0.0,0.0,0.0,0.0
355816247,0.0,0.0,0.0,0.0
355919942,0.0,0.0,0.0,0.0
356019926,0.0,0.0,0.0,0.0
356120052,0.0,0.0,0.0,0.0
356224719,0.0,0.0,0.0,0.0
356324806,0.0,0.0,0.0,0.0
356424959,0.0,0.0,0.0,0.0
356528841,0.0,0.0,0.0,0.0
356628768,0.0,0.0,0.0,0.0
356729571,0.0,0.0,0.0,0.0
356833646,0.0,0.0,0.0,0.0
356933658,0.0,0.0,0.0,0.0
357033596,0.0,0.0,0.0,0.0
357137681,0.0,0.0,0.0,0.0
357238513,0.0,0.0,0.0,0.0
357338651,0.0,0.0,0.0,0.0
357442368,0.0,0.0,0.0,0.0
357542343,0.0,0.0,0.0,0.0
357642326,0.0,0.0,0.0,0.0
357747215,0.0,0.0,0.0,0.0
357847200,0.0,0.0,0.0,0.0
357947461,0.0,0.0,0.0,0.0
358051300,0.0,0.0,0.0,0.0
358152004,0.0,0.0,0.0,0.0
358252352,0.0,0.0,0.0,0.0
358355942,0.0,0.0,0.0,0.0
358455961,0.0,0.0,0.0,0.0
358556062,0.0,0.0,0.0,0.0
358659962,0.0,0.0,0.0,0.0
358760822,0.0,0.0,0.0,0.0
358860970,0.0,0.0,0.0,0.0
358964890,0.0,0.0,0.0,0.0
359064729,0.0,0.0,0.0,0.0
359165633,0.0,0.0,0.0,0.0
359269648,0.0,0.0,0.0,0.0
359369659,0.0,0.0,0.0,0.0
359469556,0.0,0.0,0.0,0.0
359573683,0.0,0.0,0.0,0.0
359674410,0.0,0.0,0.0,0.0
359774539,0.0,0.0,0.0,0.0
359878485,0.0,0.0,0.0,0.0
359978439,0.0,0.0,0.0,0.0
360078372,0.0,0.0,0.0,0.0
360183192,0.0,0.0,0.0,0.0
360283198,0.0,0.0,0.0,0.0
360383434,0.0,0.0,0.0,0.0
360487263,0.0,0.0,0.0,0.0
360591933,0.0,0.0,0.0,0.0
360691966,0.0,0.0,0.0,0.0
360796040,0.0,0.0,0.0,0.0
360896002,0.0,0.0,0.0,0.0
360996181,0.0,0.0,0.0,0.0
361099978,0.0,0.0,0.0,0.0
361200841,0.0,0.0,0.0,0.0
361300781,0.0,0.0,0.0,0.0
361404752,0.0,0.0,0.0,0.0
361504765,0.0,0.0,0.0,0.0
361605602,0.0,0.0,0.0,0.0
361709545,0.0,0.0,0.0,0.0
361809597,0.0,0.0,0.0,0.0
361909681,0.0,0.0,0.0,0.0
362010336,0.0,0.0,0.0,0.0
362114362,0.0,0.0,0.0,0.0
362214371,0.0,0.0,0.0,0.0
362318397,0.0,0.0,0.0,0.0
362418397,0.0,0.0,0.0,0.0
362518660,0.0,0.0,0.0,0.0
362623156,0.0,0.0,0.0,0.0
362723150,0.0,0.0,0.0,0.0
362823238,0.0,0.0,0.0,0.0
362927285,0.0,0.0,0.0,0.0
363028153,0.0,0.0,0.0,0.0
363128059,0.0,0.0,0.0,0.0
363232011,0.0,0.0,0.0,0.0
363331970,0.0,0.0,0.0,0.0
363432444,0.0,0.0,0.0,0.0
363535963,0.0,0.0,0.0,0.0
363636822,0.0,0.0,0.0,0.0
363736772,0.0,0.0,0.0,0.0
363840849,0.0,0.0,0.0,0.0
363940757,0.0,0.0,0.0,0.0
364041577,0.0,0.0,0.0,0.0
364145680,0.0,0.0,0.0,0.0
364245542,0.0,0.0,0.0,0.0
364345735,0.0,0.0,0.0,0.0
364449569,0.0,0.0,0.0,0.0
364549628,0.0,0.0,0.0,0.0
364650353,0.0,0.0,0.0,0.0
364754445,0.0,0.0,0.0,0.0
364854395,0.0,0.0,0.0,0.0
364954565,0.0,0.0,0.0,0.0
365058387,0.0,0.0,0.0,0.0
365159210,0.0,0.0,0.0,0.0
365259184,0.0,0.0,0.0,0.0
365363267,0.0,0.0,0.0,0.0
365463249,0.0,0.0,0.0,0.0
365563937,0.0,0.0,0.0,0.0
365668110,0.0,0.0,0.0,0.0
365768125,0.0,0.0,0.0,0.0
365868301,0.0,0.0,0.0,0.0
365971951,0.0,0.0,0.0,0.0
366072775,0.0,0.0,0.0,0.0
366172902,0.0,0.0,0.0,0.0
366276745,0.0,0.0,0.0,0.0
366376797,0.0,0.0,0.0,0.0
366476988,0.0,0.0,0.0,0.0
366581557,0.0,0.0,0.0,0.0
366681532,0.0,0.0,0.0,0.0
366781607,0.0,0.0,0.0,0.0
366885586,0.0,0.0,0.0,0.0
366985703,0.0,0.0,0.0,0.0
367086504,0.0,0.0,0.0,0.0
367190405,0.0,0.0,0.0,0.0
367290415,0.0,0.0,0.0,0.0
367390763,0.0,0.0,0.0,0.0
367494366,0.0,0.0,0.0,0.0
367595189,0.0,0.0,0.0,0.0
367695223,0.0,0.0,0.0,0.0
367799250,0.0,0.0,0.0,0.0
367899140,0.0,0.0,0.0,0.0
368000007,0.0,0.0,0.0,0.0
368103979,0.0,0.0,0.0,0.0
368203994,0.0,0.0,0.0,0.0
368304117,0.0,0.0,0.0,0.0
368408138,0.0,0.0,0.0,0.0
368508800,0.0,0.0,0.0,0.0
368608786,0.0,0.0,0.0,0.0
368712827,0.0,0.0,0.0,0.0
368812750,0.0,0.0,0.0,0.0
368913062,0.0,0.0,0.0,0.0
369017562,0.0,0.0,0.0,0.0
369117568,0.0,0.0,0.0,0.0
369217615,0.0,0.0,0.0,0.0
369321586,0.0,0.0,0.0,0.0
369421673,0.0,0.0,0.0,0.0
369521618,0.0,0.0,0.0,0.0
369626509,0.0,0.0,0.0,0.0
369726440,0.0,0.0,0.0,0.0
369826696,0.0,0.0,0.0,0.0
369930325,0.0,0.0,0.0,0.0
370031153,0.0,0.0,0.0,0.0
370131192,0.0,0.0,0.0,0.0
370235299,0.0,0.0,0.0,0.0
370335306,0.0,0.0,0.0,0.0
370435212,0.0,0.0,0.0,0.0
370540015,0.0,0.0,0.0,0.0
370640037,0.0,0.0,0.0,0.0
370740160,0.0,0.0,0.0,0.0
370844065,0.0,0.0,0.0,0.0
370943990,0.0,0.0,0.0,0.0
371045583,0.0,0.0,0.0,0.0
371145655,0.0,0.0,0.0,0.0
371249658,0.0,0.0,0.0,0.0
371349580,0.0,0.0,0.0,0.0
371453541,0.0,0.0,0.0,0.0
371553542,0.0,0.0,0.0,0.0
371653637,0.0,0.0,0.0,0.0
371757593,0.0,0.0,0.0,0.0
371857652,0.0,0.0,0.0,0.0
371957557,0.0,0.0,0.0,0.0
372062429,0.0,0.0,0.0,0.0
372162399,0.0,0.0,0.0,0.0
372262639,0.0,0.0,0.0,0.0
372366343,0.0,0.0,0.0,0.0
372466388,0.0,0.0,0.0,0.0
372567198,0.0,0.0,0.0,0.0
372671157,0.0,0.0,0.0,0.0
372771177,0.0,0.0,0.0,0.0
372871140,0.0,0.0,0.0,0.0
372975317,0.0,0.0,0.0,0.0
373075972,0.0,0.0,0.0,0.0
373176252,0.0,0.0,0.0,0.0
373279970,0.0,0.0,0.0,0.0
373380106,0.0,0.0,0.0,0.0
373480037,0.0,0.0,0.0,0.0
373584714,0.0,0.0,0.0,0.0
373684782,0.0,0.0,0.0,0.0
373785067,0.0,0.0,0.0,0.0
373888758,0.0,0.0,0.0,0.0
373989600,0.0,0.0,0.0,0.0
374089579,0.0,0.0,0.0,0.0
374193559,0.0,0.0,0.0,0.0
374293556,0.0,0.0,0.0,0.0
374393557,0.0,0.0,0.0,0.0
374497603,0.0,0.0,0.0,0.0
374597670,0.0,0.0,0.0,0.0
374698542,0.0,0.0,0.0,0.0
374802362,0.0,0.0,0.0,0.0
374902351,0.0,0.0,0.0,0.0
375002472,0.0,0.0,0.0,0.0
375107132,0.0,0.0,0.0,0.0
375207206,0.0,0.0,0.0,0.0
375307393,0.0,0.0,0.0,0.0
375411201,0.0,0.0,0.0,0.0
375511308,0.0,0.0,0.0,0.0
375612075,0.0,0.0,0.0,0.0
375716086,0.0,0.0,0.0,0.0
375815993,0.0,0.0,0.0,0.0
375916046,0.0,0.0,0.0,0.0
376019990,0.0,0.0,0.0,0.0
376120847,0.0,0.0,0.0,0.0
376221014,0.0,0.0,0.0,0.0
376324726,0.0,0.0,0.0,0.0
376424758,0.0,0.0,0.0,0.0
376524726,0.0,0.0,0.0,0.0
376629598,0.0,0.0,0.0,0.0
376729562,0.0,0.0,0.0,0.0
376829545,0.0,0.0,0.0,0.0
376933594,0.0,0.0,0.0,0.0
377033559,0.0,0.0,0.0,0.0
377133598,0.0,0.0,0.0,0.0
377238344,0.0,0.0,0.0,0.0
377338474,0.0,0.0,0.0,0.0
377438495,0.0,0.0,0.0,0.0
377542401,0.0,0.0,0.0,0.0
377643251,0.0,0.0,0.0,0.0
377743426,0.0,0.0,0.0,0.0
377847217,0.0,0.0,0.0,0.0
377947156,0.0,0.0,0.0,0.0
378048256,0.0,0.0,0.0,0.0
378151967,0.0,0.0,0.0,0.0
378252126,0.0,0.0,0.0,0.0
378352018,0.0,0.0,0.0,0.0
378456022,0.0,0.0,0.0,0.0
378556791,0.0,0.0,0.0,0.0
378656993,0.0,0.0,0.0,0.0
378760733,0.0,0.0,0.0,0.0
378860733,0.0,0.0,0.0,0.0
378960752,0.0,0.0,0.0,0.0
379064755,0.0,0.0,0.0,0.0
379165588,0.0,0.0,0.0,0.0
379265565,0.0,0.0,0.0,0.0
379369638,0.0,0.0,0.0,0.0
379469572,0.0,0.0,0.0,0.0
379573622,0.0,0.0,0.0,0.0
379674423,0.0,0.0,0.0,0.0
379778414,0.0,0.0,0.0,0.0
379878600,0.0,0.0,0.0,0.0
379982391,0.0,0.0,0.0,0.0
380082413,0.0,0.0,0.0,0.0
380182394,0.0,0.0,0.0,0.0
380287179,0.0,0.0,0.0,0.0
380387154,0.0,0.0,0.0,0.0
380487202,0.0,0.0,0.0,0.0
380591161,0.0,0.0,0.0,0.0
380691221,0.0,0.0,0.0,0.0
380792173,0.0,0.0,0.0,0.0
380896066,0.0,0.0,0.0,0.0
380995957,0.0,0.0,0.0,0.0
381095958,0.0,0.0,0.0,0.0
381200862,0.0,0.0,0.0,0.0
381300798,0.0,0.0,0.0,0.0
381400935,0.0,0.0,0.0,0.0
381504747,0.0,0.0,0.0,0.0
381604830,0.0,0.0,0.0,0.0
381705738,0.0,0.0,0.0,0.0
381809578,0.0,0.0,0.0,0.0
